"time_period","time_identifier","version","geographic_level","country_code","country_name","school_type","subject","qualification_type","grade","number_achieving"
202122,"Academic year","Revised","National","E92000001","England","All Schools","Ancient History","GCSE","Total exam entries","1070"
202122,"Academic year","Revised","National","E92000001","England","All Schools","Ancient History","GCSE","9","146"
202122,"Academic year","Revised","National","E92000001","England","All Schools","Ancient History","GCSE","8","147"
202122,"Academic year","Revised","National","E92000001","England","All Schools","Ancient History","GCSE","7","174"
202122,"Academic year","Revised","National","E92000001","England","All Schools","Ancient History","GCSE","6","152"
202122,"Academic year","Revised","National","E92000001","England","All Schools","Ancient History","GCSE","5","119"
202122,"Academic year","Revised","National","E92000001","England","All Schools","Ancient History","GCSE","4","96"
202122,"Academic year","Revised","National","E92000001","England","All Schools","Ancient History","GCSE","3","62"
202122,"Academic year","Revised","National","E92000001","England","All Schools","Ancient History","GCSE","2","58"
202122,"Academic year","Revised","National","E92000001","England","All Schools","Ancient History","GCSE","1","41"
202122,"Academic year","Revised","National","E92000001","England","All Schools","Ancient History","GCSE","U","51"
202122,"Academic year","Revised","National","E92000001","England","All Schools","Ancient History","GCSE","X","6"
202122,"Academic year","Revised","National","E92000001","England","All Schools","Ancient History","GCSE","Covid impacted","18"
202122,"Academic year","Revised","National","E92000001","England","All Schools","Any classical study","GCSE","Total exam entries","13662"
202122,"Academic year","Revised","National","E92000001","England","All Schools","Any classical study","GCSE","9","4800"
202122,"Academic year","Revised","National","E92000001","England","All Schools","Any classical study","GCSE","8","2577"
202122,"Academic year","Revised","National","E92000001","England","All Schools","Any classical study","GCSE","7","1810"
202122,"Academic year","Revised","National","E92000001","England","All Schools","Any classical study","GCSE","6","1395"
202122,"Academic year","Revised","National","E92000001","England","All Schools","Any classical study","GCSE","5","896"
202122,"Academic year","Revised","National","E92000001","England","All Schools","Any classical study","GCSE","4","558"
202122,"Academic year","Revised","National","E92000001","England","All Schools","Any classical study","GCSE","3","321"
202122,"Academic year","Revised","National","E92000001","England","All Schools","Any classical study","GCSE","2","174"
202122,"Academic year","Revised","National","E92000001","England","All Schools","Any classical study","GCSE","1","91"
202122,"Academic year","Revised","National","E92000001","England","All Schools","Any classical study","GCSE","U","34"
202122,"Academic year","Revised","National","E92000001","England","All Schools","Any classical study","GCSE","X","37"
202122,"Academic year","Revised","National","E92000001","England","All Schools","Any classical study","GCSE","Covid impacted","969"
202122,"Academic year","Revised","National","E92000001","England","All Schools","Any design & technology","GCSE","Total exam entries","129579"
202122,"Academic year","Revised","National","E92000001","England","All Schools","Any design & technology","GCSE","9","8386"
202122,"Academic year","Revised","National","E92000001","England","All Schools","Any design & technology","GCSE","8","10736"
202122,"Academic year","Revised","National","E92000001","England","All Schools","Any design & technology","GCSE","7","13713"
202122,"Academic year","Revised","National","E92000001","England","All Schools","Any design & technology","GCSE","6","19937"
202122,"Academic year","Revised","National","E92000001","England","All Schools","Any design & technology","GCSE","5","20381"
202122,"Academic year","Revised","National","E92000001","England","All Schools","Any design & technology","GCSE","4","18504"
202122,"Academic year","Revised","National","E92000001","England","All Schools","Any design & technology","GCSE","3","17773"
202122,"Academic year","Revised","National","E92000001","England","All Schools","Any design & technology","GCSE","2","10889"
202122,"Academic year","Revised","National","E92000001","England","All Schools","Any design & technology","GCSE","1","5044"
202122,"Academic year","Revised","National","E92000001","England","All Schools","Any design & technology","GCSE","U","1875"
202122,"Academic year","Revised","National","E92000001","England","All Schools","Any design & technology","GCSE","X","546"
202122,"Academic year","Revised","National","E92000001","England","All Schools","Any design & technology","GCSE","Covid impacted","1795"
202122,"Academic year","Revised","National","E92000001","England","All Schools","Any modern language","GCSE","Total exam entries","304147"
202122,"Academic year","Revised","National","E92000001","England","All Schools","Any modern language","GCSE","9","32860"
202122,"Academic year","Revised","National","E92000001","England","All Schools","Any modern language","GCSE","8","29857"
202122,"Academic year","Revised","National","E92000001","England","All Schools","Any modern language","GCSE","7","36321"
202122,"Academic year","Revised","National","E92000001","England","All Schools","Any modern language","GCSE","6","27294"
202122,"Academic year","Revised","National","E92000001","England","All Schools","Any modern language","GCSE","5","75036"
202122,"Academic year","Revised","National","E92000001","England","All Schools","Any modern language","GCSE","4","30754"
202122,"Academic year","Revised","National","E92000001","England","All Schools","Any modern language","GCSE","3","35964"
202122,"Academic year","Revised","National","E92000001","England","All Schools","Any modern language","GCSE","2","15104"
202122,"Academic year","Revised","National","E92000001","England","All Schools","Any modern language","GCSE","1","5107"
202122,"Academic year","Revised","National","E92000001","England","All Schools","Any modern language","GCSE","U","3855"
202122,"Academic year","Revised","National","E92000001","England","All Schools","Any modern language","GCSE","X","1446"
202122,"Academic year","Revised","National","E92000001","England","All Schools","Any modern language","GCSE","Covid impacted","10549"
202122,"Academic year","Revised","National","E92000001","England","All Schools","Any science","GCSE","Total exam entries","1005022"
202122,"Academic year","Revised","National","E92000001","England","All Schools","Any science","GCSE","9","88935"
202122,"Academic year","Revised","National","E92000001","England","All Schools","Any science","GCSE","8","93268"
202122,"Academic year","Revised","National","E92000001","England","All Schools","Any science","GCSE","7","96563"
202122,"Academic year","Revised","National","E92000001","England","All Schools","Any science","GCSE","6","106473"
202122,"Academic year","Revised","National","E92000001","England","All Schools","Any science","GCSE","5","86418"
202122,"Academic year","Revised","National","E92000001","England","All Schools","Any science","GCSE","4","50428"
202122,"Academic year","Revised","National","E92000001","England","All Schools","Any science","GCSE","3","28013"
202122,"Academic year","Revised","National","E92000001","England","All Schools","Any science","GCSE","2","13933"
202122,"Academic year","Revised","National","E92000001","England","All Schools","Any science","GCSE","1","7158"
202122,"Academic year","Revised","National","E92000001","England","All Schools","Any science","GCSE","99","5546"
202122,"Academic year","Revised","National","E92000001","England","All Schools","Any science","GCSE","98","5003"
202122,"Academic year","Revised","National","E92000001","England","All Schools","Any science","GCSE","88","7807"
202122,"Academic year","Revised","National","E92000001","England","All Schools","Any science","GCSE","87","10699"
202122,"Academic year","Revised","National","E92000001","England","All Schools","Any science","GCSE","77","14485"
202122,"Academic year","Revised","National","E92000001","England","All Schools","Any science","GCSE","76","19609"
202122,"Academic year","Revised","National","E92000001","England","All Schools","Any science","GCSE","66","23088"
202122,"Academic year","Revised","National","E92000001","England","All Schools","Any science","GCSE","65","24819"
202122,"Academic year","Revised","National","E92000001","England","All Schools","Any science","GCSE","55","54116"
202122,"Academic year","Revised","National","E92000001","England","All Schools","Any science","GCSE","54","45972"
202122,"Academic year","Revised","National","E92000001","England","All Schools","Any science","GCSE","44","43709"
202122,"Academic year","Revised","National","E92000001","England","All Schools","Any science","GCSE","43","51854"
202122,"Academic year","Revised","National","E92000001","England","All Schools","Any science","GCSE","33","39666"
202122,"Academic year","Revised","National","E92000001","England","All Schools","Any science","GCSE","32","28094"
202122,"Academic year","Revised","National","E92000001","England","All Schools","Any science","GCSE","22","18737"
202122,"Academic year","Revised","National","E92000001","England","All Schools","Any science","GCSE","21","12210"
202122,"Academic year","Revised","National","E92000001","England","All Schools","Any science","GCSE","11","7372"
202122,"Academic year","Revised","National","E92000001","England","All Schools","Any science","GCSE","U","11124"
202122,"Academic year","Revised","National","E92000001","England","All Schools","Any science","GCSE","X","6048"
202122,"Academic year","Revised","National","E92000001","England","All Schools","Any science","GCSE","Covid impacted","3875"
202122,"Academic year","Revised","National","E92000001","England","All Schools","Any subject","GCSE","Total exam entries","628528"
202122,"Academic year","Revised","National","E92000001","England","All Schools","Any subject","GCSE","9","z"
202122,"Academic year","Revised","National","E92000001","England","All Schools","Any subject","GCSE","8","z"
202122,"Academic year","Revised","National","E92000001","England","All Schools","Any subject","GCSE","7","z"
202122,"Academic year","Revised","National","E92000001","England","All Schools","Any subject","GCSE","6","z"
202122,"Academic year","Revised","National","E92000001","England","All Schools","Any subject","GCSE","5","z"
202122,"Academic year","Revised","National","E92000001","England","All Schools","Any subject","GCSE","4","z"
202122,"Academic year","Revised","National","E92000001","England","All Schools","Any subject","GCSE","3","z"
202122,"Academic year","Revised","National","E92000001","England","All Schools","Any subject","GCSE","2","z"
202122,"Academic year","Revised","National","E92000001","England","All Schools","Any subject","GCSE","1","z"
202122,"Academic year","Revised","National","E92000001","England","All Schools","Any subject","GCSE","U","z"
202122,"Academic year","Revised","National","E92000001","England","All Schools","Any subject","GCSE","X","z"
202122,"Academic year","Revised","National","E92000001","England","All Schools","Any subject","GCSE","Covid impacted","z"
202122,"Academic year","Revised","National","E92000001","England","All Schools","Art and Design","GCSE","Total exam entries","190641"
202122,"Academic year","Revised","National","E92000001","England","All Schools","Art and Design","GCSE","9","12383"
202122,"Academic year","Revised","National","E92000001","England","All Schools","Art and Design","GCSE","8","16431"
202122,"Academic year","Revised","National","E92000001","England","All Schools","Art and Design","GCSE","7","24000"
202122,"Academic year","Revised","National","E92000001","England","All Schools","Art and Design","GCSE","6","36730"
202122,"Academic year","Revised","National","E92000001","England","All Schools","Art and Design","GCSE","5","34193"
202122,"Academic year","Revised","National","E92000001","England","All Schools","Art and Design","GCSE","4","28041"
202122,"Academic year","Revised","National","E92000001","England","All Schools","Art and Design","GCSE","3","20515"
202122,"Academic year","Revised","National","E92000001","England","All Schools","Art and Design","GCSE","2","9106"
202122,"Academic year","Revised","National","E92000001","England","All Schools","Art and Design","GCSE","1","3654"
202122,"Academic year","Revised","National","E92000001","England","All Schools","Art and Design","GCSE","U","745"
202122,"Academic year","Revised","National","E92000001","England","All Schools","Art and Design","GCSE","X","1084"
202122,"Academic year","Revised","National","E92000001","England","All Schools","Art and Design","GCSE","Covid impacted","3759"
202122,"Academic year","Revised","National","E92000001","England","All Schools","Biblical Hebrew","GCSE","Total exam entries","562"
202122,"Academic year","Revised","National","E92000001","England","All Schools","Biblical Hebrew","GCSE","9","10"
202122,"Academic year","Revised","National","E92000001","England","All Schools","Biblical Hebrew","GCSE","8","11"
202122,"Academic year","Revised","National","E92000001","England","All Schools","Biblical Hebrew","GCSE","7","20"
202122,"Academic year","Revised","National","E92000001","England","All Schools","Biblical Hebrew","GCSE","6","11"
202122,"Academic year","Revised","National","E92000001","England","All Schools","Biblical Hebrew","GCSE","5","4"
202122,"Academic year","Revised","National","E92000001","England","All Schools","Biblical Hebrew","GCSE","4","6"
202122,"Academic year","Revised","National","E92000001","England","All Schools","Biblical Hebrew","GCSE","3","4"
202122,"Academic year","Revised","National","E92000001","England","All Schools","Biblical Hebrew","GCSE","2","2"
202122,"Academic year","Revised","National","E92000001","England","All Schools","Biblical Hebrew","GCSE","1","3"
202122,"Academic year","Revised","National","E92000001","England","All Schools","Biblical Hebrew","GCSE","U","1"
202122,"Academic year","Revised","National","E92000001","England","All Schools","Biblical Hebrew","GCSE","X","3"
202122,"Academic year","Revised","National","E92000001","England","All Schools","Biblical Hebrew","GCSE","Covid impacted","487"
202122,"Academic year","Revised","National","E92000001","England","All Schools","Biology","GCSE","Total exam entries","169583"
202122,"Academic year","Revised","National","E92000001","England","All Schools","Biology","GCSE","9","28214"
202122,"Academic year","Revised","National","E92000001","England","All Schools","Biology","GCSE","8","27744"
202122,"Academic year","Revised","National","E92000001","England","All Schools","Biology","GCSE","7","30144"
202122,"Academic year","Revised","National","E92000001","England","All Schools","Biology","GCSE","6","32857"
202122,"Academic year","Revised","National","E92000001","England","All Schools","Biology","GCSE","5","24786"
202122,"Academic year","Revised","National","E92000001","England","All Schools","Biology","GCSE","4","12155"
202122,"Academic year","Revised","National","E92000001","England","All Schools","Biology","GCSE","3","6982"
202122,"Academic year","Revised","National","E92000001","England","All Schools","Biology","GCSE","2","3081"
202122,"Academic year","Revised","National","E92000001","England","All Schools","Biology","GCSE","1","1335"
202122,"Academic year","Revised","National","E92000001","England","All Schools","Biology","GCSE","U","655"
202122,"Academic year","Revised","National","E92000001","England","All Schools","Biology","GCSE","X","683"
202122,"Academic year","Revised","National","E92000001","England","All Schools","Biology","GCSE","Covid impacted","947"
202122,"Academic year","Revised","National","E92000001","England","All Schools","Business","GCSE","Total exam entries","99597"
202122,"Academic year","Revised","National","E92000001","England","All Schools","Business","GCSE","9","7340"
202122,"Academic year","Revised","National","E92000001","England","All Schools","Business","GCSE","8","9142"
202122,"Academic year","Revised","National","E92000001","England","All Schools","Business","GCSE","7","11757"
202122,"Academic year","Revised","National","E92000001","England","All Schools","Business","GCSE","6","16715"
202122,"Academic year","Revised","National","E92000001","England","All Schools","Business","GCSE","5","16185"
202122,"Academic year","Revised","National","E92000001","England","All Schools","Business","GCSE","4","12903"
202122,"Academic year","Revised","National","E92000001","England","All Schools","Business","GCSE","3","12079"
202122,"Academic year","Revised","National","E92000001","England","All Schools","Business","GCSE","2","7097"
202122,"Academic year","Revised","National","E92000001","England","All Schools","Business","GCSE","1","3829"
202122,"Academic year","Revised","National","E92000001","England","All Schools","Business","GCSE","U","1013"
202122,"Academic year","Revised","National","E92000001","England","All Schools","Business","GCSE","X","656"
202122,"Academic year","Revised","National","E92000001","England","All Schools","Business","GCSE","Covid impacted","881"
202122,"Academic year","Revised","National","E92000001","England","All Schools","Chemistry","GCSE","Total exam entries","165110"
202122,"Academic year","Revised","National","E92000001","England","All Schools","Chemistry","GCSE","9","26823"
202122,"Academic year","Revised","National","E92000001","England","All Schools","Chemistry","GCSE","8","27307"
202122,"Academic year","Revised","National","E92000001","England","All Schools","Chemistry","GCSE","7","28066"
202122,"Academic year","Revised","National","E92000001","England","All Schools","Chemistry","GCSE","6","29300"
202122,"Academic year","Revised","National","E92000001","England","All Schools","Chemistry","GCSE","5","25746"
202122,"Academic year","Revised","National","E92000001","England","All Schools","Chemistry","GCSE","4","15356"
202122,"Academic year","Revised","National","E92000001","England","All Schools","Chemistry","GCSE","3","6769"
202122,"Academic year","Revised","National","E92000001","England","All Schools","Chemistry","GCSE","2","2839"
202122,"Academic year","Revised","National","E92000001","England","All Schools","Chemistry","GCSE","1","1087"
202122,"Academic year","Revised","National","E92000001","England","All Schools","Chemistry","GCSE","U","547"
202122,"Academic year","Revised","National","E92000001","England","All Schools","Chemistry","GCSE","X","481"
202122,"Academic year","Revised","National","E92000001","England","All Schools","Chemistry","GCSE","Covid impacted","789"
202122,"Academic year","Revised","National","E92000001","England","All Schools","Classical Civilisation","GCSE","Total exam entries","3457"
202122,"Academic year","Revised","National","E92000001","England","All Schools","Classical Civilisation","GCSE","9","638"
202122,"Academic year","Revised","National","E92000001","England","All Schools","Classical Civilisation","GCSE","8","557"
202122,"Academic year","Revised","National","E92000001","England","All Schools","Classical Civilisation","GCSE","7","611"
202122,"Academic year","Revised","National","E92000001","England","All Schools","Classical Civilisation","GCSE","6","575"
202122,"Academic year","Revised","National","E92000001","England","All Schools","Classical Civilisation","GCSE","5","427"
202122,"Academic year","Revised","National","E92000001","England","All Schools","Classical Civilisation","GCSE","4","274"
202122,"Academic year","Revised","National","E92000001","England","All Schools","Classical Civilisation","GCSE","3","170"
202122,"Academic year","Revised","National","E92000001","England","All Schools","Classical Civilisation","GCSE","2","72"
202122,"Academic year","Revised","National","E92000001","England","All Schools","Classical Civilisation","GCSE","1","45"
202122,"Academic year","Revised","National","E92000001","England","All Schools","Classical Civilisation","GCSE","U","13"
202122,"Academic year","Revised","National","E92000001","England","All Schools","Classical Civilisation","GCSE","X","8"
202122,"Academic year","Revised","National","E92000001","England","All Schools","Classical Civilisation","GCSE","Covid impacted","67"
202122,"Academic year","Revised","National","E92000001","England","All Schools","Classical Greek","GCSE","Total exam entries","982"
202122,"Academic year","Revised","National","E92000001","England","All Schools","Classical Greek","GCSE","9","555"
202122,"Academic year","Revised","National","E92000001","England","All Schools","Classical Greek","GCSE","8","204"
202122,"Academic year","Revised","National","E92000001","England","All Schools","Classical Greek","GCSE","7","96"
202122,"Academic year","Revised","National","E92000001","England","All Schools","Classical Greek","GCSE","6","34"
202122,"Academic year","Revised","National","E92000001","England","All Schools","Classical Greek","GCSE","5","18"
202122,"Academic year","Revised","National","E92000001","England","All Schools","Classical Greek","GCSE","4","14"
202122,"Academic year","Revised","National","E92000001","England","All Schools","Classical Greek","GCSE","3","12"
202122,"Academic year","Revised","National","E92000001","England","All Schools","Classical Greek","GCSE","2","6"
202122,"Academic year","Revised","National","E92000001","England","All Schools","Classical Greek","GCSE","1","0"
202122,"Academic year","Revised","National","E92000001","England","All Schools","Classical Greek","GCSE","U","0"
202122,"Academic year","Revised","National","E92000001","England","All Schools","Classical Greek","GCSE","X","2"
202122,"Academic year","Revised","National","E92000001","England","All Schools","Classical Greek","GCSE","Covid impacted","41"
202122,"Academic year","Revised","National","E92000001","England","All Schools","Combined Science","GCSE","Total exam entries","424733"
202122,"Academic year","Revised","National","E92000001","England","All Schools","Combined Science","GCSE","9","0"
202122,"Academic year","Revised","National","E92000001","England","All Schools","Combined Science","GCSE","8","0"
202122,"Academic year","Revised","National","E92000001","England","All Schools","Combined Science","GCSE","7","0"
202122,"Academic year","Revised","National","E92000001","England","All Schools","Combined Science","GCSE","6","0"
202122,"Academic year","Revised","National","E92000001","England","All Schools","Combined Science","GCSE","5","0"
202122,"Academic year","Revised","National","E92000001","England","All Schools","Combined Science","GCSE","4","0"
202122,"Academic year","Revised","National","E92000001","England","All Schools","Combined Science","GCSE","3","0"
202122,"Academic year","Revised","National","E92000001","England","All Schools","Combined Science","GCSE","2","0"
202122,"Academic year","Revised","National","E92000001","England","All Schools","Combined Science","GCSE","1","0"
202122,"Academic year","Revised","National","E92000001","England","All Schools","Combined Science","GCSE","99","5546"
202122,"Academic year","Revised","National","E92000001","England","All Schools","Combined Science","GCSE","98","5003"
202122,"Academic year","Revised","National","E92000001","England","All Schools","Combined Science","GCSE","88","7807"
202122,"Academic year","Revised","National","E92000001","England","All Schools","Combined Science","GCSE","87","10699"
202122,"Academic year","Revised","National","E92000001","England","All Schools","Combined Science","GCSE","77","14485"
202122,"Academic year","Revised","National","E92000001","England","All Schools","Combined Science","GCSE","76","19609"
202122,"Academic year","Revised","National","E92000001","England","All Schools","Combined Science","GCSE","66","23088"
202122,"Academic year","Revised","National","E92000001","England","All Schools","Combined Science","GCSE","65","24819"
202122,"Academic year","Revised","National","E92000001","England","All Schools","Combined Science","GCSE","55","54116"
202122,"Academic year","Revised","National","E92000001","England","All Schools","Combined Science","GCSE","54","45972"
202122,"Academic year","Revised","National","E92000001","England","All Schools","Combined Science","GCSE","44","43709"
202122,"Academic year","Revised","National","E92000001","England","All Schools","Combined Science","GCSE","43","51854"
202122,"Academic year","Revised","National","E92000001","England","All Schools","Combined Science","GCSE","33","39666"
202122,"Academic year","Revised","National","E92000001","England","All Schools","Combined Science","GCSE","32","28094"
202122,"Academic year","Revised","National","E92000001","England","All Schools","Combined Science","GCSE","22","18737"
202122,"Academic year","Revised","National","E92000001","England","All Schools","Combined Science","GCSE","21","12210"
202122,"Academic year","Revised","National","E92000001","England","All Schools","Combined Science","GCSE","11","7372"
202122,"Academic year","Revised","National","E92000001","England","All Schools","Combined Science","GCSE","U","7701"
202122,"Academic year","Revised","National","E92000001","England","All Schools","Combined Science","GCSE","X","3977"
202122,"Academic year","Revised","National","E92000001","England","All Schools","Combined Science","GCSE","Covid impacted","269"
202122,"Academic year","Revised","National","E92000001","England","All Schools","Computer Science","GCSE","Total exam entries","78456"
202122,"Academic year","Revised","National","E92000001","England","All Schools","Computer Science","GCSE","9","7263"
202122,"Academic year","Revised","National","E92000001","England","All Schools","Computer Science","GCSE","8","9291"
202122,"Academic year","Revised","National","E92000001","England","All Schools","Computer Science","GCSE","7","9716"
202122,"Academic year","Revised","National","E92000001","England","All Schools","Computer Science","GCSE","6","11634"
202122,"Academic year","Revised","National","E92000001","England","All Schools","Computer Science","GCSE","5","10678"
202122,"Academic year","Revised","National","E92000001","England","All Schools","Computer Science","GCSE","4","9394"
202122,"Academic year","Revised","National","E92000001","England","All Schools","Computer Science","GCSE","3","7696"
202122,"Academic year","Revised","National","E92000001","England","All Schools","Computer Science","GCSE","2","5926"
202122,"Academic year","Revised","National","E92000001","England","All Schools","Computer Science","GCSE","1","3830"
202122,"Academic year","Revised","National","E92000001","England","All Schools","Computer Science","GCSE","U","1567"
202122,"Academic year","Revised","National","E92000001","England","All Schools","Computer Science","GCSE","X","335"
202122,"Academic year","Revised","National","E92000001","England","All Schools","Computer Science","GCSE","Covid impacted","1126"
202122,"Academic year","Revised","National","E92000001","England","All Schools","Dance","GCSE","Total exam entries","8275"
202122,"Academic year","Revised","National","E92000001","England","All Schools","Dance","GCSE","9","801"
202122,"Academic year","Revised","National","E92000001","England","All Schools","Dance","GCSE","8","922"
202122,"Academic year","Revised","National","E92000001","England","All Schools","Dance","GCSE","7","1091"
202122,"Academic year","Revised","National","E92000001","England","All Schools","Dance","GCSE","6","1315"
202122,"Academic year","Revised","National","E92000001","England","All Schools","Dance","GCSE","5","1233"
202122,"Academic year","Revised","National","E92000001","England","All Schools","Dance","GCSE","4","973"
202122,"Academic year","Revised","National","E92000001","England","All Schools","Dance","GCSE","3","826"
202122,"Academic year","Revised","National","E92000001","England","All Schools","Dance","GCSE","2","433"
202122,"Academic year","Revised","National","E92000001","England","All Schools","Dance","GCSE","1","164"
202122,"Academic year","Revised","National","E92000001","England","All Schools","Dance","GCSE","U","104"
202122,"Academic year","Revised","National","E92000001","England","All Schools","Dance","GCSE","X","35"
202122,"Academic year","Revised","National","E92000001","England","All Schools","Dance","GCSE","Covid impacted","378"
202122,"Academic year","Revised","National","E92000001","England","All Schools","Design & Technology","GCSE","Total exam entries","77950"
202122,"Academic year","Revised","National","E92000001","England","All Schools","Design & Technology","GCSE","9","5558"
202122,"Academic year","Revised","National","E92000001","England","All Schools","Design & Technology","GCSE","8","6812"
202122,"Academic year","Revised","National","E92000001","England","All Schools","Design & Technology","GCSE","7","8332"
202122,"Academic year","Revised","National","E92000001","England","All Schools","Design & Technology","GCSE","6","11725"
202122,"Academic year","Revised","National","E92000001","England","All Schools","Design & Technology","GCSE","5","11757"
202122,"Academic year","Revised","National","E92000001","England","All Schools","Design & Technology","GCSE","4","10673"
202122,"Academic year","Revised","National","E92000001","England","All Schools","Design & Technology","GCSE","3","9886"
202122,"Academic year","Revised","National","E92000001","England","All Schools","Design & Technology","GCSE","2","6853"
202122,"Academic year","Revised","National","E92000001","England","All Schools","Design & Technology","GCSE","1","3700"
202122,"Academic year","Revised","National","E92000001","England","All Schools","Design & Technology","GCSE","U","1373"
202122,"Academic year","Revised","National","E92000001","England","All Schools","Design & Technology","GCSE","X","277"
202122,"Academic year","Revised","National","E92000001","England","All Schools","Design & Technology","GCSE","Covid impacted","1004"
202122,"Academic year","Revised","National","E92000001","England","All Schools","Drama","GCSE","Total exam entries","53593"
202122,"Academic year","Revised","National","E92000001","England","All Schools","Drama","GCSE","9","5531"
202122,"Academic year","Revised","National","E92000001","England","All Schools","Drama","GCSE","8","6097"
202122,"Academic year","Revised","National","E92000001","England","All Schools","Drama","GCSE","7","6606"
202122,"Academic year","Revised","National","E92000001","England","All Schools","Drama","GCSE","6","10313"
202122,"Academic year","Revised","National","E92000001","England","All Schools","Drama","GCSE","5","8346"
202122,"Academic year","Revised","National","E92000001","England","All Schools","Drama","GCSE","4","5990"
202122,"Academic year","Revised","National","E92000001","England","All Schools","Drama","GCSE","3","5642"
202122,"Academic year","Revised","National","E92000001","England","All Schools","Drama","GCSE","2","2667"
202122,"Academic year","Revised","National","E92000001","England","All Schools","Drama","GCSE","1","1098"
202122,"Academic year","Revised","National","E92000001","England","All Schools","Drama","GCSE","U","553"
202122,"Academic year","Revised","National","E92000001","England","All Schools","Drama","GCSE","X","108"
202122,"Academic year","Revised","National","E92000001","England","All Schools","Drama","GCSE","Covid impacted","642"
202122,"Academic year","Revised","National","E92000001","England","All Schools","Economics","GCSE","Total exam entries","6699"
202122,"Academic year","Revised","National","E92000001","England","All Schools","Economics","GCSE","9","925"
202122,"Academic year","Revised","National","E92000001","England","All Schools","Economics","GCSE","8","971"
202122,"Academic year","Revised","National","E92000001","England","All Schools","Economics","GCSE","7","1035"
202122,"Academic year","Revised","National","E92000001","England","All Schools","Economics","GCSE","6","1196"
202122,"Academic year","Revised","National","E92000001","England","All Schools","Economics","GCSE","5","904"
202122,"Academic year","Revised","National","E92000001","England","All Schools","Economics","GCSE","4","696"
202122,"Academic year","Revised","National","E92000001","England","All Schools","Economics","GCSE","3","449"
202122,"Academic year","Revised","National","E92000001","England","All Schools","Economics","GCSE","2","223"
202122,"Academic year","Revised","National","E92000001","England","All Schools","Economics","GCSE","1","104"
202122,"Academic year","Revised","National","E92000001","England","All Schools","Economics","GCSE","U","30"
202122,"Academic year","Revised","National","E92000001","England","All Schools","Economics","GCSE","X","4"
202122,"Academic year","Revised","National","E92000001","England","All Schools","Economics","GCSE","Covid impacted","162"
202122,"Academic year","Revised","National","E92000001","England","All Schools","Engineering","GCSE","Total exam entries","2300"
202122,"Academic year","Revised","National","E92000001","England","All Schools","Engineering","GCSE","9","145"
202122,"Academic year","Revised","National","E92000001","England","All Schools","Engineering","GCSE","8","178"
202122,"Academic year","Revised","National","E92000001","England","All Schools","Engineering","GCSE","7","227"
202122,"Academic year","Revised","National","E92000001","England","All Schools","Engineering","GCSE","6","416"
202122,"Academic year","Revised","National","E92000001","England","All Schools","Engineering","GCSE","5","373"
202122,"Academic year","Revised","National","E92000001","England","All Schools","Engineering","GCSE","4","273"
202122,"Academic year","Revised","National","E92000001","England","All Schools","Engineering","GCSE","3","319"
202122,"Academic year","Revised","National","E92000001","England","All Schools","Engineering","GCSE","2","195"
202122,"Academic year","Revised","National","E92000001","England","All Schools","Engineering","GCSE","1","124"
202122,"Academic year","Revised","National","E92000001","England","All Schools","Engineering","GCSE","U","40"
202122,"Academic year","Revised","National","E92000001","England","All Schools","Engineering","GCSE","X","6"
202122,"Academic year","Revised","National","E92000001","England","All Schools","Engineering","GCSE","Covid impacted","4"
202122,"Academic year","Revised","National","E92000001","England","All Schools","English & mathematics","GCSE","Total exam entries","588915"
202122,"Academic year","Revised","National","E92000001","England","All Schools","English & mathematics","GCSE","9","z"
202122,"Academic year","Revised","National","E92000001","England","All Schools","English & mathematics","GCSE","8","z"
202122,"Academic year","Revised","National","E92000001","England","All Schools","English & mathematics","GCSE","7","z"
202122,"Academic year","Revised","National","E92000001","England","All Schools","English & mathematics","GCSE","6","z"
202122,"Academic year","Revised","National","E92000001","England","All Schools","English & mathematics","GCSE","5","z"
202122,"Academic year","Revised","National","E92000001","England","All Schools","English & mathematics","GCSE","4","z"
202122,"Academic year","Revised","National","E92000001","England","All Schools","English & mathematics","GCSE","3","z"
202122,"Academic year","Revised","National","E92000001","England","All Schools","English & mathematics","GCSE","2","z"
202122,"Academic year","Revised","National","E92000001","England","All Schools","English & mathematics","GCSE","1","z"
202122,"Academic year","Revised","National","E92000001","England","All Schools","English & mathematics","GCSE","U","z"
202122,"Academic year","Revised","National","E92000001","England","All Schools","English & mathematics","GCSE","X","z"
202122,"Academic year","Revised","National","E92000001","England","All Schools","English & mathematics","GCSE","Covid impacted","z"
202122,"Academic year","Revised","National","E92000001","England","All Schools","English Language","GCSE","Total exam entries","599479"
202122,"Academic year","Revised","National","E92000001","England","All Schools","English Language","GCSE","9","26117"
202122,"Academic year","Revised","National","E92000001","England","All Schools","English Language","GCSE","8","44699"
202122,"Academic year","Revised","National","E92000001","England","All Schools","English Language","GCSE","7","69324"
202122,"Academic year","Revised","National","E92000001","England","All Schools","English Language","GCSE","6","107269"
202122,"Academic year","Revised","National","E92000001","England","All Schools","English Language","GCSE","5","114710"
202122,"Academic year","Revised","National","E92000001","England","All Schools","English Language","GCSE","4","95624"
202122,"Academic year","Revised","National","E92000001","England","All Schools","English Language","GCSE","3","82689"
202122,"Academic year","Revised","National","E92000001","England","All Schools","English Language","GCSE","2","30855"
202122,"Academic year","Revised","National","E92000001","England","All Schools","English Language","GCSE","1","12733"
202122,"Academic year","Revised","National","E92000001","England","All Schools","English Language","GCSE","U","5216"
202122,"Academic year","Revised","National","E92000001","England","All Schools","English Language","GCSE","X","5234"
202122,"Academic year","Revised","National","E92000001","England","All Schools","English Language","GCSE","Covid impacted","5009"
202122,"Academic year","Revised","National","E92000001","England","All Schools","English Literature","GCSE","Total exam entries","583778"
202122,"Academic year","Revised","National","E92000001","England","All Schools","English Literature","GCSE","9","24762"
202122,"Academic year","Revised","National","E92000001","England","All Schools","English Literature","GCSE","8","42566"
202122,"Academic year","Revised","National","E92000001","England","All Schools","English Literature","GCSE","7","68292"
202122,"Academic year","Revised","National","E92000001","England","All Schools","English Literature","GCSE","6","104843"
202122,"Academic year","Revised","National","E92000001","England","All Schools","English Literature","GCSE","5","108602"
202122,"Academic year","Revised","National","E92000001","England","All Schools","English Literature","GCSE","4","86011"
202122,"Academic year","Revised","National","E92000001","England","All Schools","English Literature","GCSE","3","63184"
202122,"Academic year","Revised","National","E92000001","England","All Schools","English Literature","GCSE","2","33504"
202122,"Academic year","Revised","National","E92000001","England","All Schools","English Literature","GCSE","1","17774"
202122,"Academic year","Revised","National","E92000001","England","All Schools","English Literature","GCSE","U","9045"
202122,"Academic year","Revised","National","E92000001","England","All Schools","English Literature","GCSE","X","5146"
202122,"Academic year","Revised","National","E92000001","England","All Schools","English Literature","GCSE","Covid impacted","20049"
202122,"Academic year","Revised","National","E92000001","England","All Schools","English, mathematics & science","GCSE","Total exam entries","579240"
202122,"Academic year","Revised","National","E92000001","England","All Schools","English, mathematics & science","GCSE","9","z"
202122,"Academic year","Revised","National","E92000001","England","All Schools","English, mathematics & science","GCSE","8","z"
202122,"Academic year","Revised","National","E92000001","England","All Schools","English, mathematics & science","GCSE","7","z"
202122,"Academic year","Revised","National","E92000001","England","All Schools","English, mathematics & science","GCSE","6","z"
202122,"Academic year","Revised","National","E92000001","England","All Schools","English, mathematics & science","GCSE","5","z"
202122,"Academic year","Revised","National","E92000001","England","All Schools","English, mathematics & science","GCSE","4","z"
202122,"Academic year","Revised","National","E92000001","England","All Schools","English, mathematics & science","GCSE","3","z"
202122,"Academic year","Revised","National","E92000001","England","All Schools","English, mathematics & science","GCSE","2","z"
202122,"Academic year","Revised","National","E92000001","England","All Schools","English, mathematics & science","GCSE","1","z"
202122,"Academic year","Revised","National","E92000001","England","All Schools","English, mathematics & science","GCSE","U","z"
202122,"Academic year","Revised","National","E92000001","England","All Schools","English, mathematics & science","GCSE","X","z"
202122,"Academic year","Revised","National","E92000001","England","All Schools","English, mathematics & science","GCSE","Covid impacted","z"
202122,"Academic year","Revised","National","E92000001","England","All Schools","Film Studies","GCSE","Total exam entries","5350"
202122,"Academic year","Revised","National","E92000001","England","All Schools","Film Studies","GCSE","9","245"
202122,"Academic year","Revised","National","E92000001","England","All Schools","Film Studies","GCSE","8","403"
202122,"Academic year","Revised","National","E92000001","England","All Schools","Film Studies","GCSE","7","491"
202122,"Academic year","Revised","National","E92000001","England","All Schools","Film Studies","GCSE","6","863"
202122,"Academic year","Revised","National","E92000001","England","All Schools","Film Studies","GCSE","5","972"
202122,"Academic year","Revised","National","E92000001","England","All Schools","Film Studies","GCSE","4","679"
202122,"Academic year","Revised","National","E92000001","England","All Schools","Film Studies","GCSE","3","726"
202122,"Academic year","Revised","National","E92000001","England","All Schools","Film Studies","GCSE","2","461"
202122,"Academic year","Revised","National","E92000001","England","All Schools","Film Studies","GCSE","1","231"
202122,"Academic year","Revised","National","E92000001","England","All Schools","Film Studies","GCSE","U","118"
202122,"Academic year","Revised","National","E92000001","England","All Schools","Film Studies","GCSE","X","35"
202122,"Academic year","Revised","National","E92000001","England","All Schools","Film Studies","GCSE","Covid impacted","126"
202122,"Academic year","Revised","National","E92000001","England","All Schools","Food Preparation & Nutrition","GCSE","Total exam entries","51629"
202122,"Academic year","Revised","National","E92000001","England","All Schools","Food Preparation & Nutrition","GCSE","9","2828"
202122,"Academic year","Revised","National","E92000001","England","All Schools","Food Preparation & Nutrition","GCSE","8","3924"
202122,"Academic year","Revised","National","E92000001","England","All Schools","Food Preparation & Nutrition","GCSE","7","5381"
202122,"Academic year","Revised","National","E92000001","England","All Schools","Food Preparation & Nutrition","GCSE","6","8212"
202122,"Academic year","Revised","National","E92000001","England","All Schools","Food Preparation & Nutrition","GCSE","5","8624"
202122,"Academic year","Revised","National","E92000001","England","All Schools","Food Preparation & Nutrition","GCSE","4","7831"
202122,"Academic year","Revised","National","E92000001","England","All Schools","Food Preparation & Nutrition","GCSE","3","7887"
202122,"Academic year","Revised","National","E92000001","England","All Schools","Food Preparation & Nutrition","GCSE","2","4036"
202122,"Academic year","Revised","National","E92000001","England","All Schools","Food Preparation & Nutrition","GCSE","1","1344"
202122,"Academic year","Revised","National","E92000001","England","All Schools","Food Preparation & Nutrition","GCSE","U","502"
202122,"Academic year","Revised","National","E92000001","England","All Schools","Food Preparation & Nutrition","GCSE","X","269"
202122,"Academic year","Revised","National","E92000001","England","All Schools","Food Preparation & Nutrition","GCSE","Covid impacted","791"
202122,"Academic year","Revised","National","E92000001","England","All Schools","French","GCSE","Total exam entries","124797"
202122,"Academic year","Revised","National","E92000001","England","All Schools","French","GCSE","9","11751"
202122,"Academic year","Revised","National","E92000001","England","All Schools","French","GCSE","8","11411"
202122,"Academic year","Revised","National","E92000001","England","All Schools","French","GCSE","7","14468"
202122,"Academic year","Revised","National","E92000001","England","All Schools","French","GCSE","6","10886"
202122,"Academic year","Revised","National","E92000001","England","All Schools","French","GCSE","5","33714"
202122,"Academic year","Revised","National","E92000001","England","All Schools","French","GCSE","4","13192"
202122,"Academic year","Revised","National","E92000001","England","All Schools","French","GCSE","3","15867"
202122,"Academic year","Revised","National","E92000001","England","All Schools","French","GCSE","2","6758"
202122,"Academic year","Revised","National","E92000001","England","All Schools","French","GCSE","1","2430"
202122,"Academic year","Revised","National","E92000001","England","All Schools","French","GCSE","U","1730"
202122,"Academic year","Revised","National","E92000001","England","All Schools","French","GCSE","X","564"
202122,"Academic year","Revised","National","E92000001","England","All Schools","French","GCSE","Covid impacted","2026"
202122,"Academic year","Revised","National","E92000001","England","All Schools","Geography","GCSE","Total exam entries","277861"
202122,"Academic year","Revised","National","E92000001","England","All Schools","Geography","GCSE","9","21943"
202122,"Academic year","Revised","National","E92000001","England","All Schools","Geography","GCSE","8","27742"
202122,"Academic year","Revised","National","E92000001","England","All Schools","Geography","GCSE","7","34069"
202122,"Academic year","Revised","National","E92000001","England","All Schools","Geography","GCSE","6","40748"
202122,"Academic year","Revised","National","E92000001","England","All Schools","Geography","GCSE","5","39468"
202122,"Academic year","Revised","National","E92000001","England","All Schools","Geography","GCSE","4","34107"
202122,"Academic year","Revised","National","E92000001","England","All Schools","Geography","GCSE","3","35136"
202122,"Academic year","Revised","National","E92000001","England","All Schools","Geography","GCSE","2","23291"
202122,"Academic year","Revised","National","E92000001","England","All Schools","Geography","GCSE","1","13603"
202122,"Academic year","Revised","National","E92000001","England","All Schools","Geography","GCSE","U","4268"
202122,"Academic year","Revised","National","E92000001","England","All Schools","Geography","GCSE","X","2152"
202122,"Academic year","Revised","National","E92000001","England","All Schools","Geography","GCSE","Covid impacted","1334"
202122,"Academic year","Revised","National","E92000001","England","All Schools","German","GCSE","Total exam entries","35570"
202122,"Academic year","Revised","National","E92000001","England","All Schools","German","GCSE","9","3929"
202122,"Academic year","Revised","National","E92000001","England","All Schools","German","GCSE","8","3486"
202122,"Academic year","Revised","National","E92000001","England","All Schools","German","GCSE","7","4389"
202122,"Academic year","Revised","National","E92000001","England","All Schools","German","GCSE","6","4187"
202122,"Academic year","Revised","National","E92000001","England","All Schools","German","GCSE","5","8842"
202122,"Academic year","Revised","National","E92000001","England","All Schools","German","GCSE","4","4169"
202122,"Academic year","Revised","National","E92000001","England","All Schools","German","GCSE","3","3742"
202122,"Academic year","Revised","National","E92000001","England","All Schools","German","GCSE","2","1363"
202122,"Academic year","Revised","National","E92000001","England","All Schools","German","GCSE","1","503"
202122,"Academic year","Revised","National","E92000001","England","All Schools","German","GCSE","U","305"
202122,"Academic year","Revised","National","E92000001","England","All Schools","German","GCSE","X","126"
202122,"Academic year","Revised","National","E92000001","England","All Schools","German","GCSE","Covid impacted","529"
202122,"Academic year","Revised","National","E92000001","England","All Schools","History","GCSE","Total exam entries","277008"
202122,"Academic year","Revised","National","E92000001","England","All Schools","History","GCSE","9","21329"
202122,"Academic year","Revised","National","E92000001","England","All Schools","History","GCSE","8","26467"
202122,"Academic year","Revised","National","E92000001","England","All Schools","History","GCSE","7","33483"
202122,"Academic year","Revised","National","E92000001","England","All Schools","History","GCSE","6","40230"
202122,"Academic year","Revised","National","E92000001","England","All Schools","History","GCSE","5","38786"
202122,"Academic year","Revised","National","E92000001","England","All Schools","History","GCSE","4","33237"
202122,"Academic year","Revised","National","E92000001","England","All Schools","History","GCSE","3","34903"
202122,"Academic year","Revised","National","E92000001","England","All Schools","History","GCSE","2","23916"
202122,"Academic year","Revised","National","E92000001","England","All Schools","History","GCSE","1","14101"
202122,"Academic year","Revised","National","E92000001","England","All Schools","History","GCSE","U","6834"
202122,"Academic year","Revised","National","E92000001","England","All Schools","History","GCSE","X","2391"
202122,"Academic year","Revised","National","E92000001","England","All Schools","History","GCSE","Covid impacted","1331"
202122,"Academic year","Revised","National","E92000001","England","All Schools","Latin","GCSE","Total exam entries","8661"
202122,"Academic year","Revised","National","E92000001","England","All Schools","Latin","GCSE","9","3597"
202122,"Academic year","Revised","National","E92000001","England","All Schools","Latin","GCSE","8","1805"
202122,"Academic year","Revised","National","E92000001","England","All Schools","Latin","GCSE","7","1083"
202122,"Academic year","Revised","National","E92000001","England","All Schools","Latin","GCSE","6","775"
202122,"Academic year","Revised","National","E92000001","England","All Schools","Latin","GCSE","5","447"
202122,"Academic year","Revised","National","E92000001","England","All Schools","Latin","GCSE","4","264"
202122,"Academic year","Revised","National","E92000001","England","All Schools","Latin","GCSE","3","135"
202122,"Academic year","Revised","National","E92000001","England","All Schools","Latin","GCSE","2","94"
202122,"Academic year","Revised","National","E92000001","England","All Schools","Latin","GCSE","1","43"
202122,"Academic year","Revised","National","E92000001","England","All Schools","Latin","GCSE","U","20"
202122,"Academic year","Revised","National","E92000001","England","All Schools","Latin","GCSE","X","24"
202122,"Academic year","Revised","National","E92000001","England","All Schools","Latin","GCSE","Covid impacted","374"
202122,"Academic year","Revised","National","E92000001","England","All Schools","Mathematics","GCSE","Total exam entries","595004"
202122,"Academic year","Revised","National","E92000001","England","All Schools","Mathematics","GCSE","9","31857"
202122,"Academic year","Revised","National","E92000001","England","All Schools","Mathematics","GCSE","8","50627"
202122,"Academic year","Revised","National","E92000001","England","All Schools","Mathematics","GCSE","7","59772"
202122,"Academic year","Revised","National","E92000001","England","All Schools","Mathematics","GCSE","6","76195"
202122,"Academic year","Revised","National","E92000001","England","All Schools","Mathematics","GCSE","5","115926"
202122,"Academic year","Revised","National","E92000001","England","All Schools","Mathematics","GCSE","4","108656"
202122,"Academic year","Revised","National","E92000001","England","All Schools","Mathematics","GCSE","3","60635"
202122,"Academic year","Revised","National","E92000001","England","All Schools","Mathematics","GCSE","2","44949"
202122,"Academic year","Revised","National","E92000001","England","All Schools","Mathematics","GCSE","1","29981"
202122,"Academic year","Revised","National","E92000001","England","All Schools","Mathematics","GCSE","U","9496"
202122,"Academic year","Revised","National","E92000001","England","All Schools","Mathematics","GCSE","X","5238"
202122,"Academic year","Revised","National","E92000001","England","All Schools","Mathematics","GCSE","Covid impacted","1672"
202122,"Academic year","Revised","National","E92000001","England","All Schools","Mathematics & science","GCSE","Total exam entries","582534"
202122,"Academic year","Revised","National","E92000001","England","All Schools","Mathematics & science","GCSE","9","z"
202122,"Academic year","Revised","National","E92000001","England","All Schools","Mathematics & science","GCSE","8","z"
202122,"Academic year","Revised","National","E92000001","England","All Schools","Mathematics & science","GCSE","7","z"
202122,"Academic year","Revised","National","E92000001","England","All Schools","Mathematics & science","GCSE","6","z"
202122,"Academic year","Revised","National","E92000001","England","All Schools","Mathematics & science","GCSE","5","z"
202122,"Academic year","Revised","National","E92000001","England","All Schools","Mathematics & science","GCSE","4","z"
202122,"Academic year","Revised","National","E92000001","England","All Schools","Mathematics & science","GCSE","3","z"
202122,"Academic year","Revised","National","E92000001","England","All Schools","Mathematics & science","GCSE","2","z"
202122,"Academic year","Revised","National","E92000001","England","All Schools","Mathematics & science","GCSE","1","z"
202122,"Academic year","Revised","National","E92000001","England","All Schools","Mathematics & science","GCSE","U","z"
202122,"Academic year","Revised","National","E92000001","England","All Schools","Mathematics & science","GCSE","X","z"
202122,"Academic year","Revised","National","E92000001","England","All Schools","Mathematics & science","GCSE","Covid impacted","z"
202122,"Academic year","Revised","National","E92000001","England","All Schools","Media/Film/TV","GCSE","Total exam entries","25487"
202122,"Academic year","Revised","National","E92000001","England","All Schools","Media/Film/TV","GCSE","9","1350"
202122,"Academic year","Revised","National","E92000001","England","All Schools","Media/Film/TV","GCSE","8","2105"
202122,"Academic year","Revised","National","E92000001","England","All Schools","Media/Film/TV","GCSE","7","2727"
202122,"Academic year","Revised","National","E92000001","England","All Schools","Media/Film/TV","GCSE","6","4343"
202122,"Academic year","Revised","National","E92000001","England","All Schools","Media/Film/TV","GCSE","5","4439"
202122,"Academic year","Revised","National","E92000001","England","All Schools","Media/Film/TV","GCSE","4","3700"
202122,"Academic year","Revised","National","E92000001","England","All Schools","Media/Film/TV","GCSE","3","3198"
202122,"Academic year","Revised","National","E92000001","England","All Schools","Media/Film/TV","GCSE","2","1730"
202122,"Academic year","Revised","National","E92000001","England","All Schools","Media/Film/TV","GCSE","1","894"
202122,"Academic year","Revised","National","E92000001","England","All Schools","Media/Film/TV","GCSE","U","427"
202122,"Academic year","Revised","National","E92000001","England","All Schools","Media/Film/TV","GCSE","X","115"
202122,"Academic year","Revised","National","E92000001","England","All Schools","Media/Film/TV","GCSE","Covid impacted","459"
202122,"Academic year","Revised","National","E92000001","England","All Schools","Music","GCSE","Total exam entries","33894"
202122,"Academic year","Revised","National","E92000001","England","All Schools","Music","GCSE","9","5124"
202122,"Academic year","Revised","National","E92000001","England","All Schools","Music","GCSE","8","4695"
202122,"Academic year","Revised","National","E92000001","England","All Schools","Music","GCSE","7","4859"
202122,"Academic year","Revised","National","E92000001","England","All Schools","Music","GCSE","6","5427"
202122,"Academic year","Revised","National","E92000001","England","All Schools","Music","GCSE","5","4313"
202122,"Academic year","Revised","National","E92000001","England","All Schools","Music","GCSE","4","3160"
202122,"Academic year","Revised","National","E92000001","England","All Schools","Music","GCSE","3","3107"
202122,"Academic year","Revised","National","E92000001","England","All Schools","Music","GCSE","2","1481"
202122,"Academic year","Revised","National","E92000001","England","All Schools","Music","GCSE","1","690"
202122,"Academic year","Revised","National","E92000001","England","All Schools","Music","GCSE","U","446"
202122,"Academic year","Revised","National","E92000001","England","All Schools","Music","GCSE","X","92"
202122,"Academic year","Revised","National","E92000001","England","All Schools","Music","GCSE","Covid impacted","500"
202122,"Academic year","Revised","National","E92000001","England","All Schools","Other Modern Languages","GCSE","Total exam entries","29793"
202122,"Academic year","Revised","National","E92000001","England","All Schools","Other Modern Languages","GCSE","9","7934"
202122,"Academic year","Revised","National","E92000001","England","All Schools","Other Modern Languages","GCSE","8","4611"
202122,"Academic year","Revised","National","E92000001","England","All Schools","Other Modern Languages","GCSE","7","3009"
202122,"Academic year","Revised","National","E92000001","England","All Schools","Other Modern Languages","GCSE","6","1956"
202122,"Academic year","Revised","National","E92000001","England","All Schools","Other Modern Languages","GCSE","5","2719"
202122,"Academic year","Revised","National","E92000001","England","All Schools","Other Modern Languages","GCSE","4","1334"
202122,"Academic year","Revised","National","E92000001","England","All Schools","Other Modern Languages","GCSE","3","912"
202122,"Academic year","Revised","National","E92000001","England","All Schools","Other Modern Languages","GCSE","2","416"
202122,"Academic year","Revised","National","E92000001","England","All Schools","Other Modern Languages","GCSE","1","187"
202122,"Academic year","Revised","National","E92000001","England","All Schools","Other Modern Languages","GCSE","U","421"
202122,"Academic year","Revised","National","E92000001","England","All Schools","Other Modern Languages","GCSE","X","162"
202122,"Academic year","Revised","National","E92000001","England","All Schools","Other Modern Languages","GCSE","Covid impacted","6132"
202122,"Academic year","Revised","National","E92000001","England","All Schools","Other Sciences","GCSE","Total exam entries","2181"
202122,"Academic year","Revised","National","E92000001","England","All Schools","Other Sciences","GCSE","9","439"
202122,"Academic year","Revised","National","E92000001","England","All Schools","Other Sciences","GCSE","8","354"
202122,"Academic year","Revised","National","E92000001","England","All Schools","Other Sciences","GCSE","7","250"
202122,"Academic year","Revised","National","E92000001","England","All Schools","Other Sciences","GCSE","6","230"
202122,"Academic year","Revised","National","E92000001","England","All Schools","Other Sciences","GCSE","5","181"
202122,"Academic year","Revised","National","E92000001","England","All Schools","Other Sciences","GCSE","4","162"
202122,"Academic year","Revised","National","E92000001","England","All Schools","Other Sciences","GCSE","3","106"
202122,"Academic year","Revised","National","E92000001","England","All Schools","Other Sciences","GCSE","2","61"
202122,"Academic year","Revised","National","E92000001","England","All Schools","Other Sciences","GCSE","1","42"
202122,"Academic year","Revised","National","E92000001","England","All Schools","Other Sciences","GCSE","U","12"
202122,"Academic year","Revised","National","E92000001","England","All Schools","Other Sciences","GCSE","X","16"
202122,"Academic year","Revised","National","E92000001","England","All Schools","Other Sciences","GCSE","Covid impacted","328"
202122,"Academic year","Revised","National","E92000001","England","All Schools","Physical Education","GCSE","Total exam entries","70265"
202122,"Academic year","Revised","National","E92000001","England","All Schools","Physical Education","GCSE","9","7018"
202122,"Academic year","Revised","National","E92000001","England","All Schools","Physical Education","GCSE","8","7640"
202122,"Academic year","Revised","National","E92000001","England","All Schools","Physical Education","GCSE","7","9205"
202122,"Academic year","Revised","National","E92000001","England","All Schools","Physical Education","GCSE","6","13781"
202122,"Academic year","Revised","National","E92000001","England","All Schools","Physical Education","GCSE","5","11293"
202122,"Academic year","Revised","National","E92000001","England","All Schools","Physical Education","GCSE","4","8146"
202122,"Academic year","Revised","National","E92000001","England","All Schools","Physical Education","GCSE","3","8015"
202122,"Academic year","Revised","National","E92000001","England","All Schools","Physical Education","GCSE","2","3212"
202122,"Academic year","Revised","National","E92000001","England","All Schools","Physical Education","GCSE","1","993"
202122,"Academic year","Revised","National","E92000001","England","All Schools","Physical Education","GCSE","U","233"
202122,"Academic year","Revised","National","E92000001","England","All Schools","Physical Education","GCSE","X","54"
202122,"Academic year","Revised","National","E92000001","England","All Schools","Physical Education","GCSE","Covid impacted","675"
202122,"Academic year","Revised","National","E92000001","England","All Schools","Physics","GCSE","Total exam entries","164959"
202122,"Academic year","Revised","National","E92000001","England","All Schools","Physics","GCSE","9","26196"
202122,"Academic year","Revised","National","E92000001","England","All Schools","Physics","GCSE","8","28572"
202122,"Academic year","Revised","National","E92000001","England","All Schools","Physics","GCSE","7","28387"
202122,"Academic year","Revised","National","E92000001","England","All Schools","Physics","GCSE","6","32452"
202122,"Academic year","Revised","National","E92000001","England","All Schools","Physics","GCSE","5","25027"
202122,"Academic year","Revised","National","E92000001","England","All Schools","Physics","GCSE","4","13361"
202122,"Academic year","Revised","National","E92000001","England","All Schools","Physics","GCSE","3","6460"
202122,"Academic year","Revised","National","E92000001","England","All Schools","Physics","GCSE","2","2026"
202122,"Academic year","Revised","National","E92000001","England","All Schools","Physics","GCSE","1","864"
202122,"Academic year","Revised","National","E92000001","England","All Schools","Physics","GCSE","U","642"
202122,"Academic year","Revised","National","E92000001","England","All Schools","Physics","GCSE","X","556"
202122,"Academic year","Revised","National","E92000001","England","All Schools","Physics","GCSE","Covid impacted","416"
202122,"Academic year","Revised","National","E92000001","England","All Schools","Religious Studies","GCSE","Total exam entries","221435"
202122,"Academic year","Revised","National","E92000001","England","All Schools","Religious Studies","GCSE","9","20009"
202122,"Academic year","Revised","National","E92000001","England","All Schools","Religious Studies","GCSE","8","23887"
202122,"Academic year","Revised","National","E92000001","England","All Schools","Religious Studies","GCSE","7","26331"
202122,"Academic year","Revised","National","E92000001","England","All Schools","Religious Studies","GCSE","6","34680"
202122,"Academic year","Revised","National","E92000001","England","All Schools","Religious Studies","GCSE","5","28729"
202122,"Academic year","Revised","National","E92000001","England","All Schools","Religious Studies","GCSE","4","21527"
202122,"Academic year","Revised","National","E92000001","England","All Schools","Religious Studies","GCSE","3","22013"
202122,"Academic year","Revised","National","E92000001","England","All Schools","Religious Studies","GCSE","2","13597"
202122,"Academic year","Revised","National","E92000001","England","All Schools","Religious Studies","GCSE","1","7833"
202122,"Academic year","Revised","National","E92000001","England","All Schools","Religious Studies","GCSE","U","3098"
202122,"Academic year","Revised","National","E92000001","England","All Schools","Religious Studies","GCSE","X","1292"
202122,"Academic year","Revised","National","E92000001","England","All Schools","Religious Studies","GCSE","Covid impacted","18439"
202122,"Academic year","Revised","National","E92000001","England","All Schools","Social Studies","GCSE","Total exam entries","61222"
202122,"Academic year","Revised","National","E92000001","England","All Schools","Social Studies","GCSE","9","3810"
202122,"Academic year","Revised","National","E92000001","England","All Schools","Social Studies","GCSE","8","5124"
202122,"Academic year","Revised","National","E92000001","England","All Schools","Social Studies","GCSE","7","6121"
202122,"Academic year","Revised","National","E92000001","England","All Schools","Social Studies","GCSE","6","9515"
202122,"Academic year","Revised","National","E92000001","England","All Schools","Social Studies","GCSE","5","8801"
202122,"Academic year","Revised","National","E92000001","England","All Schools","Social Studies","GCSE","4","7212"
202122,"Academic year","Revised","National","E92000001","England","All Schools","Social Studies","GCSE","3","6803"
202122,"Academic year","Revised","National","E92000001","England","All Schools","Social Studies","GCSE","2","4566"
202122,"Academic year","Revised","National","E92000001","England","All Schools","Social Studies","GCSE","1","2847"
202122,"Academic year","Revised","National","E92000001","England","All Schools","Social Studies","GCSE","U","951"
202122,"Academic year","Revised","National","E92000001","England","All Schools","Social Studies","GCSE","X","704"
202122,"Academic year","Revised","National","E92000001","England","All Schools","Social Studies","GCSE","Covid impacted","4768"
202122,"Academic year","Revised","National","E92000001","England","All Schools","Spanish","GCSE","Total exam entries","113987"
202122,"Academic year","Revised","National","E92000001","England","All Schools","Spanish","GCSE","9","9246"
202122,"Academic year","Revised","National","E92000001","England","All Schools","Spanish","GCSE","8","10349"
202122,"Academic year","Revised","National","E92000001","England","All Schools","Spanish","GCSE","7","14455"
202122,"Academic year","Revised","National","E92000001","England","All Schools","Spanish","GCSE","6","10265"
202122,"Academic year","Revised","National","E92000001","England","All Schools","Spanish","GCSE","5","29761"
202122,"Academic year","Revised","National","E92000001","England","All Schools","Spanish","GCSE","4","12059"
202122,"Academic year","Revised","National","E92000001","England","All Schools","Spanish","GCSE","3","15443"
202122,"Academic year","Revised","National","E92000001","England","All Schools","Spanish","GCSE","2","6567"
202122,"Academic year","Revised","National","E92000001","England","All Schools","Spanish","GCSE","1","1987"
202122,"Academic year","Revised","National","E92000001","England","All Schools","Spanish","GCSE","U","1399"
202122,"Academic year","Revised","National","E92000001","England","All Schools","Spanish","GCSE","X","594"
202122,"Academic year","Revised","National","E92000001","England","All Schools","Spanish","GCSE","Covid impacted","1862"
202122,"Academic year","Revised","National","E92000001","England","All Schools","Statistics","GCSE","Total exam entries","19071"
202122,"Academic year","Revised","National","E92000001","England","All Schools","Statistics","GCSE","9","852"
202122,"Academic year","Revised","National","E92000001","England","All Schools","Statistics","GCSE","8","1245"
202122,"Academic year","Revised","National","E92000001","England","All Schools","Statistics","GCSE","7","1431"
202122,"Academic year","Revised","National","E92000001","England","All Schools","Statistics","GCSE","6","1618"
202122,"Academic year","Revised","National","E92000001","England","All Schools","Statistics","GCSE","5","2496"
202122,"Academic year","Revised","National","E92000001","England","All Schools","Statistics","GCSE","4","2018"
202122,"Academic year","Revised","National","E92000001","England","All Schools","Statistics","GCSE","3","1401"
202122,"Academic year","Revised","National","E92000001","England","All Schools","Statistics","GCSE","2","759"
202122,"Academic year","Revised","National","E92000001","England","All Schools","Statistics","GCSE","1","443"
202122,"Academic year","Revised","National","E92000001","England","All Schools","Statistics","GCSE","U","236"
202122,"Academic year","Revised","National","E92000001","England","All Schools","Statistics","GCSE","X","154"
202122,"Academic year","Revised","National","E92000001","England","All Schools","Statistics","GCSE","Covid impacted","6418"
