time_period,time_identifier,geographic_level,country_code,country_name,region_code,region_name,lad_name,lad_code,version,t_schools,t_pupils,t_att8,avg_att8,t_entbasics,pt_entbasics,t_l2basics_95,pt_l2basics_95,t_l2basics_94,pt_l2basics_94,t_ebacc_e_ptq_ee,pt_ebacc_e_ptq_ee,t_ebaccaps,avg_ebaccaps,t_ebacc_95,pt_ebacc_95,t_ebacc_94,pt_ebacc_94,t_inp8calc,t_p8score,avg_p8score,p8score_CI_low,p8score_CI_upp
202122,Academic year,National,E92000001,England,,,,,Revised,4014,584286,28570273.31,48.9,563381,96.4,292038,50,403405,69,226869,38.8,2503356.66,4.28,118955,20.4,157053,26.9,552930,-16411.302,-0.03,-0.03,-0.03
202122,Academic year,Regional,E92000001,England,E12000004,East Midlands,,,Revised,522,51291,2443283.5,47.6,49604,96.7,24293,47.4,34712,67.7,18164,35.4,213549.89,4.16,9468,18.5,12790,24.9,48948,-1382.446,-0.03,-0.04,-0.02
202122,Academic year,Regional,E92000001,England,E12000006,East of England,,,Revised,698,65289,3202105.38,49,63045,96.6,32590,49.9,45558,69.8,24929,38.2,280957.76,4.3,13409,20.5,17671,27.1,62170,-521.974,-0.01,-0.02,0
202122,Academic year,Regional,E92000001,England,E13000001,Inner London,,,Revised,517,28102,1464752.75,52.1,27158,96.6,15911,56.6,20713,73.7,16450,58.5,133195.52,4.74,7963,28.3,10572,37.6,25765,4899.878,0.19,0.17,0.21
202122,Academic year,Regional,E92000001,England,E12000001,North East,,,Revised,208,27802,1304826.5,46.9,26470,95.2,12798,46,18307,65.8,9469,34.1,112086.4,4.03,5070,18.2,6779,24.4,27002,-7309.713,-0.27,-0.29,-0.25
202122,Academic year,Regional,E92000001,England,E12000002,North West,,,Revised,612,81024,3823388.19,47.2,77915,96.2,37868,46.7,53610,66.2,28710,35.4,330948.6,4.08,13944,17.2,18876,23.3,77084,-12278.757,-0.16,-0.17,-0.15
202122,Academic year,Regional,E92000001,England,E13000002,Outer London,,,Revised,765,58784,3137789.35,53.4,56955,96.9,34424,58.6,44070,75,31964,54.4,283929.42,4.83,17211,29.3,22217,37.8,53558,13748.359,0.26,0.24,0.27
202122,Academic year,Regional,E92000001,England,E12000008,South East,,,Revised,915,92351,4614149.34,50,89026,96.4,47853,51.8,65293,70.7,35808,38.8,405637.95,4.39,20388,22.1,26116,28.3,87046,-2760.355,-0.03,-0.04,-0.02
202122,Academic year,Regional,E92000001,England,E12000009,South West,,,Revised,436,53994,2633779.63,48.8,52148,96.6,26603,49.3,37378,69.2,17242,31.9,228123.75,4.22,9451,17.5,12442,23,51460,-3352.81,-0.07,-0.08,-0.05
202122,Academic year,Regional,E92000001,England,E12000005,West Midlands,,,Revised,545,65783,3131790.92,47.6,63382,96.4,31034,47.2,43803,66.6,23345,35.5,270538.96,4.11,11385,17.3,15473,23.5,62347,-3493.961,-0.06,-0.07,-0.04
202122,Academic year,Regional,E92000001,England,E12000003,Yorkshire and The Humber,,,Revised,443,59866,2814407.75,47,57678,96.3,28664,47.9,39961,66.8,20788,34.7,244388.41,4.08,10666,17.8,14117,23.6,57550,-3959.523,-0.07,-0.08,-0.06
202122,Academic year,Local authority district,E92000001,England,E12000001,North East,Hartlepool,E06000001,Revised,20,1097,49561.75,45.2,1058,96.4,465,42.4,716,65.3,272,24.8,4198.64,3.83,154,14,199,18.1,1072,-456.016,-0.43,-0.51,-0.34
202122,Academic year,Local authority district,E92000001,England,E12000001,North East,Middlesbrough,E06000002,Revised,42,1755,77887.5,44.4,1672,95.3,720,41,1090,62.1,468,26.7,6558.69,3.74,240,13.7,329,18.7,1688,-608.854,-0.36,-0.43,-0.29
202122,Academic year,Local authority district,E92000001,England,E12000001,North East,Redcar and Cleveland,E06000003,Revised,34,1547,71654.75,46.3,1488,96.2,724,46.8,1060,68.5,543,35.1,6260.35,4.05,253,16.4,370,23.9,1521,-733.527,-0.48,-0.55,-0.41
202122,Academic year,Local authority district,E92000001,England,E12000001,North East,Stockton-on-Tees,E06000004,Revised,45,2279,112116.5,49.2,2184,95.8,1206,52.9,1631,71.6,924,40.5,9851.64,4.32,537,23.6,704,30.9,2239,-98.178,-0.04,-0.1,0.01
202122,Academic year,Local authority district,E92000001,England,E12000001,North East,Darlington,E06000005,Revised,32,1209,56611.5,46.8,1162,96.1,550,45.5,794,65.7,452,37.4,4845.11,4.01,202,16.7,302,25,1178,-329.109,-0.28,-0.36,-0.2
202122,Academic year,Local authority district,E92000001,England,E12000002,North West,Halton,E06000006,Revised,45,1606,74333.25,46.3,1554,96.8,711,44.3,1017,63.3,317,19.7,6139.21,3.82,146,9.1,215,13.4,1570,-217.226,-0.14,-0.21,-0.07
202122,Academic year,Local authority district,E92000001,England,E12000002,North West,Warrington,E06000007,Revised,41,2319,120327,51.9,2264,97.6,1283,55.3,1722,74.3,1007,43.4,10661.43,4.6,571,24.6,732,31.6,2236,0.223,0,-0.06,0.06
202122,Academic year,Local authority district,E92000001,England,E12000002,North West,Blackburn with Darwen,E06000008,Revised,50,2074,97175.5,46.9,2012,97,970,46.8,1402,67.6,936,45.1,8431.76,4.07,261,12.6,370,17.8,1946,-27.719,-0.01,-0.08,0.05
202122,Academic year,Local authority district,E92000001,England,E12000002,North West,Blackpool,E06000009,Revised,25,1389,54574.25,39.3,1307,94.1,452,32.5,754,54.3,278,20,4486.74,3.23,84,6,126,9.1,1346,-1055.175,-0.78,-0.86,-0.71
202122,Academic year,Local authority district,E92000001,England,E12000003,Yorkshire and The Humber,"Kingston upon Hull, City of",E06000010,Revised,31,2918,128095.5,43.9,2785,95.4,1181,40.5,1724,59.1,1183,40.5,11045.2,3.79,435,14.9,621,21.3,2805,-1279.897,-0.46,-0.51,-0.4
202122,Academic year,Local authority district,E92000001,England,E12000003,Yorkshire and The Humber,East Riding of Yorkshire,E06000011,Revised,65,3216,153674.5,47.8,3128,97.3,1572,48.9,2257,70.2,1071,33.3,13422.45,4.17,554,17.2,737,22.9,3140,-314.881,-0.1,-0.15,-0.05
202122,Academic year,Local authority district,E92000001,England,E12000003,Yorkshire and The Humber,North East Lincolnshire,E06000012,Revised,27,1827,79931.5,43.8,1752,95.9,720,39.4,1114,61,590,32.3,6980.64,3.82,291,15.9,411,22.5,1771,-660.418,-0.37,-0.44,-0.31
202122,Academic year,Local authority district,E92000001,England,E12000003,Yorkshire and The Humber,North Lincolnshire,E06000013,Revised,40,1886,88310.25,46.8,1830,97,857,45.4,1286,68.2,600,31.8,7548.18,4,311,16.5,431,22.9,1831,-87.091,-0.05,-0.11,0.02
202122,Academic year,Local authority district,E92000001,England,E12000003,Yorkshire and The Humber,York,E06000014,Revised,21,1790,94088.75,52.6,1749,97.7,994,55.5,1351,75.5,717,40.1,8289.39,4.63,426,23.8,547,30.6,1715,397.531,0.23,0.17,0.3
202122,Academic year,Local authority district,E92000001,England,E12000004,East Midlands,Derby,E06000015,Revised,42,2948,131889.25,44.7,2833,96.1,1230,41.7,1817,61.6,1102,37.4,11716.79,3.97,601,20.4,818,27.7,2791,-411.524,-0.15,-0.2,-0.1
202122,Academic year,Local authority district,E92000001,England,E12000004,East Midlands,Leicester,E06000016,Revised,56,4547,210717.75,46.3,4357,95.8,2048,45,2919,64.2,1784,39.2,18689.32,4.11,833,18.3,1139,25,4096,180.619,0.04,0,0.09
202122,Academic year,Local authority district,E92000001,England,E12000004,East Midlands,Rutland,E06000017,Revised,16,322,18105,56.2,314,97.5,207,64.3,260,80.7,147,45.7,1637.37,5.09,101,31.4,127,39.4,309,169.753,0.55,0.39,0.71
202122,Academic year,Local authority district,E92000001,England,E12000004,East Midlands,Nottingham,E06000018,Revised,62,3334,149981.5,45,3212,96.3,1405,42.1,2069,62.1,874,26.2,12845.02,3.85,429,12.9,574,17.2,3076,-618.272,-0.2,-0.25,-0.15
202122,Academic year,Local authority district,E92000001,England,E12000005,West Midlands,"Herefordshire, County of",E06000019,Revised,37,1684,78163.5,46.4,1611,95.7,765,45.4,1119,66.4,538,31.9,6858.89,4.07,291,17.3,399,23.7,1623,-362.438,-0.22,-0.29,-0.15
202122,Academic year,Local authority district,E92000001,England,E12000005,West Midlands,Telford and Wrekin,E06000020,Revised,31,2092,95089.5,45.5,2025,96.8,824,39.4,1258,60.1,667,31.9,8229.37,3.93,326,15.6,470,22.5,1989,-690.823,-0.35,-0.41,-0.29
202122,Academic year,Local authority district,E92000001,England,E12000005,West Midlands,Stoke-on-Trent,E06000021,Revised,49,2902,125834.52,43.4,2773,95.6,1091,37.6,1724,59.4,850,29.3,10453.64,3.6,310,10.7,480,16.5,2751,-797.915,-0.29,-0.34,-0.24
202122,Academic year,Local authority district,E92000001,England,E12000009,South West,Bath and North East Somerset,E06000022,Revised,38,1658,86903.25,52.4,1598,96.4,962,58,1240,74.8,711,42.9,7650.92,4.61,386,23.3,535,32.3,1572,300.784,0.19,0.12,0.26
202122,Academic year,Local authority district,E92000001,England,E12000009,South West,"Bristol, City of",E06000023,Revised,68,4082,194403,47.6,3883,95.1,1922,47.1,2696,66,1317,32.3,16784.56,4.11,664,16.3,899,22,3849,-349.981,-0.09,-0.14,-0.05
202122,Academic year,Local authority district,E92000001,England,E12000009,South West,North Somerset,E06000024,Revised,34,2212,107906.5,48.8,2134,96.5,1069,48.3,1532,69.3,695,31.4,9307.92,4.21,387,17.5,520,23.5,2079,-68.548,-0.03,-0.09,0.03
202122,Academic year,Local authority district,E92000001,England,E12000009,South West,South Gloucestershire,E06000025,Revised,66,2849,141313.5,49.6,2755,96.7,1476,51.8,2045,71.8,980,34.4,12208.97,4.29,529,18.6,679,23.8,2749,-50.705,-0.02,-0.07,0.03
202122,Academic year,Local authority district,E92000001,England,E12000009,South West,Plymouth,E06000026,Revised,34,2620,120715.75,46.1,2522,96.3,1130,43.1,1699,64.8,720,27.5,10260.49,3.92,374,14.3,519,19.8,2541,-655.458,-0.26,-0.31,-0.2
202122,Academic year,Local authority district,E92000001,England,E12000009,South West,Torbay,E06000027,Revised,25,1344,60691.75,45.2,1268,94.3,608,45.2,832,61.9,272,20.2,5062.45,3.77,151,11.2,192,14.3,1302,-455.303,-0.35,-0.43,-0.27
202122,Academic year,Local authority district,E92000001,England,E12000009,South West,Swindon,E06000030,Revised,37,2565,123337.63,48.1,2474,96.5,1267,49.4,1732,67.5,698,27.2,10654.59,4.15,395,15.4,519,20.2,2413,-158.221,-0.07,-0.12,-0.01
202122,Academic year,Local authority district,E92000001,England,E12000006,East of England,Peterborough,E06000031,Revised,38,2519,117591.25,46.7,2428,96.4,1107,43.9,1644,65.3,582,23.1,9920.59,3.94,345,13.7,446,17.7,2332,262.389,0.11,0.06,0.17
202122,Academic year,Local authority district,E92000001,England,E12000006,East of England,Luton,E06000032,Revised,61,2993,138268.5,46.2,2893,96.7,1390,46.4,1923,64.2,1086,36.3,12047.62,4.03,508,17,705,23.6,2737,124.875,0.05,-0.01,0.1
202122,Academic year,Local authority district,E92000001,England,E12000006,East of England,Southend-on-Sea,E06000033,Revised,44,1953,98718.5,50.5,1869,95.7,1050,53.8,1371,70.2,871,44.6,8648.92,4.43,484,24.8,620,31.7,1876,-139.711,-0.07,-0.14,-0.01
202122,Academic year,Local authority district,E92000001,England,E12000006,East of England,Thurrock,E06000034,Revised,97,2206,105450,47.8,2142,97.1,1078,48.9,1496,67.8,1026,46.5,9395.05,4.26,511,23.2,687,31.1,2091,-205.552,-0.1,-0.16,-0.04
202122,Academic year,Local authority district,E92000001,England,E12000008,South East,Medway,E06000035,Revised,79,3233,151060.26,46.7,3140,97.1,1456,45,2085,64.5,1080,33.4,13064.01,4.04,649,20.1,834,25.8,3123,-502.442,-0.16,-0.21,-0.11
202122,Academic year,Local authority district,E92000001,England,E12000008,South East,Bracknell Forest,E06000036,Revised,50,1281,61928.38,48.3,1230,96,600,46.8,864,67.4,311,24.3,5253.46,4.1,180,14.1,237,18.5,1214,-29.657,-0.02,-0.1,0.05
202122,Academic year,Local authority district,E92000001,England,E12000008,South East,West Berkshire,E06000037,Revised,37,1618,84956.75,52.5,1579,97.6,906,56,1209,74.7,739,45.7,7527.51,4.65,401,24.8,537,33.2,1532,354.973,0.23,0.16,0.3
202122,Academic year,Local authority district,E92000001,England,E12000008,South East,Reading,E06000038,Revised,46,1671,79844.01,47.8,1606,96.1,767,45.9,1064,63.7,616,36.9,7041.08,4.21,348,20.8,447,26.8,1504,-214.829,-0.14,-0.21,-0.07
202122,Academic year,Local authority district,E92000001,England,E12000008,South East,Slough,E06000039,Revised,67,2154,112799.75,52.4,2105,97.7,1241,57.6,1594,74,992,46.1,10050.09,4.67,535,24.8,684,31.8,1971,503.745,0.26,0.19,0.32
202122,Academic year,Local authority district,E92000001,England,E12000008,South East,Windsor and Maidenhead,E06000040,Revised,51,1491,82320.88,55.2,1450,97.3,913,61.2,1182,79.3,802,53.8,7503.67,5.03,475,31.9,601,40.3,1330,194.484,0.15,0.07,0.22
202122,Academic year,Local authority district,E92000001,England,E12000008,South East,Wokingham,E06000041,Revised,58,1967,114457.91,58.2,1912,97.2,1312,66.7,1632,83,1032,52.5,10396.36,5.29,674,34.3,846,43,1813,727.948,0.4,0.34,0.47
202122,Academic year,Local authority district,E92000001,England,E12000008,South East,Milton Keynes,E06000042,Revised,50,3472,168126.25,48.4,3350,96.5,1725,49.7,2379,68.5,1243,35.8,14635.08,4.22,602,17.3,791,22.8,3210,-383.529,-0.12,-0.17,-0.07
202122,Academic year,Local authority district,E92000001,England,E12000008,South East,Brighton and Hove,E06000043,Revised,33,2208,114289.25,51.8,2118,95.9,1254,56.8,1668,75.5,1207,54.7,10435.88,4.73,653,29.6,867,39.3,2073,174.852,0.08,0.02,0.14
202122,Academic year,Local authority district,E92000001,England,E12000008,South East,Portsmouth,E06000044,Revised,38,2007,86827.25,43.3,1908,95.1,816,40.7,1233,61.4,720,35.9,7526.88,3.75,261,13,407,20.3,1898,-674.663,-0.36,-0.42,-0.29
202122,Academic year,Local authority district,E92000001,England,E12000008,South East,Southampton,E06000045,Revised,41,2435,112381.25,46.2,2309,94.8,1034,42.5,1519,62.4,761,31.3,9651.74,3.96,408,16.8,532,21.8,2290,-499.996,-0.22,-0.28,-0.16
202122,Academic year,Local authority district,E92000001,England,E12000008,South East,Isle of Wight,E06000046,Revised,10,1240,54176.5,43.7,1181,95.2,493,39.8,756,61,481,38.8,4667.25,3.76,183,14.8,262,21.1,1204,-469.712,-0.39,-0.47,-0.31
202122,Academic year,Local authority district,E92000001,England,E12000001,North East,County Durham,E06000047,Revised,105,5380,256621.5,47.7,5146,95.7,2471,45.9,3532,65.7,1590,29.6,21600.85,4.02,935,17.4,1224,22.8,5248,-1032.222,-0.2,-0.23,-0.16
202122,Academic year,Local authority district,E92000001,England,E12000002,North West,Cheshire East,E06000049,Revised,87,3884,197059.25,50.7,3767,97,2033,52.3,2820,72.6,1293,33.3,16893.38,4.35,709,18.3,911,23.5,3704,44.351,0.01,-0.03,0.06
202122,Academic year,Local authority district,E92000001,England,E12000002,North West,Cheshire West and Chester,E06000050,Revised,79,3534,173163,49,3423,96.9,1712,48.4,2406,68.1,1528,43.2,15273.03,4.32,788,22.3,1050,29.7,3389,-285.131,-0.08,-0.13,-0.04
202122,Academic year,Local authority district,E92000001,England,E12000005,West Midlands,Shropshire,E06000051,Revised,77,2756,130379.25,47.3,2670,96.9,1254,45.5,1860,67.5,965,35,11397.61,4.14,448,16.3,625,22.7,2641,-755.001,-0.29,-0.34,-0.23
202122,Academic year,Local authority district,E92000001,England,E12000009,South West,Cornwall,E06000052,Revised,58,5580,263217.5,47.2,5402,96.8,2443,43.8,3663,65.6,1519,27.2,22363.47,4.01,729,13.1,990,17.7,5377,-740.872,-0.14,-0.18,-0.1
202122,Academic year,Local authority district,E92000001,England,E12000009,South West,Isles of Scilly,E06000053,Revised,1,15,787.5,52.5,14,93.3,10,66.7,13,86.7,4,26.7,67.01,4.47,2,13.3,3,20,14,6.836,0.49,-0.25,1.23
202122,Academic year,Local authority district,E92000001,England,E12000009,South West,Wiltshire,E06000054,Revised,91,4923,240753,48.9,4780,97.1,2354,47.8,3416,69.4,1642,33.4,21087.64,4.28,905,18.4,1194,24.3,4686,-216.605,-0.05,-0.09,-0.01
202122,Academic year,Local authority district,E92000001,England,E12000006,East of England,Bedford,E06000055,Revised,41,1930,90457,46.9,1866,96.7,883,45.8,1301,67.4,638,33.1,7797.34,4.04,290,15,396,20.5,1833,160.161,0.09,0.02,0.15
202122,Academic year,Local authority district,E92000001,England,E12000006,East of England,Central Bedfordshire,E06000056,Revised,87,3067,145438.5,47.4,2970,96.8,1404,45.8,2122,69.2,906,29.5,12464.29,4.06,422,13.8,568,18.5,2983,-313.503,-0.11,-0.16,-0.05
202122,Academic year,Local authority district,E92000001,England,E12000001,North East,Northumberland,E06000057,Revised,55,3119,145524.25,46.7,2994,96,1433,45.9,2073,66.5,820,26.3,12305.44,3.95,422,13.5,569,18.2,3018,-604.358,-0.2,-0.25,-0.15
202122,Academic year,Local authority district,E92000001,England,E12000009,South West,"Bournemouth, Christchurch and Poole",E06000058,Revised,40,3549,185028.5,52.1,3450,97.2,2057,58,2694,75.9,1384,39,16346.55,4.61,904,25.5,1110,31.3,3325,647.211,0.19,0.15,0.24
202122,Academic year,Local authority district,E92000001,England,E12000009,South West,Dorset,E06000059,Revised,62,3408,163418.25,48,3279,96.2,1567,46,2334,68.5,1264,37.1,14263.95,4.19,611,17.9,835,24.5,3271,-319.389,-0.1,-0.15,-0.05
202122,Academic year,Local authority district,E92000001,England,E12000008,South East,Buckinghamshire,E06000060,Revised,149,5924,321779.5,54.3,5719,96.5,3528,59.6,4544,76.7,2302,38.9,28208.45,4.76,1561,26.4,1872,31.6,5494,739.958,0.13,0.1,0.17
202122,Academic year,Local authority district,E92000001,England,E12000004,East Midlands,North Northamptonshire,E06000061,Revised,73,3998,185731.75,46.5,3838,96,1733,43.3,2589,64.8,1525,38.1,16305.43,4.08,680,17,995,24.9,3809,66.674,0.02,-0.03,0.06
202122,Academic year,Local authority district,E92000001,England,E12000004,East Midlands,West Northamptonshire,E06000062,Revised,78,4640,226130,48.7,4500,97,2299,49.5,3300,71.1,1789,38.6,19807.98,4.27,918,19.8,1250,26.9,4397,476.114,0.11,0.07,0.15
202122,Academic year,Local authority district,E92000001,England,E12000006,East of England,Cambridge,E07000008,Revised,28,848,46277.25,54.6,807,95.2,503,59.3,624,73.6,437,51.5,4263.65,5.03,304,35.8,367,43.3,769,363.388,0.47,0.37,0.57
202122,Academic year,Local authority district,E92000001,England,E12000006,East of England,East Cambridgeshire,E07000009,Revised,23,910,47691.5,52.4,885,97.3,502,55.2,696,76.5,293,32.2,4174.65,4.59,184,20.2,232,25.5,871,185.333,0.21,0.12,0.31
202122,Academic year,Local authority district,E92000001,England,E12000006,East of England,Fenland,E07000010,Revised,46,1032,41956.75,40.7,971,94.1,360,34.9,577,55.9,181,17.5,3481.89,3.37,84,8.1,114,11,992,-316.895,-0.32,-0.41,-0.23
202122,Academic year,Local authority district,E92000001,England,E12000006,East of England,Huntingdonshire,E07000011,Revised,49,1690,84023.5,49.7,1641,97.1,836,49.5,1195,70.7,723,42.8,7537.46,4.46,402,23.8,542,32.1,1641,334.387,0.2,0.14,0.27
202122,Academic year,Local authority district,E92000001,England,E12000006,East of England,South Cambridgeshire,E07000012,Revised,38,1683,96837.5,57.5,1649,98,1081,64.2,1352,80.3,949,56.4,8949.97,5.32,665,39.5,807,48,1597,697.467,0.44,0.37,0.51
202122,Academic year,Local authority district,E92000001,England,E12000002,North West,Allerdale,E07000026,Revised,23,997,46813.75,47,968,97.1,475,47.6,668,67,384,38.5,4131.27,4.14,201,20.2,285,28.6,967,-208.99,-0.22,-0.3,-0.13
202122,Academic year,Local authority district,E92000001,England,E12000002,North West,Barrow-in-Furness,E07000027,Revised,10,694,30531.75,44,668,96.3,255,36.7,424,61.1,98,14.1,2531.48,3.65,52,7.5,66,9.5,677,-311.511,-0.46,-0.57,-0.35
202122,Academic year,Local authority district,E92000001,England,E12000002,North West,Carlisle,E07000028,Revised,13,1120,51130,45.7,1083,96.7,463,41.3,706,63,362,32.3,4477.12,4,173,15.4,245,21.9,1087,-247.209,-0.23,-0.31,-0.14
202122,Academic year,Local authority district,E92000001,England,E12000002,North West,Copeland,E07000029,Revised,14,733,34296,46.8,714,97.4,322,43.9,480,65.5,217,29.6,2988.5,4.08,98,13.4,154,21,720,-206.076,-0.29,-0.39,-0.18
202122,Academic year,Local authority district,E92000001,England,E12000002,North West,Eden,E07000030,Revised,14,508,24826.25,48.9,492,96.9,269,53,368,72.4,204,40.2,2200.01,4.33,100,19.7,126,24.8,493,14.005,0.03,-0.1,0.15
202122,Academic year,Local authority district,E92000001,England,E12000002,North West,South Lakeland,E07000031,Revised,24,901,47304,52.5,879,97.6,507,56.3,681,75.6,278,30.9,4106.35,4.56,168,18.6,217,24.1,858,97.776,0.11,0.02,0.21
202122,Academic year,Local authority district,E92000001,England,E12000004,East Midlands,Amber Valley,E07000032,Revised,44,1268,60489,47.7,1224,96.5,599,47.2,848,66.9,463,36.5,5338.94,4.21,261,20.6,345,27.2,1235,-175.582,-0.14,-0.22,-0.06
202122,Academic year,Local authority district,E92000001,England,E12000004,East Midlands,Bolsover,E07000033,Revised,40,893,40261.5,45.1,865,96.9,395,44.2,573,64.2,251,28.1,3461.64,3.88,126,14.1,181,20.3,880,-202.355,-0.23,-0.32,-0.14
202122,Academic year,Local authority district,E92000001,England,E12000004,East Midlands,Chesterfield,E07000034,Revised,28,1005,46890,46.7,978,97.3,464,46.2,654,65.1,265,26.4,4056.99,4.04,168,16.7,207,20.6,981,-248.979,-0.25,-0.34,-0.17
202122,Academic year,Local authority district,E92000001,England,E12000004,East Midlands,Derbyshire Dales,E07000035,Revised,27,721,36821,51.1,712,98.8,395,54.8,532,73.8,220,30.5,3197,4.43,131,18.2,168,23.3,693,-6.311,-0.01,-0.11,0.1
202122,Academic year,Local authority district,E92000001,England,E12000004,East Midlands,Erewash,E07000036,Revised,41,1139,52761.75,46.3,1096,96.2,530,46.5,750,65.8,273,24,4546.59,3.99,145,12.7,211,18.5,1111,-217.821,-0.2,-0.28,-0.11
202122,Academic year,Local authority district,E92000001,England,E12000004,East Midlands,High Peak,E07000037,Revised,30,938,44094.25,47,900,95.9,419,44.7,627,66.8,210,22.4,3723.18,3.97,113,12,148,15.8,915,-81.915,-0.09,-0.18,0
202122,Academic year,Local authority district,E92000001,England,E12000004,East Midlands,North East Derbyshire,E07000038,Revised,38,987,47340.25,48,951,96.4,484,49,687,69.6,415,42,4177.64,4.23,204,20.7,293,29.7,959,-109.57,-0.11,-0.2,-0.03
202122,Academic year,Local authority district,E92000001,England,E12000004,East Midlands,South Derbyshire,E07000039,Revised,47,1176,55831,47.5,1137,96.7,587,49.9,821,69.8,275,23.4,4723.11,4.02,160,13.6,211,17.9,1139,-63.021,-0.06,-0.14,0.03
202122,Academic year,Local authority district,E92000001,England,E12000009,South West,East Devon,E07000040,Revised,31,1378,70401.75,51.1,1340,97.2,716,52,1008,73.1,444,32.2,6176.49,4.48,274,19.9,344,25,1300,-11.174,-0.01,-0.09,0.07
202122,Academic year,Local authority district,E92000001,England,E12000009,South West,Exeter,E07000041,Revised,25,1073,52905,49.3,1027,95.7,589,54.9,784,73.1,467,43.5,4785.83,4.46,255,23.8,321,29.9,1011,11.463,0.01,-0.08,0.1
202122,Academic year,Local authority district,E92000001,England,E12000009,South West,Mid Devon,E07000042,Revised,27,867,41682.5,48.1,844,97.3,450,51.9,619,71.4,220,25.4,3635.16,4.19,137,15.8,168,19.4,836,1.705,0,-0.09,0.1
202122,Academic year,Local authority district,E92000001,England,E12000009,South West,North Devon,E07000043,Revised,15,964,45377,47.1,933,96.8,447,46.4,632,65.6,335,34.8,3928.13,4.07,155,16.1,227,23.5,941,-242.164,-0.26,-0.35,-0.17
202122,Academic year,Local authority district,E92000001,England,E12000009,South West,South Hams,E07000044,Revised,42,839,43863,52.3,816,97.3,479,57.1,641,76.4,277,33,3826.03,4.56,170,20.3,221,26.3,785,-5.91,-0.01,-0.11,0.09
202122,Academic year,Local authority district,E92000001,England,E12000009,South West,Teignbridge,E07000045,Revised,34,1279,62566.75,48.9,1240,97,634,49.6,897,70.1,436,34.1,5494.81,4.3,242,18.9,333,26,1241,-219.105,-0.18,-0.25,-0.1
202122,Academic year,Local authority district,E92000001,England,E12000009,South West,Torridge,E07000046,Revised,18,636,29579.75,46.5,618,97.2,270,42.5,428,67.3,304,47.8,2632.16,4.14,114,17.9,170,26.7,615,-132.904,-0.22,-0.33,-0.1
202122,Academic year,Local authority district,E92000001,England,E12000009,South West,West Devon,E07000047,Revised,23,494,23767.25,48.1,482,97.6,237,48,339,68.6,222,44.9,2084.78,4.22,91,18.4,121,24.5,451,-82.209,-0.18,-0.31,-0.05
202122,Academic year,Local authority district,E92000001,England,E12000008,South East,Eastbourne,E07000061,Revised,25,1006,46885,46.6,969,96.3,450,44.7,671,66.7,296,29.4,3999.12,3.98,160,15.9,229,22.8,950,76.641,0.08,-0.01,0.17
202122,Academic year,Local authority district,E92000001,England,E12000008,South East,Hastings,E07000062,Revised,25,953,37857,39.7,908,95.3,313,32.8,512,53.7,185,19.4,3189.48,3.35,113,11.9,136,14.3,919,-578.458,-0.63,-0.72,-0.54
202122,Academic year,Local authority district,E92000001,England,E12000008,South East,Lewes,E07000063,Revised,36,946,47578.25,50.3,907,95.9,512,54.1,678,71.7,448,47.4,4299.25,4.54,277,29.3,344,36.4,894,135.911,0.15,0.06,0.24
202122,Academic year,Local authority district,E92000001,England,E12000008,South East,Rother,E07000064,Revised,36,821,37544.75,45.7,790,96.2,374,45.6,526,64.1,259,31.5,3296.92,4.02,165,20.1,205,25,797,-257.873,-0.32,-0.42,-0.23
202122,Academic year,Local authority district,E92000001,England,E12000008,South East,Wealden,E07000065,Revised,49,1468,75395,51.4,1430,97.4,810,55.2,1098,74.8,618,42.1,6667.01,4.54,318,21.7,432,29.4,1413,205.895,0.15,0.07,0.22
202122,Academic year,Local authority district,E92000001,England,E12000006,East of England,Basildon,E07000066,Revised,80,2210,100850.63,45.6,2111,95.5,994,45,1455,65.8,1079,48.8,9024.91,4.08,479,21.7,703,31.8,2112,-590.023,-0.28,-0.34,-0.22
202122,Academic year,Local authority district,E92000001,England,E12000006,East of England,Braintree,E07000067,Revised,60,1588,75964.5,47.8,1521,95.8,760,47.9,1080,68,453,28.5,6458.54,4.07,218,13.7,299,18.8,1544,-416.013,-0.27,-0.34,-0.2
202122,Academic year,Local authority district,E92000001,England,E12000006,East of England,Brentwood,E07000068,Revised,45,784,42214.25,53.8,762,97.2,478,61,609,77.7,289,36.9,3636.06,4.64,174,22.2,216,27.6,732,-13.078,-0.02,-0.12,0.08
202122,Academic year,Local authority district,E92000001,England,E12000006,East of England,Castle Point,E07000069,Revised,42,992,45428.5,45.8,959,96.7,443,44.7,671,67.6,409,41.2,3969.24,4,182,18.3,265,26.7,977,-374.159,-0.38,-0.47,-0.29
202122,Academic year,Local authority district,E92000001,England,E12000006,East of England,Chelmsford,E07000070,Revised,62,1982,104212,52.6,1921,96.9,1086,54.8,1463,73.8,769,38.8,9255.14,4.67,497,25.1,607,30.6,1875,-15.608,-0.01,-0.07,0.06
202122,Academic year,Local authority district,E92000001,England,E12000006,East of England,Colchester,E07000071,Revised,40,1993,98651.75,49.5,1937,97.2,989,49.6,1386,69.5,683,34.3,8700.99,4.37,431,21.6,524,26.3,1889,-118.507,-0.06,-0.13,0
202122,Academic year,Local authority district,E92000001,England,E12000006,East of England,Epping Forest,E07000072,Revised,84,1301,65173.25,50.1,1266,97.3,681,52.3,944,72.6,504,38.7,5684.71,4.37,253,19.4,347,26.7,1223,46.038,0.04,-0.04,0.12
202122,Academic year,Local authority district,E92000001,England,E12000006,East of England,Harlow,E07000073,Revised,43,1033,43300.75,41.9,984,95.3,408,39.5,627,60.7,357,34.6,3809.23,3.69,121,11.7,192,18.6,991,-698.465,-0.7,-0.79,-0.62
202122,Academic year,Local authority district,E92000001,England,E12000006,East of England,Maldon,E07000074,Revised,44,638,30717.25,48.1,617,96.7,305,47.8,450,70.5,176,27.6,2594.99,4.07,110,17.2,141,22.1,606,-116.729,-0.19,-0.3,-0.08
202122,Academic year,Local authority district,E92000001,England,E12000006,East of England,Rochford,E07000075,Revised,37,1010,50201.5,49.7,975,96.5,515,51,731,72.4,416,41.2,4356.35,4.31,242,24,337,33.4,979,-98.884,-0.1,-0.19,-0.01
202122,Academic year,Local authority district,E92000001,England,E12000006,East of England,Tendring,E07000076,Revised,29,1441,61178.5,42.5,1360,94.4,529,36.7,784,54.4,206,14.3,4940.61,3.43,122,8.5,153,10.6,1398,-568.839,-0.41,-0.48,-0.33
202122,Academic year,Local authority district,E92000001,England,E12000006,East of England,Uttlesford,E07000077,Revised,44,982,52543.5,53.5,963,98.1,588,59.9,753,76.7,528,53.8,4728.39,4.82,324,33,412,42,928,-3.034,0,-0.09,0.09
202122,Academic year,Local authority district,E92000001,England,E12000009,South West,Cheltenham,E07000078,Revised,28,976,53572.75,54.9,951,97.4,574,58.8,722,74,377,38.6,4685.95,4.8,262,26.8,315,32.3,888,127.127,0.14,0.05,0.24
202122,Academic year,Local authority district,E92000001,England,E12000009,South West,Cotswold,E07000079,Revised,32,777,41983.25,54,763,98.2,456,58.7,610,78.5,274,35.3,3677.89,4.73,185,23.8,226,29.1,731,114.639,0.16,0.05,0.26
202122,Academic year,Local authority district,E92000001,England,E12000009,South West,Forest of Dean,E07000080,Revised,32,770,36398.25,47.3,748,97.1,335,43.5,502,65.2,232,30.1,3158.64,4.1,113,14.7,163,21.2,738,34.701,0.05,-0.05,0.15
202122,Academic year,Local authority district,E92000001,England,E12000009,South West,Gloucester,E07000081,Revised,38,1444,72351.25,50.1,1392,96.4,760,52.6,1023,70.8,373,25.8,6189.39,4.29,241,16.7,303,21,1386,48.756,0.04,-0.04,0.11
202122,Academic year,Local authority district,E92000001,England,E12000009,South West,Stroud,E07000082,Revised,40,1278,67199.75,52.6,1241,97.1,722,56.5,939,73.5,339,26.5,5837.58,4.57,248,19.4,303,23.7,1219,-41.771,-0.03,-0.11,0.04
202122,Academic year,Local authority district,E92000001,England,E12000009,South West,Tewkesbury,E07000083,Revised,35,945,49872.5,52.8,913,96.6,532,56.3,720,76.2,262,27.7,4270.82,4.52,183,19.4,228,24.1,909,207.136,0.23,0.14,0.32
202122,Academic year,Local authority district,E92000001,England,E12000008,South East,Basingstoke and Deane,E07000084,Revised,42,1849,90424.75,48.9,1794,97,944,51.1,1311,70.9,768,41.5,8064.03,4.36,414,22.4,520,28.1,1769,-293.578,-0.17,-0.23,-0.1
202122,Academic year,Local authority district,E92000001,England,E12000008,South East,East Hampshire,E07000085,Revised,43,1162,58985.25,50.8,1124,96.7,615,52.9,883,76,431,37.1,5162.8,4.44,235,20.2,319,27.5,1110,-147.111,-0.13,-0.22,-0.05
202122,Academic year,Local authority district,E92000001,England,E12000008,South East,Eastleigh,E07000086,Revised,41,1505,78552.75,52.2,1459,96.9,816,54.2,1102,73.2,729,48.4,7096.3,4.72,448,29.8,568,37.7,1454,238.334,0.16,0.09,0.24
202122,Academic year,Local authority district,E92000001,England,E12000008,South East,Fareham,E07000087,Revised,28,1040,52984.5,50.9,1012,97.3,585,56.3,769,73.9,293,28.2,4595.71,4.42,173,16.6,214,20.6,1019,-70.918,-0.07,-0.16,0.02
202122,Academic year,Local authority district,E92000001,England,E12000008,South East,Gosport,E07000088,Revised,20,870,34796.75,40,824,94.7,280,32.2,465,53.4,333,38.3,3003.98,3.45,64,7.4,110,12.6,842,-455.732,-0.54,-0.64,-0.45
202122,Academic year,Local authority district,E92000001,England,E12000008,South East,Hart,E07000089,Revised,34,951,51277,53.9,927,97.5,580,61,750,78.9,235,24.7,4420.84,4.65,172,18.1,206,21.7,904,74.068,0.08,-0.01,0.17
202122,Academic year,Local authority district,E92000001,England,E12000008,South East,Havant,E07000090,Revised,44,1264,52608.5,41.6,1205,95.3,465,36.8,737,58.3,307,24.3,4391.56,3.47,116,9.2,163,12.9,1232,-608.585,-0.49,-0.57,-0.42
202122,Academic year,Local authority district,E92000001,England,E12000008,South East,New Forest,E07000091,Revised,38,1566,76082.5,48.6,1501,95.8,809,51.7,1102,70.4,544,34.7,6688.82,4.27,312,19.9,411,26.2,1509,-358.669,-0.24,-0.31,-0.17
202122,Academic year,Local authority district,E92000001,England,E12000008,South East,Rushmoor,E07000092,Revised,36,976,45424.75,46.5,948,97.1,447,45.8,633,64.9,335,34.3,4008.88,4.11,160,16.4,227,23.3,934,-370.302,-0.4,-0.49,-0.31
202122,Academic year,Local authority district,E92000001,England,E12000008,South East,Test Valley,E07000093,Revised,48,1255,63516.25,50.6,1210,96.4,672,53.5,907,72.3,474,37.8,5610.4,4.47,281,22.4,370,29.5,1194,-121.293,-0.1,-0.18,-0.02
202122,Academic year,Local authority district,E92000001,England,E12000008,South East,Winchester,E07000094,Revised,40,1173,64732,55.2,1140,97.2,742,63.3,910,77.6,558,47.6,5817.22,4.96,363,30.9,434,37,1094,226.322,0.21,0.12,0.29
202122,Academic year,Local authority district,E92000001,England,E12000006,East of England,Broxbourne,E07000095,Revised,64,1174,56173.5,47.8,1136,96.8,565,48.1,809,68.9,563,48,4927.07,4.2,251,21.4,358,30.5,1142,-94.209,-0.08,-0.16,0
202122,Academic year,Local authority district,E92000001,England,E12000006,East of England,Dacorum,E07000096,Revised,60,1567,79179.75,50.5,1518,96.9,845,53.9,1130,72.1,571,36.4,6840.23,4.37,294,18.8,359,22.9,1470,-113.29,-0.08,-0.15,-0.01
202122,Academic year,Local authority district,E92000001,England,E12000006,East of England,Hertsmere,E07000098,Revised,77,1159,62287.5,53.7,1119,96.5,677,58.4,872,75.2,506,43.7,5496.22,4.74,303,26.1,377,32.5,1085,239.889,0.22,0.14,0.3
202122,Academic year,Local authority district,E92000001,England,E12000006,East of England,North Hertfordshire,E07000099,Revised,47,1314,69701.5,53,1276,97.1,744,56.6,995,75.7,543,41.3,6243.11,4.75,358,27.2,448,34.1,1262,347.997,0.28,0.2,0.35
202122,Academic year,Local authority district,E92000001,England,E12000006,East of England,Three Rivers,E07000102,Revised,65,1029,57812,56.2,993,96.5,641,62.3,814,79.1,551,53.5,5218.56,5.07,330,32.1,418,40.6,978,263.17,0.27,0.18,0.36
202122,Academic year,Local authority district,E92000001,England,E12000006,East of England,Watford,E07000103,Revised,62,1180,63063,53.4,1131,95.8,664,56.3,877,74.3,678,57.5,5758.98,4.88,363,30.8,464,39.3,1087,214.169,0.2,0.11,0.28
202122,Academic year,Local authority district,E92000001,England,E12000008,South East,Ashford,E07000105,Revised,51,1429,69163.5,48.4,1369,95.8,719,50.3,992,69.4,691,48.4,6201.36,4.34,391,27.4,500,35,1331,-55.177,-0.04,-0.12,0.03
202122,Academic year,Local authority district,E92000001,England,E12000008,South East,Canterbury,E07000106,Revised,45,1461,70309,48.1,1398,95.7,716,49,996,68.2,546,37.4,6106.72,4.18,300,20.5,381,26.1,1374,-543.228,-0.4,-0.47,-0.32
202122,Academic year,Local authority district,E92000001,England,E12000008,South East,Dartford,E07000107,Revised,89,1428,74787.75,52.4,1378,96.5,797,55.8,1043,73,628,44,6646.06,4.65,410,28.7,509,35.6,1340,107.789,0.08,0.01,0.16
202122,Academic year,Local authority district,E92000001,England,E12000008,South East,Dover,E07000108,Revised,36,1209,54085.5,44.7,1157,95.7,466,38.5,751,62.1,371,30.7,4670.54,3.86,217,17.9,288,23.8,1142,-622.775,-0.55,-0.63,-0.46
202122,Academic year,Local authority district,E92000001,England,E12000008,South East,Gravesham,E07000109,Revised,67,1348,64554.25,47.9,1301,96.5,696,51.6,946,70.2,507,37.6,5713.86,4.24,291,21.6,366,27.2,1281,-36.287,-0.03,-0.11,0.05
202122,Academic year,Local authority district,E92000001,England,E12000008,South East,Maidstone,E07000110,Revised,77,1822,89888.75,49.3,1770,97.1,896,49.2,1265,69.4,823,45.2,7958.21,4.37,426,23.4,576,31.6,1726,-193.693,-0.11,-0.18,-0.05
202122,Academic year,Local authority district,E92000001,England,E12000008,South East,Sevenoaks,E07000111,Revised,84,1227,65741.75,53.6,1186,96.7,715,58.3,918,74.8,616,50.2,5868.39,4.78,348,28.4,444,36.2,1113,-79.93,-0.07,-0.15,0.01
202122,Academic year,Local authority district,E92000001,England,E12000008,South East,Folkestone and Hythe,E07000112,Revised,37,1121,51403,45.9,1077,96.1,459,40.9,681,60.7,431,38.4,4388.76,3.92,197,17.6,281,25.1,1080,-417.689,-0.39,-0.47,-0.3
202122,Academic year,Local authority district,E92000001,England,E12000008,South East,Swale,E07000113,Revised,66,1708,74496.75,43.6,1625,95.1,675,39.5,1029,60.2,481,28.2,6355.87,3.72,260,15.2,357,20.9,1650,-794.287,-0.48,-0.55,-0.41
202122,Academic year,Local authority district,E92000001,England,E12000008,South East,Thanet,E07000114,Revised,35,1487,62731.25,42.2,1407,94.6,547,36.8,868,58.4,375,25.2,5202.49,3.5,213,14.3,257,17.3,1433,-831.81,-0.58,-0.65,-0.51
202122,Academic year,Local authority district,E92000001,England,E12000008,South East,Tonbridge and Malling,E07000115,Revised,65,1425,75914,53.3,1390,97.5,804,56.4,1053,73.9,584,41,6585.84,4.62,377,26.5,449,31.5,1332,119.051,0.09,0.01,0.17
202122,Academic year,Local authority district,E92000001,England,E12000008,South East,Tunbridge Wells,E07000116,Revised,46,1364,77809.5,57,1321,96.8,870,63.8,1070,78.4,866,63.5,7124.15,5.22,506,37.1,612,44.9,1124,185.138,0.16,0.08,0.25
202122,Academic year,Local authority district,E92000001,England,E12000002,North West,Burnley,E07000117,Revised,38,1064,44540.5,41.9,1026,96.4,401,37.7,615,57.8,391,36.7,3866.47,3.63,122,11.5,192,18,1022,-304.691,-0.3,-0.38,-0.21
202122,Academic year,Local authority district,E92000001,England,E12000002,North West,Chorley,E07000118,Revised,50,1261,63879.5,50.7,1221,96.8,713,56.5,919,72.9,415,32.9,5558.9,4.41,263,20.9,316,25.1,1240,36.926,0.03,-0.05,0.11
202122,Academic year,Local authority district,E92000001,England,E12000002,North West,Fylde,E07000119,Revised,32,638,30685.75,48.1,614,96.2,297,46.6,431,67.6,159,24.9,2594.66,4.07,82,12.9,106,16.6,618,-153.79,-0.25,-0.36,-0.14
202122,Academic year,Local authority district,E92000001,England,E12000002,North West,Hyndburn,E07000120,Revised,39,983,43020.75,43.8,947,96.3,400,40.7,592,60.2,248,25.2,3661.41,3.72,110,11.2,154,15.7,958,-339.269,-0.35,-0.44,-0.26
202122,Academic year,Local authority district,E92000001,England,E12000002,North West,Lancaster,E07000121,Revised,23,1311,63871,48.7,1258,96,613,46.8,857,65.4,478,36.5,5484.96,4.18,223,17,279,21.3,1270,-86.584,-0.07,-0.15,0.01
202122,Academic year,Local authority district,E92000001,England,E12000002,North West,Pendle,E07000122,Revised,41,1162,49494.75,42.6,1115,96,450,38.7,683,58.8,348,29.9,4248.45,3.66,141,12.1,213,18.3,1081,-318.444,-0.29,-0.38,-0.21
202122,Academic year,Local authority district,E92000001,England,E12000002,North West,Preston,E07000123,Revised,46,1717,85192.75,49.6,1655,96.4,865,50.4,1201,69.9,663,38.6,7492.53,4.36,350,20.4,455,26.5,1627,253.005,0.16,0.09,0.22
202122,Academic year,Local authority district,E92000001,England,E12000002,North West,Ribble Valley,E07000124,Revised,33,603,31413.25,52.1,590,97.8,351,58.2,460,76.3,186,30.8,2792.38,4.63,118,19.6,147,24.4,592,-21.619,-0.04,-0.15,0.08
202122,Academic year,Local authority district,E92000001,England,E12000002,North West,Rossendale,E07000125,Revised,43,809,37438.5,46.3,780,96.4,373,46.1,542,67,331,40.9,3265.79,4.04,144,17.8,178,22,794,-221.505,-0.28,-0.38,-0.18
202122,Academic year,Local authority district,E92000001,England,E12000002,North West,South Ribble,E07000126,Revised,43,1203,60326,50.1,1161,96.5,659,54.8,884,73.5,386,32.1,5232.7,4.35,211,17.5,291,24.2,1173,8.813,0.01,-0.07,0.09
202122,Academic year,Local authority district,E92000001,England,E12000002,North West,West Lancashire,E07000127,Revised,57,1162,55825.75,48,1124,96.7,592,50.9,814,70.1,393,33.8,4836.97,4.16,194,16.7,268,23.1,1138,-204.237,-0.18,-0.26,-0.1
202122,Academic year,Local authority district,E92000001,England,E12000002,North West,Wyre,E07000128,Revised,33,1071,51226,47.8,1029,96.1,499,46.6,730,68.2,224,20.9,4279.29,4,122,11.4,155,14.5,1049,-211.737,-0.2,-0.29,-0.12
202122,Academic year,Local authority district,E92000001,England,E12000004,East Midlands,Blaby,E07000129,Revised,43,1139,54494.5,47.8,1114,97.8,566,49.7,818,71.8,434,38.1,4717.35,4.14,154,13.5,228,20,1117,-81.914,-0.07,-0.16,0.01
202122,Academic year,Local authority district,E92000001,England,E12000004,East Midlands,Charnwood,E07000130,Revised,47,1607,77950.75,48.5,1553,96.6,793,49.3,1144,71.2,685,42.6,6951.92,4.33,333,20.7,454,28.3,1560,-68.407,-0.04,-0.11,0.03
202122,Academic year,Local authority district,E92000001,England,E12000004,East Midlands,Harborough,E07000131,Revised,42,1040,56619.25,54.4,1027,98.8,647,62.2,841,80.9,510,49,5062.8,4.87,289,27.8,372,35.8,1017,395.987,0.39,0.3,0.48
202122,Academic year,Local authority district,E92000001,England,E12000004,East Midlands,Hinckley and Bosworth,E07000132,Revised,42,1160,58380,50.3,1122,96.7,624,53.8,850,73.3,425,36.6,5119.99,4.41,240,20.7,298,25.7,1140,177.728,0.16,0.07,0.24
202122,Academic year,Local authority district,E92000001,England,E12000004,East Midlands,Melton,E07000133,Revised,26,518,26604.25,51.4,498,96.1,279,53.9,403,77.8,156,30.1,2316.84,4.47,95,18.3,121,23.4,506,29.444,0.06,-0.06,0.18
202122,Academic year,Local authority district,E92000001,England,E12000004,East Midlands,North West Leicestershire,E07000134,Revised,37,1088,49492.75,45.5,1053,96.8,463,42.6,716,65.8,301,27.7,4292.27,3.95,170,15.6,219,20.1,1058,-352.451,-0.33,-0.42,-0.25
202122,Academic year,Local authority district,E92000001,England,E12000004,East Midlands,Oadby and Wigston,E07000135,Revised,36,613,30977.75,50.5,595,97.1,344,56.1,443,72.3,344,56.1,2849.7,4.65,192,31.3,246,40.1,578,201.295,0.35,0.23,0.46
202122,Academic year,Local authority district,E92000001,England,E12000004,East Midlands,Boston,E07000136,Revised,26,750,32574.5,43.4,726,96.8,276,36.8,462,61.6,219,29.2,2785.62,3.71,94,12.5,145,19.3,678,-187.339,-0.28,-0.38,-0.17
202122,Academic year,Local authority district,E92000001,England,E12000004,East Midlands,East Lindsey,E07000137,Revised,47,1365,61227,44.9,1304,95.5,583,42.7,859,62.9,391,28.6,5266.08,3.86,210,15.4,279,20.4,1296,-308.769,-0.24,-0.31,-0.16
202122,Academic year,Local authority district,E92000001,England,E12000004,East Midlands,Lincoln,E07000138,Revised,23,893,36651.25,41,843,94.4,305,34.2,485,54.3,308,34.5,3164.73,3.54,125,14,195,21.8,854,-314.305,-0.37,-0.46,-0.27
202122,Academic year,Local authority district,E92000001,England,E12000004,East Midlands,North Kesteven,E07000139,Revised,37,1214,59490.5,49,1186,97.7,592,48.8,868,71.5,627,51.6,5290.94,4.36,288,23.7,428,35.3,1177,-104.905,-0.09,-0.17,-0.01
202122,Academic year,Local authority district,E92000001,England,E12000004,East Midlands,South Holland,E07000140,Revised,32,972,46055.5,47.4,934,96.1,413,42.5,618,63.6,306,31.5,3923.73,4.04,180,18.5,239,24.6,901,103.054,0.11,0.02,0.21
202122,Academic year,Local authority district,E92000001,England,E12000004,East Midlands,South Kesteven,E07000141,Revised,41,1501,78357.5,52.2,1460,97.3,798,53.2,1092,72.8,556,37,6867.39,4.58,381,25.4,471,31.4,1440,440.78,0.31,0.23,0.38
202122,Academic year,Local authority district,E92000001,England,E12000004,East Midlands,West Lindsey,E07000142,Revised,43,988,47388,48,960,97.2,444,44.9,658,66.6,327,33.1,4088.31,4.14,179,18.1,240,24.3,959,-68.763,-0.07,-0.16,0.02
202122,Academic year,Local authority district,E92000001,England,E12000006,East of England,Breckland,E07000143,Revised,41,1303,61511.5,47.2,1259,96.6,626,48,901,69.1,613,47,5564.18,4.27,243,18.6,351,26.9,1271,185.189,0.15,0.07,0.22
202122,Academic year,Local authority district,E92000001,England,E12000006,East of England,Broadland,E07000144,Revised,34,1188,58602.5,49.3,1162,97.8,606,51,890,74.9,511,43,5272.61,4.44,261,22,350,29.5,1165,-82.823,-0.07,-0.15,0.01
202122,Academic year,Local authority district,E92000001,England,E12000006,East of England,Great Yarmouth,E07000145,Revised,28,982,44976.75,45.8,951,96.8,401,40.8,626,63.7,245,24.9,3802.12,3.87,119,12.1,172,17.5,954,3.378,0,-0.09,0.09
202122,Academic year,Local authority district,E92000001,England,E12000006,East of England,King's Lynn and West Norfolk,E07000146,Revised,38,1388,60703,43.7,1337,96.3,552,39.8,868,62.5,499,36,5317.26,3.83,161,11.6,258,18.6,1341,-351.866,-0.26,-0.34,-0.19
202122,Academic year,Local authority district,E92000001,England,E12000006,East of England,North Norfolk,E07000147,Revised,25,771,36159,46.9,742,96.2,371,48.1,522,67.7,321,41.6,3252.19,4.22,133,17.3,208,27,751,-130.802,-0.17,-0.27,-0.07
202122,Academic year,Local authority district,E92000001,England,E12000006,East of England,Norwich,E07000148,Revised,32,1166,50804,43.6,1117,95.8,460,39.5,691,59.3,404,34.6,4390.69,3.77,162,13.9,238,20.4,1106,-258.34,-0.23,-0.32,-0.15
202122,Academic year,Local authority district,E92000001,England,E12000006,East of England,South Norfolk,E07000149,Revised,44,1347,71060.25,52.8,1315,97.6,771,57.2,1021,75.8,760,56.4,6457,4.79,411,30.5,546,40.5,1288,388.039,0.3,0.22,0.38
202122,Academic year,Local authority district,E92000001,England,E12000003,Yorkshire and The Humber,Craven,E07000163,Revised,21,589,30158,51.2,576,97.8,322,54.7,431,73.2,216,36.7,2629.03,4.46,144,24.4,174,29.5,578,22.779,0.04,-0.08,0.15
202122,Academic year,Local authority district,E92000001,England,E12000003,Yorkshire and The Humber,Hambleton,E07000164,Revised,42,782,39125.75,50,758,96.9,427,54.6,565,72.3,336,43,3501.65,4.48,194,24.8,246,31.5,760,-40.319,-0.05,-0.15,0.05
202122,Academic year,Local authority district,E92000001,England,E12000003,Yorkshire and The Humber,Harrogate,E07000165,Revised,35,1651,87781.25,53.2,1581,95.8,987,59.8,1276,77.3,747,45.2,7875.31,4.77,513,31.1,637,38.6,1549,235.784,0.15,0.08,0.22
202122,Academic year,Local authority district,E92000001,England,E12000003,Yorkshire and The Humber,Richmondshire,E07000166,Revised,17,448,22317.75,49.8,442,98.7,216,48.2,319,71.2,198,44.2,1983.02,4.43,97,21.7,136,30.4,427,76.144,0.18,0.04,0.31
202122,Academic year,Local authority district,E92000001,England,E12000003,Yorkshire and The Humber,Ryedale,E07000167,Revised,20,499,24814.75,49.7,485,97.2,267,53.5,359,71.9,225,45.1,2208.96,4.43,110,22,159,31.9,482,45.911,0.1,-0.03,0.22
202122,Academic year,Local authority district,E92000001,England,E12000003,Yorkshire and The Humber,Scarborough,E07000168,Revised,20,1009,43374.75,43,961,95.2,408,40.4,615,61,277,27.5,3694.17,3.66,159,15.8,209,20.7,985,-264.597,-0.27,-0.36,-0.18
202122,Academic year,Local authority district,E92000001,England,E12000003,Yorkshire and The Humber,Selby,E07000169,Revised,33,919,44845.25,48.8,887,96.5,457,49.7,650,70.7,304,33.1,3904.93,4.25,158,17.2,198,21.5,890,65.302,0.07,-0.02,0.17
202122,Academic year,Local authority district,E92000001,England,E12000004,East Midlands,Ashfield,E07000170,Revised,46,1385,60776,43.9,1336,96.5,568,41,839,60.6,478,34.5,5216.69,3.77,207,14.9,304,21.9,1356,-373.672,-0.28,-0.35,-0.2
202122,Academic year,Local authority district,E92000001,England,E12000004,East Midlands,Bassetlaw,E07000171,Revised,44,1209,57740,47.8,1169,96.7,609,50.4,833,68.9,374,30.9,5007.89,4.14,218,18,280,23.2,1164,-9.672,-0.01,-0.09,0.07
202122,Academic year,Local authority district,E92000001,England,E12000004,East Midlands,Broxtowe,E07000172,Revised,38,1043,52722.5,50.5,1010,96.8,563,54,754,72.3,317,30.4,4628.01,4.44,199,19.1,234,22.4,1007,-25.025,-0.02,-0.11,0.06
202122,Academic year,Local authority district,E92000001,England,E12000004,East Midlands,Gedling,E07000173,Revised,47,1214,60705,50,1187,97.8,642,52.9,881,72.6,441,36.3,5381.89,4.43,263,21.7,348,28.7,1186,26.001,0.02,-0.06,0.1
202122,Academic year,Local authority district,E92000001,England,E12000004,East Midlands,Mansfield,E07000174,Revised,33,1166,52707,45.2,1141,97.9,482,41.3,736,63.1,385,33,4505.39,3.86,181,15.5,259,22.2,1133,-160.289,-0.14,-0.22,-0.06
202122,Academic year,Local authority district,E92000001,England,E12000004,East Midlands,Newark and Sherwood,E07000175,Revised,46,1300,63566.75,48.9,1272,97.8,646,49.7,926,71.2,420,32.3,5506.23,4.24,227,17.5,316,24.3,1249,63.359,0.05,-0.03,0.13
202122,Academic year,Local authority district,E92000001,England,E12000004,East Midlands,Rushcliffe,E07000176,Revised,42,1210,71758.75,59.3,1197,98.9,861,71.2,1040,86,567,46.9,6379.12,5.27,373,30.8,447,36.9,1181,477.607,0.4,0.32,0.48
202122,Academic year,Local authority district,E92000001,England,E12000008,South East,Cherwell,E07000177,Revised,43,1584,76982.51,48.6,1536,97,795,50.2,1110,70.1,668,42.2,6948.63,4.39,332,21,428,27,1501,-57.402,-0.04,-0.11,0.03
202122,Academic year,Local authority district,E92000001,England,E12000008,South East,Oxford,E07000178,Revised,26,1243,61306.5,49.3,1189,95.7,646,52,865,69.6,435,35,5420.25,4.36,285,22.9,346,27.8,1134,205.907,0.18,0.1,0.26
202122,Academic year,Local authority district,E92000001,England,E12000008,South East,South Oxfordshire,E07000179,Revised,57,1385,73097.75,52.8,1338,96.6,821,59.3,1070,77.3,526,38,6516.44,4.71,376,27.1,442,31.9,1322,184.502,0.14,0.06,0.22
202122,Academic year,Local authority district,E92000001,England,E12000008,South East,Vale of White Horse,E07000180,Revised,39,1228,60502.5,49.3,1185,96.5,630,51.3,894,72.8,402,32.7,5254.57,4.28,254,20.7,312,25.4,1172,-112.24,-0.1,-0.18,-0.02
202122,Academic year,Local authority district,E92000001,England,E12000008,South East,West Oxfordshire,E07000181,Revised,27,1090,54628.25,50.1,1043,95.7,583,53.5,776,71.2,268,24.6,4734.89,4.34,173,15.9,212,19.4,1043,-72.299,-0.07,-0.15,0.02
202122,Academic year,Local authority district,E92000001,England,E12000009,South West,Mendip,E07000187,Revised,30,1121,54103.25,48.3,1078,96.2,550,49.1,783,69.8,361,32.2,4616.46,4.12,196,17.5,256,22.8,1063,0.507,0,-0.08,0.09
202122,Academic year,Local authority district,E92000001,England,E12000009,South West,Sedgemoor,E07000188,Revised,30,1241,55530.25,44.7,1200,96.7,556,44.8,789,63.6,354,28.5,4793.34,3.86,157,12.7,224,18,1190,-297.753,-0.25,-0.33,-0.17
202122,Academic year,Local authority district,E92000001,England,E12000009,South West,South Somerset,E07000189,Revised,37,1668,77550.5,46.5,1615,96.8,770,46.2,1094,65.6,401,24,6610.25,3.96,220,13.2,290,17.4,1598,-426.912,-0.27,-0.34,-0.2
202122,Academic year,Local authority district,E92000001,England,E12000005,West Midlands,Cannock Chase,E07000192,Revised,46,1067,49434.5,46.3,1019,95.5,445,41.7,677,63.4,133,12.5,3966.69,3.72,70,6.6,100,9.4,1049,-166.188,-0.16,-0.24,-0.07
202122,Academic year,Local authority district,E92000001,England,E12000005,West Midlands,East Staffordshire,E07000193,Revised,31,1353,64637.5,47.8,1309,96.7,631,46.6,894,66.1,400,29.6,5551.31,4.1,249,18.4,321,23.7,1275,-111.94,-0.09,-0.17,-0.01
202122,Academic year,Local authority district,E92000001,England,E12000005,West Midlands,Lichfield,E07000194,Revised,51,1049,56326,53.7,1026,97.8,616,58.7,792,75.5,374,35.7,4839.61,4.61,257,24.5,310,29.6,1031,269.297,0.26,0.18,0.35
202122,Academic year,Local authority district,E92000001,England,E12000005,West Midlands,Newcastle-under-Lyme,E07000195,Revised,45,1169,55256.25,47.3,1126,96.3,530,45.3,772,66,342,29.3,4649.85,3.98,146,12.5,209,17.9,1142,-364.089,-0.32,-0.4,-0.24
202122,Academic year,Local authority district,E92000001,England,E12000005,West Midlands,South Staffordshire,E07000196,Revised,69,1003,50968.25,50.8,971,96.8,521,51.9,737,73.5,284,28.3,4290.64,4.28,165,16.5,216,21.5,986,98.702,0.1,0.01,0.19
202122,Academic year,Local authority district,E92000001,England,E12000005,West Midlands,Stafford,E07000197,Revised,48,1314,65122.5,49.6,1275,97,652,49.6,941,71.6,430,32.7,5636.55,4.29,227,17.3,319,24.3,1268,-128.673,-0.1,-0.18,-0.02
202122,Academic year,Local authority district,E92000001,England,E12000005,West Midlands,Staffordshire Moorlands,E07000198,Revised,37,921,43367.25,47.1,889,96.5,430,46.7,642,69.7,389,42.2,3751.22,4.07,167,18.1,253,27.5,908,-276.234,-0.3,-0.4,-0.21
202122,Academic year,Local authority district,E92000001,England,E12000005,West Midlands,Tamworth,E07000199,Revised,35,828,35836.25,43.3,795,96,310,37.4,500,60.4,312,37.7,3103.61,3.75,118,14.3,180,21.7,803,-342.179,-0.43,-0.52,-0.33
202122,Academic year,Local authority district,E92000001,England,E12000006,East of England,Babergh,E07000200,Revised,36,806,38351.25,47.6,791,98.1,373,46.3,574,71.2,195,24.2,3277.19,4.07,104,12.9,143,17.7,786,-211.314,-0.27,-0.37,-0.17
202122,Academic year,Local authority district,E92000001,England,E12000006,East of England,Ipswich,E07000202,Revised,33,1564,70634.25,45.2,1485,94.9,692,44.2,1025,65.5,304,19.4,6007.64,3.84,159,10.2,209,13.4,1474,-278.365,-0.19,-0.26,-0.12
202122,Academic year,Local authority district,E92000001,England,E12000006,East of England,Mid Suffolk,E07000203,Revised,42,994,49264.75,49.6,955,96.1,519,52.2,718,72.2,273,27.5,4221.63,4.25,158,15.9,209,21,958,78.846,0.08,-0.01,0.17
202122,Academic year,Local authority district,E92000001,England,E12000008,South East,Elmbridge,E07000207,Revised,52,1066,60129.25,56.4,1031,96.7,694,65.1,846,79.4,493,46.2,5381.94,5.05,309,29,396,37.1,981,285.685,0.29,0.2,0.38
202122,Academic year,Local authority district,E92000001,England,E12000008,South East,Epsom and Ewell,E07000208,Revised,45,836,48944.75,58.5,814,97.4,570,68.2,687,82.2,331,39.6,4354.44,5.21,226,27,273,32.7,771,390.115,0.51,0.41,0.61
202122,Academic year,Local authority district,E92000001,England,E12000008,South East,Guildford,E07000209,Revised,50,1222,67105.5,54.9,1190,97.4,728,59.6,959,78.5,564,46.2,5983.39,4.9,310,25.4,393,32.2,1139,359.46,0.32,0.23,0.4
202122,Academic year,Local authority district,E92000001,England,E12000008,South East,Mole Valley,E07000210,Revised,39,757,42299.75,55.9,746,98.5,481,63.5,607,80.2,391,51.7,3840.31,5.07,239,31.6,303,40,714,213.046,0.3,0.2,0.4
202122,Academic year,Local authority district,E92000001,England,E12000008,South East,Reigate and Banstead,E07000211,Revised,55,1491,76603.26,51.4,1437,96.4,813,54.5,1087,72.9,676,45.3,6847.24,4.59,395,26.5,484,32.5,1402,111.058,0.08,0.01,0.15
202122,Academic year,Local authority district,E92000001,England,E12000008,South East,Runnymede,E07000212,Revised,40,722,37110.25,51.4,694,96.1,410,56.8,542,75.1,293,40.6,3226.76,4.47,154,21.3,202,28,688,-12.514,-0.02,-0.12,0.09
202122,Academic year,Local authority district,E92000001,England,E12000008,South East,Spelthorne,E07000213,Revised,72,1046,52388.5,50.1,1002,95.8,559,53.4,751,71.8,269,25.7,4475.05,4.28,151,14.4,192,18.4,999,-20.217,-0.02,-0.11,0.07
202122,Academic year,Local authority district,E92000001,England,E12000008,South East,Surrey Heath,E07000214,Revised,47,918,50240.88,54.7,887,96.6,560,61,718,78.2,303,33,4370.58,4.76,193,21,239,26,854,194.242,0.23,0.13,0.32
202122,Academic year,Local authority district,E92000001,England,E12000008,South East,Tandridge,E07000215,Revised,44,799,38033.75,47.6,759,95,367,45.9,539,67.5,289,36.2,3305.1,4.14,156,19.5,209,26.2,759,-213.858,-0.28,-0.38,-0.18
202122,Academic year,Local authority district,E92000001,England,E12000008,South East,Waverley,E07000216,Revised,43,1028,57352.25,55.8,985,95.8,648,63,799,77.7,376,36.6,5065.84,4.93,272,26.5,311,30.3,979,278.088,0.28,0.2,0.37
202122,Academic year,Local authority district,E92000001,England,E12000008,South East,Woking,E07000217,Revised,36,1003,52965.75,52.8,960,95.7,602,60,769,76.7,474,47.3,4701.07,4.69,271,27,358,35.7,930,216.713,0.23,0.14,0.32
202122,Academic year,Local authority district,E92000001,England,E12000005,West Midlands,North Warwickshire,E07000218,Revised,54,656,28808.5,43.9,622,94.8,268,40.9,407,62,220,33.5,2469.37,3.76,89,13.6,137,20.9,645,-181.615,-0.28,-0.39,-0.17
202122,Academic year,Local authority district,E92000001,England,E12000005,West Midlands,Nuneaton and Bedworth,E07000219,Revised,53,1419,64247,45.3,1360,95.8,668,47.1,940,66.2,274,19.3,5364.35,3.78,132,9.3,185,13,1371,-361.409,-0.26,-0.34,-0.19
202122,Academic year,Local authority district,E92000001,England,E12000005,West Midlands,Rugby,E07000220,Revised,36,1202,60575,50.4,1167,97.1,632,52.6,844,70.2,477,39.7,5397.33,4.49,297,24.7,390,32.4,1115,17.137,0.02,-0.07,0.1
202122,Academic year,Local authority district,E92000001,England,E12000005,West Midlands,Stratford-on-Avon,E07000221,Revised,51,1247,67428,54.1,1196,95.9,731,58.6,949,76.1,497,39.9,6023.8,4.83,342,27.4,417,33.4,1162,186.594,0.16,0.08,0.24
202122,Academic year,Local authority district,E92000001,England,E12000005,West Midlands,Warwick,E07000222,Revised,43,1259,66652,52.9,1208,95.9,719,57.1,939,74.6,526,41.8,5927.65,4.71,347,27.6,420,33.4,1192,201.419,0.17,0.09,0.25
202122,Academic year,Local authority district,E92000001,England,E12000008,South East,Adur,E07000223,Revised,19,648,32978.5,50.9,627,96.8,360,55.6,477,73.6,346,53.4,2995.72,4.62,186,28.7,232,35.8,627,76.4,0.12,0.01,0.23
202122,Academic year,Local authority district,E92000001,England,E12000008,South East,Arun,E07000224,Revised,30,1442,65698.75,45.6,1380,95.7,641,44.5,908,63,351,24.3,5540.4,3.84,156,10.8,227,15.7,1401,-33.933,-0.02,-0.1,0.05
202122,Academic year,Local authority district,E92000001,England,E12000008,South East,Chichester,E07000225,Revised,35,998,48685,48.8,961,96.3,455,45.6,687,68.8,315,31.6,4177.68,4.19,183,18.3,233,23.3,943,59.993,0.06,-0.03,0.15
202122,Academic year,Local authority district,E92000001,England,E12000008,South East,Crawley,E07000226,Revised,39,1339,58919,44,1282,95.7,521,38.9,825,61.6,312,23.3,5066.79,3.78,166,12.4,214,16,1261,-209.49,-0.17,-0.24,-0.09
202122,Academic year,Local authority district,E92000001,England,E12000008,South East,Horsham,E07000227,Revised,41,1396,74221.5,53.2,1361,97.5,794,56.9,1085,77.7,585,41.9,6534.72,4.68,341,24.4,454,32.5,1328,433.906,0.33,0.25,0.4
202122,Academic year,Local authority district,E92000001,England,E12000008,South East,Mid Sussex,E07000228,Revised,40,1492,77795.75,52.1,1437,96.3,780,52.3,1088,72.9,739,49.5,6979.16,4.68,401,26.9,541,36.3,1427,305.417,0.21,0.14,0.29
202122,Academic year,Local authority district,E92000001,England,E12000008,South East,Worthing,E07000229,Revised,22,1083,55681.5,51.4,1048,96.8,576,53.2,809,74.7,384,35.5,4820.95,4.45,222,20.5,290,26.8,1055,204.18,0.19,0.11,0.28
202122,Academic year,Local authority district,E92000001,England,E12000005,West Midlands,Bromsgrove,E07000234,Revised,52,991,50685.25,51.1,963,97.2,569,57.4,746,75.3,580,58.5,4593.53,4.64,283,28.6,396,40,972,-53.776,-0.06,-0.14,0.03
202122,Academic year,Local authority district,E92000001,England,E12000005,West Midlands,Malvern Hills,E07000235,Revised,32,682,34749.13,51,654,95.9,342,50.1,493,72.3,254,37.2,3063.9,4.49,147,21.6,194,28.4,656,59.612,0.09,-0.02,0.2
202122,Academic year,Local authority district,E92000001,England,E12000005,West Midlands,Redditch,E07000236,Revised,38,983,44112.75,44.9,946,96.2,411,41.8,601,61.1,237,24.1,3711.25,3.78,100,10.2,137,13.9,951,63.936,0.07,-0.02,0.16
202122,Academic year,Local authority district,E92000001,England,E12000005,West Midlands,Worcester,E07000237,Revised,25,1018,50677.01,49.8,978,96.1,529,52,734,72.1,380,37.3,4441.34,4.36,214,21,275,27,969,43.654,0.05,-0.04,0.13
202122,Academic year,Local authority district,E92000001,England,E12000005,West Midlands,Wychavon,E07000238,Revised,55,1230,58900.25,47.9,1193,97,575,46.7,839,68.2,399,32.4,5106.09,4.15,185,15,239,19.4,1192,61.625,0.05,-0.03,0.13
202122,Academic year,Local authority district,E92000001,England,E12000005,West Midlands,Wyre Forest,E07000239,Revised,32,939,42426.5,45.2,895,95.3,410,43.7,601,64,408,43.5,3714.24,3.96,157,16.7,248,26.4,912,-237.101,-0.26,-0.35,-0.17
202122,Academic year,Local authority district,E92000001,England,E12000006,East of England,St Albans,E07000240,Revised,44,1806,107923.75,59.8,1769,98,1248,69.1,1510,83.6,962,53.3,9798.06,5.43,684,37.9,812,45,1672,831.58,0.5,0.43,0.56
202122,Academic year,Local authority district,E92000001,England,E12000006,East of England,Welwyn Hatfield,E07000241,Revised,62,1193,59821,50.1,1157,97,598,50.1,843,70.7,619,51.9,5373.76,4.5,337,28.2,438,36.7,1138,108.019,0.09,0.01,0.18
202122,Academic year,Local authority district,E92000001,England,E12000006,East of England,East Hertfordshire,E07000242,Revised,55,1613,89163,55.3,1588,98.5,998,61.9,1296,80.3,847,52.5,8076.62,5.01,543,33.7,688,42.7,1519,382.717,0.25,0.18,0.32
202122,Academic year,Local authority district,E92000001,England,E12000006,East of England,Stevenage,E07000243,Revised,30,976,46016.25,47.1,931,95.4,448,45.9,636,65.2,235,24.1,3860.66,3.96,133,13.6,174,17.8,929,-96.359,-0.1,-0.19,-0.01
202122,Academic year,Local authority district,E92000001,England,E12000006,East of England,East Suffolk,E07000244,Revised,48,2383,110839.25,46.5,2283,95.8,1085,45.5,1604,67.3,471,19.8,9299.33,3.9,243,10.2,340,14.3,2294,-83.373,-0.04,-0.09,0.02
202122,Academic year,Local authority district,E92000001,England,E12000006,East of England,West Suffolk,E07000245,Revised,40,1601,74911,46.8,1533,95.8,736,46,1082,67.6,697,43.5,6662.06,4.16,307,19.2,431,26.9,1524,-49.264,-0.03,-0.1,0.04
202122,Academic year,Local authority district,E92000001,England,E12000009,South West,Somerset West and Taunton,E07000246,Revised,27,1439,66598.75,46.3,1388,96.5,661,45.9,952,66.2,358,24.9,5661.52,3.93,171,11.9,234,16.3,1380,-378.691,-0.27,-0.35,-0.2
202122,Academic year,Local authority district,E92000001,England,E12000002,North West,Bolton,E08000001,Revised,68,3666,169787.25,46.3,3518,96,1719,46.9,2423,66.1,1147,31.3,14683.95,4.01,557,15.2,791,21.6,3392,-361.475,-0.11,-0.15,-0.06
202122,Academic year,Local authority district,E92000001,England,E12000002,North West,Bury,E08000002,Revised,58,2165,101775.5,47,2110,97.5,1014,46.8,1472,68,803,37.1,8928.07,4.12,361,16.7,508,23.5,2068,-506.628,-0.24,-0.31,-0.18
202122,Academic year,Local authority district,E92000001,England,E12000002,North West,Manchester,E08000003,Revised,117,6486,304990.02,47,6223,95.9,2978,45.9,4171,64.3,2470,38.1,26805.92,4.13,1183,18.2,1622,25,5819,-104.161,-0.02,-0.05,0.02
202122,Academic year,Local authority district,E92000001,England,E12000002,North West,Oldham,E08000004,Revised,61,3217,142349.75,44.2,3079,95.7,1386,43.1,1991,61.9,943,29.3,12077,3.75,482,15,642,20,3015,-628.059,-0.21,-0.26,-0.16
202122,Academic year,Local authority district,E92000001,England,E12000002,North West,Rochdale,E08000005,Revised,70,2831,126648.75,44.7,2720,96.1,1211,42.8,1770,62.5,1034,36.5,10886.01,3.85,398,14.1,582,20.6,2668,-582.435,-0.22,-0.27,-0.16
202122,Academic year,Local authority district,E92000001,England,E12000002,North West,Salford,E08000006,Revised,85,2545,111802.25,43.9,2409,94.7,1057,41.5,1547,60.8,821,32.3,9665.4,3.8,369,14.5,528,20.7,2374,-936.163,-0.39,-0.45,-0.34
202122,Academic year,Local authority district,E92000001,England,E12000002,North West,Stockport,E08000007,Revised,69,2996,153469,51.2,2894,96.6,1633,54.5,2185,72.9,1386,46.3,13480.07,4.5,722,24.1,917,30.6,2902,193.852,0.07,0.02,0.12
202122,Academic year,Local authority district,E92000001,England,E12000002,North West,Tameside,E08000008,Revised,63,2706,123523.5,45.6,2595,95.9,1214,44.9,1786,66,910,33.6,10638.5,3.93,448,16.6,619,22.9,2606,-514.785,-0.2,-0.25,-0.14
202122,Academic year,Local authority district,E92000001,England,E12000002,North West,Trafford,E08000009,Revised,67,2871,159855.17,55.7,2794,97.3,1761,61.3,2189,76.2,1323,46.1,14370.59,5.01,842,29.3,1025,35.7,2634,151.038,0.06,0,0.11
202122,Academic year,Local authority district,E92000001,England,E12000002,North West,Wigan,E08000010,Revised,72,3657,173606.25,47.5,3543,96.9,1725,47.2,2462,67.3,1087,29.7,14833.27,4.06,560,15.3,712,19.5,3553,-1051.622,-0.3,-0.34,-0.25
202122,Academic year,Local authority district,E92000001,England,E12000002,North West,Knowsley,E08000011,Revised,69,1849,76533.75,41.4,1747,94.5,664,35.9,1046,56.6,563,30.4,6479,3.5,203,11,319,17.3,1802,-1075.054,-0.6,-0.66,-0.53
202122,Academic year,Local authority district,E92000001,England,E12000002,North West,Liverpool,E08000012,Revised,79,4838,213152.5,44.1,4543,93.9,2003,41.4,2892,59.8,1607,33.2,18191.88,3.76,776,16,1092,22.6,4522,-1573.756,-0.35,-0.39,-0.31
202122,Academic year,Local authority district,E92000001,England,E12000002,North West,St. Helens,E08000013,Revised,59,2005,92529.25,46.1,1925,96,893,44.5,1288,64.2,667,33.3,7737.49,3.86,324,16.2,446,22.2,1957,-408.064,-0.21,-0.27,-0.15
202122,Academic year,Local authority district,E92000001,England,E12000002,North West,Sefton,E08000014,Revised,64,2823,131392,46.5,2682,95,1290,45.7,1864,66,1054,37.3,11421.1,4.05,479,17,681,24.1,2722,-774.713,-0.28,-0.34,-0.23
202122,Academic year,Local authority district,E92000001,England,E12000002,North West,Wirral,E08000015,Revised,47,3626,173524.75,47.9,3482,96,1655,45.6,2348,64.8,1771,48.8,15115.56,4.17,809,22.3,1141,31.5,3495,-140.918,-0.04,-0.09,0.01
202122,Academic year,Local authority district,E92000001,England,E12000003,Yorkshire and The Humber,Barnsley,E08000016,Revised,58,2618,119236.5,45.5,2534,96.8,1211,46.3,1679,64.1,1041,39.8,10417.4,3.98,473,18.1,625,23.9,2550,-423.547,-0.17,-0.22,-0.11
202122,Academic year,Local authority district,E92000001,England,E12000003,Yorkshire and The Humber,Doncaster,E08000017,Revised,62,3357,152262.25,45.4,3234,96.3,1514,45.1,2190,65.2,700,20.9,12788.83,3.81,370,11,484,14.4,3241,-306.008,-0.09,-0.14,-0.05
202122,Academic year,Local authority district,E92000001,England,E12000003,Yorkshire and The Humber,Rotherham,E08000018,Revised,57,3014,141530.25,47,2921,96.9,1349,44.8,1976,65.6,596,19.8,11575.47,3.84,330,10.9,437,14.5,2901,-244.381,-0.08,-0.14,-0.03
202122,Academic year,Local authority district,E92000001,England,E12000003,Yorkshire and The Humber,Sheffield,E08000019,Revised,63,5760,266099.25,46.2,5518,95.8,2724,47.3,3788,65.8,2146,37.3,23220.2,4.03,1104,19.2,1479,25.7,5473,-865.441,-0.16,-0.2,-0.12
202122,Academic year,Local authority district,E92000001,England,E12000001,North East,Newcastle upon Tyne,E08000021,Revised,40,2707,127614.75,47.1,2569,94.9,1265,46.7,1730,63.9,1156,42.7,11191.49,4.13,628,23.2,781,28.9,2546,-625.927,-0.25,-0.3,-0.19
202122,Academic year,Local authority district,E92000001,England,E12000001,North East,North Tyneside,E08000022,Revised,41,2281,110059.25,48.3,2162,94.8,1103,48.4,1568,68.7,716,31.4,9490.82,4.16,418,18.3,547,24,2230,-409.421,-0.18,-0.24,-0.13
202122,Academic year,Local authority district,E92000001,England,E12000001,North East,South Tyneside,E08000023,Revised,32,1585,70122.75,44.2,1420,89.6,640,40.4,994,62.7,447,28.2,5932.32,3.74,246,15.5,322,20.3,1546,-729.419,-0.47,-0.54,-0.4
202122,Academic year,Local authority district,E92000001,England,E12000001,North East,Sunderland,E08000024,Revised,66,2954,135649.5,45.9,2820,95.5,1262,42.7,1843,62.4,1202,40.7,11733.58,3.97,558,18.9,790,26.7,2893,-1284.49,-0.44,-0.5,-0.39
202122,Academic year,Local authority district,E92000001,England,E12000005,West Midlands,Birmingham,E08000025,Revised,198,14799,704087.26,47.6,14181,95.8,7263,49.1,9905,66.9,6528,44.1,62121.72,4.2,2966,20,4024,27.2,13775,350.687,0.03,0,0.05
202122,Academic year,Local authority district,E92000001,England,E12000005,West Midlands,Coventry,E08000026,Revised,64,3876,180293.75,46.5,3729,96.2,1832,47.3,2536,65.4,1389,35.8,15623.46,4.03,605,15.6,812,20.9,3606,-124.988,-0.03,-0.08,0.01
202122,Academic year,Local authority district,E92000001,England,E12000005,West Midlands,Dudley,E08000027,Revised,91,3603,171711.25,47.7,3508,97.4,1693,47,2414,67,912,25.3,14522.83,4.03,494,13.7,660,18.3,3486,190.386,0.05,0.01,0.1
202122,Academic year,Local authority district,E92000001,England,E12000005,West Midlands,Sandwell,E08000028,Revised,137,4456,209840,47.1,4315,96.8,1969,44.2,2824,63.4,1485,33.3,17827.12,4,718,16.1,1010,22.7,4161,102.22,0.02,-0.02,0.07
202122,Academic year,Local authority district,E92000001,England,E12000005,West Midlands,Solihull,E08000029,Revised,95,2455,128322.5,52.3,2377,96.8,1382,56.3,1812,73.8,1100,44.8,11364.91,4.63,663,27,820,33.4,2337,197.641,0.08,0.03,0.14
202122,Academic year,Local authority district,E92000001,England,E12000005,West Midlands,Walsall,E08000030,Revised,104,3613,165989.5,45.9,3483,96.4,1562,43.2,2250,62.3,1096,30.3,13966.73,3.87,494,13.7,672,18.6,3435,-312.627,-0.09,-0.14,-0.04
202122,Academic year,Local authority district,E92000001,England,E12000005,West Midlands,Wolverhampton,E08000031,Revised,87,3217,151870,47.2,3118,96.9,1410,43.8,2053,63.8,899,27.9,12570.35,3.91,378,11.8,555,17.3,2944,-69.875,-0.02,-0.07,0.03
202122,Academic year,Local authority district,E92000001,England,E12000003,Yorkshire and The Humber,Bradford,E08000032,Revised,91,7609,339703.75,44.6,7259,95.4,3277,43.1,4663,61.3,2691,35.4,29144.11,3.83,1135,14.9,1574,20.7,7267,-1285.019,-0.18,-0.21,-0.14
202122,Academic year,Local authority district,E92000001,England,E12000003,Yorkshire and The Humber,Calderdale,E08000033,Revised,42,2471,115793.5,46.9,2393,96.8,1188,48.1,1675,67.8,582,23.6,10142.8,4.1,345,14,444,18,2393,-559.652,-0.23,-0.29,-0.18
202122,Academic year,Local authority district,E92000001,England,E12000003,Yorkshire and The Humber,Kirklees,E08000034,Revised,76,5256,253151,48.2,5090,96.8,2650,50.4,3606,68.6,1901,36.2,21979.62,4.18,963,18.3,1273,24.2,5117,87.312,0.02,-0.02,0.06
202122,Academic year,Local authority district,E92000001,England,E12000003,Yorkshire and The Humber,Leeds,E08000035,Revised,109,8512,413633.75,48.6,8169,96,4464,52.4,5884,69.1,3570,41.9,36630.77,4.3,1937,22.8,2473,29.1,8050,1186.785,0.15,0.12,0.18
202122,Academic year,Local authority district,E92000001,England,E12000003,Yorkshire and The Humber,Wakefield,E08000036,Revised,69,3735,176479.5,47.3,3626,97.1,1879,50.3,2553,68.4,1097,29.4,15406.28,4.12,617,16.5,822,22,3625,254.18,0.07,0.02,0.12
202122,Academic year,Local authority district,E92000001,England,E12000001,North East,Gateshead,E08000037,Revised,47,1889,91402.5,48.4,1795,95,959,50.8,1276,67.5,879,46.5,8117.47,4.3,477,25.3,642,34,1823,-398.192,-0.22,-0.28,-0.15
202122,Academic year,Local authority district,E92000001,England,E13000001,Inner London,City of London,E09000001,Revised,8,13,725,55.8,13,100,8,61.5,10,76.9,8,61.5,66.17,5.09,4,30.8,6,46.2,10,5.187,0.52,-0.35,1.39
202122,Academic year,Local authority district,E92000001,England,E13000002,Outer London,Barking and Dagenham,E09000002,Revised,154,3222,161059,50,3137,97.4,1678,52.1,2244,69.6,1574,48.9,14263.38,4.43,708,22,1005,31.2,2965,360.14,0.12,0.07,0.17
202122,Academic year,Local authority district,E92000001,England,E13000002,Outer London,Barnet,E09000003,Revised,130,3867,220108.75,56.9,3743,96.8,2531,65.5,3086,79.8,2247,58.1,20129.46,5.21,1334,34.5,1630,42.2,3420,1566.695,0.46,0.41,0.51
202122,Academic year,Local authority district,E92000001,England,E13000002,Outer London,Bexley,E09000004,Revised,96,2916,149219.25,51.2,2828,97,1566,53.7,2077,71.2,1340,46,13249.36,4.54,816,28,1005,34.5,2774,-127.178,-0.05,-0.1,0.01
202122,Academic year,Local authority district,E92000001,England,E13000002,Outer London,Brent,E09000005,Revised,156,3619,188780.5,52.2,3511,97,2028,56,2620,72.4,2276,62.9,17456.92,4.82,1099,30.4,1445,39.9,3194,1193.666,0.37,0.32,0.42
202122,Academic year,Local authority district,E92000001,England,E13000002,Outer London,Bromley,E09000006,Revised,135,3372,186340.75,55.3,3244,96.2,2109,62.5,2646,78.5,2069,61.4,17116.23,5.08,1254,37.2,1591,47.2,3124,69.591,0.02,-0.03,0.07
202122,Academic year,Local authority district,E92000001,England,E13000001,Inner London,Camden,E09000007,Revised,84,1372,71981.75,52.5,1317,96,819,59.7,1037,75.6,771,56.2,6558.23,4.78,391,28.5,508,37,1288,256.551,0.2,0.12,0.28
202122,Academic year,Local authority district,E92000001,England,E13000002,Outer London,Croydon,E09000008,Revised,164,4321,214958,49.7,4183,96.8,2244,51.9,3024,70,2087,48.3,19282.5,4.46,983,22.7,1335,30.9,3937,192.188,0.05,0,0.09
202122,Academic year,Local authority district,E92000001,England,E13000002,Outer London,Ealing,E09000009,Revised,146,3848,211701.5,55,3758,97.7,2435,63.3,3007,78.1,2327,60.5,19506.16,5.07,1276,33.2,1647,42.8,3446,1883.592,0.55,0.5,0.59
202122,Academic year,Local authority district,E92000001,England,E13000002,Outer London,Enfield,E09000010,Revised,141,4285,209879.65,49,4126,96.3,2160,50.4,2931,68.4,2490,58.1,19168.94,4.47,1025,23.9,1392,32.5,3938,801.477,0.2,0.16,0.25
202122,Academic year,Local authority district,E92000001,England,E13000002,Outer London,Greenwich,E09000011,Revised,119,3061,155760.88,50.9,2964,96.8,1643,53.7,2179,71.2,1388,45.3,13794.39,4.51,809,26.4,1012,33.1,2834,-67.31,-0.02,-0.08,0.03
202122,Academic year,Local authority district,E92000001,England,E13000001,Inner London,Hackney,E09000012,Revised,123,2440,126544.5,51.9,2370,97.1,1358,55.7,1783,73.1,1542,63.2,11597.92,4.75,765,31.4,1021,41.8,2306,53.807,0.02,-0.03,0.08
202122,Academic year,Local authority district,E92000001,England,E13000001,Inner London,Hammersmith and Fulham,E09000013,Revised,76,1115,60253.25,54,1070,96,680,61,857,76.9,683,61.3,5527.95,4.96,352,31.6,456,40.9,1018,115.833,0.11,0.03,0.2
202122,Academic year,Local authority district,E92000001,England,E13000001,Inner London,Haringey,E09000014,Revised,121,2493,128637,51.6,2411,96.7,1357,54.4,1798,72.1,1195,47.9,11535.29,4.63,577,23.1,775,31.1,2229,587.67,0.26,0.21,0.32
202122,Academic year,Local authority district,E92000001,England,E13000002,Outer London,Harrow,E09000015,Revised,116,2750,156058.25,56.7,2688,97.7,1747,63.5,2158,78.5,1794,65.2,14223.68,5.17,909,33.1,1147,41.7,2447,1488.373,0.61,0.55,0.66
202122,Academic year,Local authority district,E92000001,England,E13000002,Outer London,Havering,E09000016,Revised,123,2903,148634,51.2,2819,97.1,1582,54.5,2118,73,1612,55.5,13328.54,4.59,777,26.8,1067,36.8,2757,-361.385,-0.13,-0.18,-0.08
202122,Academic year,Local authority district,E92000001,England,E13000002,Outer London,Hillingdon,E09000017,Revised,128,3406,184248,54.1,3301,96.9,2040,59.9,2623,77,1595,46.8,16419.45,4.82,912,26.8,1177,34.6,3113,1146.217,0.37,0.32,0.42
202122,Academic year,Local authority district,E92000001,England,E13000002,Outer London,Hounslow,E09000018,Revised,114,3163,167910.75,53.1,3050,96.4,1841,58.2,2371,75,1779,56.2,15257.79,4.82,923,29.2,1229,38.9,2773,1121.803,0.4,0.35,0.46
202122,Academic year,Local authority district,E92000001,England,E13000001,Inner London,Islington,E09000019,Revised,92,1556,80046.5,51.4,1501,96.5,862,55.4,1115,71.7,830,53.3,7189.5,4.62,405,26,511,32.8,1472,92.74,0.06,-0.01,0.13
202122,Academic year,Local authority district,E92000001,England,E13000001,Inner London,Kensington and Chelsea,E09000020,Revised,56,572,29407.75,51.4,550,96.2,352,61.5,440,76.9,317,55.4,2656.78,4.64,125,21.9,153,26.7,499,-119.865,-0.24,-0.36,-0.12
202122,Academic year,Local authority district,E92000001,England,E13000002,Outer London,Kingston upon Thames,E09000021,Revised,69,1568,89697.77,57.2,1510,96.3,1016,64.8,1260,80.4,972,62,8249.38,5.26,595,37.9,758,48.3,1418,642.452,0.45,0.38,0.53
202122,Academic year,Local authority district,E92000001,England,E13000001,Inner London,Lambeth,E09000022,Revised,129,2560,127208,49.7,2464,96.3,1338,52.3,1811,70.7,1486,58,11606.34,4.53,712,27.8,974,38,2348,-116.067,-0.05,-0.11,0.01
202122,Academic year,Local authority district,E92000001,England,E13000001,Inner London,Lewisham,E09000023,Revised,153,2984,152339.25,51.1,2901,97.2,1573,52.7,2127,71.3,1649,55.3,13857.49,4.64,830,27.8,1127,37.8,2708,415.701,0.15,0.1,0.21
202122,Academic year,Local authority district,E92000001,England,E13000002,Outer London,Merton,E09000024,Revised,106,1920,107379.5,55.9,1851,96.4,1195,62.2,1501,78.2,1035,53.9,9724.63,5.06,615,32,792,41.3,1728,923.434,0.53,0.47,0.6
202122,Academic year,Local authority district,E92000001,England,E13000001,Inner London,Newham,E09000025,Revised,165,4204,225588.5,53.7,4085,97.2,2473,58.8,3178,75.6,2711,64.5,20436.22,4.86,1218,29,1611,38.3,3762,1359.909,0.36,0.32,0.41
202122,Academic year,Local authority district,E92000001,England,E13000002,Outer London,Redbridge,E09000026,Revised,149,3675,207540.25,56.5,3578,97.4,2381,64.8,2886,78.5,1913,52.1,18663.91,5.08,1084,29.5,1377,37.5,3295,1675.505,0.51,0.46,0.56
202122,Academic year,Local authority district,E92000001,England,E13000002,Outer London,Richmond upon Thames,E09000027,Revised,63,1521,93429.3,61.4,1495,98.3,1120,73.6,1324,87,1004,66,8690.86,5.71,702,46.2,843,55.4,1391,711.229,0.51,0.44,0.59
202122,Academic year,Local authority district,E92000001,England,E13000001,Inner London,Southwark,E09000028,Revised,126,2641,135473,51.3,2548,96.5,1455,55.1,1918,72.6,1588,60.1,12358.21,4.68,791,30,1070,40.5,2461,640.391,0.26,0.2,0.32
202122,Academic year,Local authority district,E92000001,England,E13000002,Outer London,Sutton,E09000029,Revised,90,2366,134337.75,56.8,2297,97.1,1500,63.4,1862,78.7,1066,45.1,12013.66,5.08,731,30.9,870,36.8,2189,502.197,0.23,0.17,0.29
202122,Academic year,Local authority district,E92000001,England,E13000001,Inner London,Tower Hamlets,E09000030,Revised,122,3098,158750.75,51.2,2986,96.4,1741,56.2,2260,73,1704,55,14236.07,4.6,742,24,973,31.4,2887,423.052,0.15,0.1,0.2
202122,Academic year,Local authority district,E92000001,England,E13000002,Outer London,Waltham Forest,E09000031,Revised,126,3001,150745.5,50.2,2872,95.7,1608,53.6,2153,71.7,1396,46.5,13390.18,4.46,659,22,895,29.8,2815,25.673,0.01,-0.04,0.06
202122,Academic year,Local authority district,E92000001,England,E13000001,Inner London,Wandsworth,E09000032,Revised,109,1929,105266.25,54.6,1853,96.1,1180,61.2,1497,77.6,1209,62.7,9765.1,5.06,640,33.2,857,44.4,1752,719.633,0.41,0.34,0.48
202122,Academic year,Local authority district,E92000001,England,E13000001,Inner London,Westminster,E09000033,Revised,77,1125,62531.25,55.6,1089,96.8,715,63.6,882,78.4,757,67.3,5804.25,5.16,411,36.5,530,47.1,1025,465.336,0.45,0.37,0.54
