"time_period","time_identifier","version","geographic_level","country_code","country_name","school_type","subject","test_year","number_pupils","percentage"
202122,"Academic year","Revised","National","E92000001","England","All schools","Ancient History","Total",1070,"z"
202122,"Academic year","Revised","National","E92000001","England","All schools","Ancient History","Final year",1052,"98.3"
202122,"Academic year","Revised","National","E92000001","England","All schools","Ancient History","Penultimate year",18,"1.7"
202122,"Academic year","Revised","National","E92000001","England","All schools","Art and Design","Total",190641,"z"
202122,"Academic year","Revised","National","E92000001","England","All schools","Art and Design","Final year",186880,"98"
202122,"Academic year","Revised","National","E92000001","England","All schools","Art and Design","Penultimate year",3020,"1.6"
202122,"Academic year","Revised","National","E92000001","England","All schools","Biblical Hebrew","Total",562,"z"
202122,"Academic year","Revised","National","E92000001","England","All schools","Biblical Hebrew","Final year",75,"13.3"
202122,"Academic year","Revised","National","E92000001","England","All schools","Biblical Hebrew","Penultimate year",480,"85.4"
202122,"Academic year","Revised","National","E92000001","England","All schools","Biology","Total",169583,"z"
202122,"Academic year","Revised","National","E92000001","England","All schools","Biology","Final year",168633,"99.4"
202122,"Academic year","Revised","National","E92000001","England","All schools","Biology","Penultimate year",825,"0.5"
202122,"Academic year","Revised","National","E92000001","England","All schools","Business","Total",99597,"z"
202122,"Academic year","Revised","National","E92000001","England","All schools","Business","Final year",98715,"99.1"
202122,"Academic year","Revised","National","E92000001","England","All schools","Business","Penultimate year",705,"0.7"
202122,"Academic year","Revised","National","E92000001","England","All schools","Chemistry","Total",165110,"z"
202122,"Academic year","Revised","National","E92000001","England","All schools","Chemistry","Final year",164321,"99.5"
202122,"Academic year","Revised","National","E92000001","England","All schools","Chemistry","Penultimate year",707,"0.4"
202122,"Academic year","Revised","National","E92000001","England","All schools","Classical Civilisation","Total",3457,"z"
202122,"Academic year","Revised","National","E92000001","England","All schools","Classical Civilisation","Final year",3388,"98"
202122,"Academic year","Revised","National","E92000001","England","All schools","Classical Civilisation","Penultimate year",39,"1.1"
202122,"Academic year","Revised","National","E92000001","England","All schools","Classical Greek","Total",982,"z"
202122,"Academic year","Revised","National","E92000001","England","All schools","Classical Greek","Final year",941,"95.8"
202122,"Academic year","Revised","National","E92000001","England","All schools","Classical Greek","Penultimate year",38,"3.9"
202122,"Academic year","Revised","National","E92000001","England","All schools","Combined Science","Total",424733,"z"
202122,"Academic year","Revised","National","E92000001","England","All schools","Combined Science","Final year",424463,"99.9"
202122,"Academic year","Revised","National","E92000001","England","All schools","Combined Science","Penultimate year",258,"0.1"
202122,"Academic year","Revised","National","E92000001","England","All schools","Computer Science","Total",78456,"z"
202122,"Academic year","Revised","National","E92000001","England","All schools","Computer Science","Final year",77329,"98.6"
202122,"Academic year","Revised","National","E92000001","England","All schools","Computer Science","Penultimate year",1038,"1.3"
202122,"Academic year","Revised","National","E92000001","England","All schools","Dance","Total",8275,"z"
202122,"Academic year","Revised","National","E92000001","England","All schools","Dance","Final year",7896,"95.4"
202122,"Academic year","Revised","National","E92000001","England","All schools","Dance","Penultimate year",306,"3.7"
202122,"Academic year","Revised","National","E92000001","England","All schools","Design & Technology","Total",77950,"z"
202122,"Academic year","Revised","National","E92000001","England","All schools","Design & Technology","Final year",76946,"98.7"
202122,"Academic year","Revised","National","E92000001","England","All schools","Design & Technology","Penultimate year",873,"1.1"
202122,"Academic year","Revised","National","E92000001","England","All schools","Drama","Total",53593,"z"
202122,"Academic year","Revised","National","E92000001","England","All schools","Drama","Final year",52951,"98.8"
202122,"Academic year","Revised","National","E92000001","England","All schools","Drama","Penultimate year",513,"1"
202122,"Academic year","Revised","National","E92000001","England","All schools","Economics","Total",6699,"z"
202122,"Academic year","Revised","National","E92000001","England","All schools","Economics","Final year",6536,"97.6"
202122,"Academic year","Revised","National","E92000001","England","All schools","Economics","Penultimate year",153,"2.3"
202122,"Academic year","Revised","National","E92000001","England","All schools","Engineering","Total",2300,"z"
202122,"Academic year","Revised","National","E92000001","England","All schools","Engineering","Final year",2296,"99.8"
202122,"Academic year","Revised","National","E92000001","England","All schools","Engineering","Penultimate year",3,"0.1"
202122,"Academic year","Revised","National","E92000001","England","All schools","English Language","Total",599479,"z"
202122,"Academic year","Revised","National","E92000001","England","All schools","English Language","Final year",594465,"99.2"
202122,"Academic year","Revised","National","E92000001","England","All schools","English Language","Penultimate year",4982,"0.8"
202122,"Academic year","Revised","National","E92000001","England","All schools","English Literature","Total",583778,"z"
202122,"Academic year","Revised","National","E92000001","England","All schools","English Literature","Final year",563728,"96.6"
202122,"Academic year","Revised","National","E92000001","England","All schools","English Literature","Penultimate year",20011,"3.4"
202122,"Academic year","Revised","National","E92000001","England","All schools","Film Studies","Total",5350,"z"
202122,"Academic year","Revised","National","E92000001","England","All schools","Film Studies","Final year",5224,"97.6"
202122,"Academic year","Revised","National","E92000001","England","All schools","Film Studies","Penultimate year",94,"1.8"
202122,"Academic year","Revised","National","E92000001","England","All schools","Food Preparation & Nutrition","Total",51629,"z"
202122,"Academic year","Revised","National","E92000001","England","All schools","Food Preparation & Nutrition","Final year",50838,"98.5"
202122,"Academic year","Revised","National","E92000001","England","All schools","Food Preparation & Nutrition","Penultimate year",675,"1.3"
202122,"Academic year","Revised","National","E92000001","England","All schools","French","Total",124797,"z"
202122,"Academic year","Revised","National","E92000001","England","All schools","French","Final year",122697,"98.3"
202122,"Academic year","Revised","National","E92000001","England","All schools","French","Penultimate year",1240,"1"
202122,"Academic year","Revised","National","E92000001","England","All schools","Geography","Total",277861,"z"
202122,"Academic year","Revised","National","E92000001","England","All schools","Geography","Final year",276527,"99.5"
202122,"Academic year","Revised","National","E92000001","England","All schools","Geography","Penultimate year",1120,"0.4"
202122,"Academic year","Revised","National","E92000001","England","All schools","German","Total",35570,"z"
202122,"Academic year","Revised","National","E92000001","England","All schools","German","Final year",34973,"98.3"
202122,"Academic year","Revised","National","E92000001","England","All schools","German","Penultimate year",269,"0.8"
202122,"Academic year","Revised","National","E92000001","England","All schools","History","Total",277008,"z"
202122,"Academic year","Revised","National","E92000001","England","All schools","History","Final year",275676,"99.5"
202122,"Academic year","Revised","National","E92000001","England","All schools","History","Penultimate year",1194,"0.4"
202122,"Academic year","Revised","National","E92000001","England","All schools","Latin","Total",8661,"z"
202122,"Academic year","Revised","National","E92000001","England","All schools","Latin","Final year",8287,"95.7"
202122,"Academic year","Revised","National","E92000001","England","All schools","Latin","Penultimate year",326,"3.8"
202122,"Academic year","Revised","National","E92000001","England","All schools","Mathematics","Total",595004,"z"
202122,"Academic year","Revised","National","E92000001","England","All schools","Mathematics","Final year",593316,"99.7"
202122,"Academic year","Revised","National","E92000001","England","All schools","Mathematics","Penultimate year",1563,"0.3"
202122,"Academic year","Revised","National","E92000001","England","All schools","Media/Film/TV","Total",25487,"z"
202122,"Academic year","Revised","National","E92000001","England","All schools","Media/Film/TV","Final year",25028,"98.2"
202122,"Academic year","Revised","National","E92000001","England","All schools","Media/Film/TV","Penultimate year",370,"1.5"
202122,"Academic year","Revised","National","E92000001","England","All schools","Music","Total",33894,"z"
202122,"Academic year","Revised","National","E92000001","England","All schools","Music","Final year",33390,"98.5"
202122,"Academic year","Revised","National","E92000001","England","All schools","Music","Penultimate year",384,"1.1"
202122,"Academic year","Revised","National","E92000001","England","All schools","Other Modern Languages","Total",29793,"z"
202122,"Academic year","Revised","National","E92000001","England","All schools","Other Modern Languages","Final year",23301,"78.2"
202122,"Academic year","Revised","National","E92000001","England","All schools","Other Modern Languages","Penultimate year",4603,"15.4"
202122,"Academic year","Revised","National","E92000001","England","All schools","Other Sciences","Total",2181,"z"
202122,"Academic year","Revised","National","E92000001","England","All schools","Other Sciences","Final year",1849,"84.8"
202122,"Academic year","Revised","National","E92000001","England","All schools","Other Sciences","Penultimate year",268,"12.3"
202122,"Academic year","Revised","National","E92000001","England","All schools","Physical Education","Total",70265,"z"
202122,"Academic year","Revised","National","E92000001","England","All schools","Physical Education","Final year",69590,"99"
202122,"Academic year","Revised","National","E92000001","England","All schools","Physical Education","Penultimate year",658,"0.9"
202122,"Academic year","Revised","National","E92000001","England","All schools","Physics","Total",164959,"z"
202122,"Academic year","Revised","National","E92000001","England","All schools","Physics","Final year",164543,"99.7"
202122,"Academic year","Revised","National","E92000001","England","All schools","Physics","Penultimate year",335,"0.2"
202122,"Academic year","Revised","National","E92000001","England","All schools","Religious Studies","Total",221435,"z"
202122,"Academic year","Revised","National","E92000001","England","All schools","Religious Studies","Final year",202996,"91.7"
202122,"Academic year","Revised","National","E92000001","England","All schools","Religious Studies","Penultimate year",18004,"8.1"
202122,"Academic year","Revised","National","E92000001","England","All schools","Social Studies","Total",61222,"z"
202122,"Academic year","Revised","National","E92000001","England","All schools","Social Studies","Final year",56454,"92.2"
202122,"Academic year","Revised","National","E92000001","England","All schools","Social Studies","Penultimate year",4034,"6.6"
202122,"Academic year","Revised","National","E92000001","England","All schools","Spanish","Total",113987,"z"
202122,"Academic year","Revised","National","E92000001","England","All schools","Spanish","Final year",112012,"98.3"
202122,"Academic year","Revised","National","E92000001","England","All schools","Spanish","Penultimate year",995,"0.9"
202122,"Academic year","Revised","National","E92000001","England","All schools","Statistics","Total",19071,"z"
202122,"Academic year","Revised","National","E92000001","England","All schools","Statistics","Final year",12648,"66.3"
202122,"Academic year","Revised","National","E92000001","England","All schools","Statistics","Penultimate year",5840,"30.6"
202122,"Academic year","Revised","National","E92000001","England","All schools","Total","Total",4584439,"z"
202122,"Academic year","Revised","National","E92000001","England","All schools","Total","Final year",4499964,"98.2"
202122,"Academic year","Revised","National","E92000001","England","All schools","Total","Penultimate year",75941,"1.7"
