"time_period","time_identifier","version","geographic_level","country_code","country_name","school_characteristic","subject","qualification_type","grade","number_achieving","percentage_achieving"
202122,"Academic year","Revised","National","E92000001","England","Alternative Provision","Animal Care","Vocational","Level 1 pass",3,"50"
202122,"Academic year","Revised","National","E92000001","England","Alternative Provision","Animal Care","Vocational","Level 2 pass",2,"33"
202122,"Academic year","Revised","National","E92000001","England","Alternative Provision","Animal Care","Vocational","Total exam entries",6,"z"
202122,"Academic year","Revised","National","E92000001","England","Alternative Provision","Any subject","Vocational","Level 1 pass",405,"74"
202122,"Academic year","Revised","National","E92000001","England","Alternative Provision","Any subject","Vocational","Level 2 pass",187,"34"
202122,"Academic year","Revised","National","E92000001","England","Alternative Provision","Any subject","Vocational","Total exam entries",551,"z"
202122,"Academic year","Revised","National","E92000001","England","Alternative Provision","Art & Design","Vocational","Level 1 pass",10,"59"
202122,"Academic year","Revised","National","E92000001","England","Alternative Provision","Art & Design","Vocational","Level 2 pass",5,"29"
202122,"Academic year","Revised","National","E92000001","England","Alternative Provision","Art & Design","Vocational","Total exam entries",17,"z"
202122,"Academic year","Revised","National","E92000001","England","Alternative Provision","Business","Vocational","Level 1 pass",37,"67"
202122,"Academic year","Revised","National","E92000001","England","Alternative Provision","Business","Vocational","Level 2 pass",14,"25"
202122,"Academic year","Revised","National","E92000001","England","Alternative Provision","Business","Vocational","Total exam entries",55,"z"
202122,"Academic year","Revised","National","E92000001","England","Alternative Provision","Childcare","Vocational","Level 1 pass",41,"71"
202122,"Academic year","Revised","National","E92000001","England","Alternative Provision","Childcare","Vocational","Level 2 pass",18,"31"
202122,"Academic year","Revised","National","E92000001","England","Alternative Provision","Childcare","Vocational","Total exam entries",58,"z"
202122,"Academic year","Revised","National","E92000001","England","Alternative Provision","Construction","Vocational","Level 1 pass",21,"84"
202122,"Academic year","Revised","National","E92000001","England","Alternative Provision","Construction","Vocational","Level 2 pass",10,"40"
202122,"Academic year","Revised","National","E92000001","England","Alternative Provision","Construction","Vocational","Total exam entries",25,"z"
202122,"Academic year","Revised","National","E92000001","England","Alternative Provision","Engineering","Vocational","Level 1 pass",3,"25"
202122,"Academic year","Revised","National","E92000001","England","Alternative Provision","Engineering","Vocational","Level 2 pass",0,"0"
202122,"Academic year","Revised","National","E92000001","England","Alternative Provision","Engineering","Vocational","Total exam entries",12,"z"
202122,"Academic year","Revised","National","E92000001","England","Alternative Provision","Health","Vocational","Level 1 pass",39,"81"
202122,"Academic year","Revised","National","E92000001","England","Alternative Provision","Health","Vocational","Level 2 pass",23,"48"
202122,"Academic year","Revised","National","E92000001","England","Alternative Provision","Health","Vocational","Total exam entries",48,"z"
202122,"Academic year","Revised","National","E92000001","England","Alternative Provision","Hospitality and Catering","Vocational","Level 1 pass",43,"60"
202122,"Academic year","Revised","National","E92000001","England","Alternative Provision","Hospitality and Catering","Vocational","Level 2 pass",25,"35"
202122,"Academic year","Revised","National","E92000001","England","Alternative Provision","Hospitality and Catering","Vocational","Total exam entries",72,"z"
202122,"Academic year","Revised","National","E92000001","England","Alternative Provision","Information and Communication Technology","Vocational","Level 1 pass",6,"50"
202122,"Academic year","Revised","National","E92000001","England","Alternative Provision","Information and Communication Technology","Vocational","Level 2 pass",2,"17"
202122,"Academic year","Revised","National","E92000001","England","Alternative Provision","Information and Communication Technology","Vocational","Total exam entries",12,"z"
202122,"Academic year","Revised","National","E92000001","England","Alternative Provision","Multimedia","Vocational","Level 1 pass",38,"75"
202122,"Academic year","Revised","National","E92000001","England","Alternative Provision","Multimedia","Vocational","Level 2 pass",13,"25"
202122,"Academic year","Revised","National","E92000001","England","Alternative Provision","Multimedia","Vocational","Total exam entries",51,"z"
202122,"Academic year","Revised","National","E92000001","England","Alternative Provision","Music","Vocational","Level 1 pass",19,"59"
202122,"Academic year","Revised","National","E92000001","England","Alternative Provision","Music","Vocational","Level 2 pass",15,"47"
202122,"Academic year","Revised","National","E92000001","England","Alternative Provision","Music","Vocational","Total exam entries",32,"z"
202122,"Academic year","Revised","National","E92000001","England","Alternative Provision","Speech & Drama","Vocational","Level 1 pass",13,"87"
202122,"Academic year","Revised","National","E92000001","England","Alternative Provision","Speech & Drama","Vocational","Level 2 pass",4,"27"
202122,"Academic year","Revised","National","E92000001","England","Alternative Provision","Speech & Drama","Vocational","Total exam entries",15,"z"
202122,"Academic year","Revised","National","E92000001","England","Alternative Provision","Sports","Vocational","Level 1 pass",186,"74"
202122,"Academic year","Revised","National","E92000001","England","Alternative Provision","Sports","Vocational","Level 2 pass",79,"31"
202122,"Academic year","Revised","National","E92000001","England","Alternative Provision","Sports","Vocational","Total exam entries",252,"z"
202122,"Academic year","Revised","National","E92000001","England","Alternative Provision","Tourism","Vocational","Level 1 pass",24,"71"
202122,"Academic year","Revised","National","E92000001","England","Alternative Provision","Tourism","Vocational","Level 2 pass",11,"32"
202122,"Academic year","Revised","National","E92000001","England","Alternative Provision","Tourism","Vocational","Total exam entries",34,"z"
