time_period,time_identifier,geographic_level,country_code,country_name,region_code,region_name,ru11ind_school_location,version,t_schools,t_pupils,t_att8,avg_att8,t_entbasics,pt_entbasics,t_l2basics_95,pt_l2basics_95,t_l2basics_94,pt_l2basics_94,t_ebacc_e_ptq_ee,pt_ebacc_e_ptq_ee,t_ebaccaps,avg_ebaccaps,t_ebacc_95,pt_ebacc_95,t_ebacc_94,pt_ebacc_94,t_inp8calc,t_p8score,avg_p8score,p8score_CI_low,p8score_CI_upp
202122,Academic year,National,E92000001,England,,,1 Urban - Major conurbation,Revised,1430,214998,10677545.3,49.7,206964,96.3,111402,51.8,149795,69.7,95973,44.6,944242.95,4.39,48669,22.6,64366,29.9,200511,8120.455,0.04,0.03,0.05
202122,Academic year,National,E92000001,England,,,2 Urban - minor conurbation,Revised,138,21272,983939.5,46.3,20495,96.3,9808,46.1,13936,65.5,6567,30.9,84666.79,3.98,3378,15.9,4493,21.1,20342,-2750.571,-0.14,-0.15,-0.12
202122,Academic year,National,E92000001,England,,,3 Urban - City and town,Revised,1912,277639,13436640.11,48.4,267273,96.3,135578,48.8,189619,68.3,100199,36.1,1172114.97,4.22,53844,19.4,70761,25.5,264176,-19874.959,-0.08,-0.08,-0.07
202122,Academic year,National,E92000001,England,,,4 Rural - Town and fringe,Revised,377,53565,2642846.9,49.3,52356,97.7,26639,49.7,37935,70.8,18220,34,229949.64,4.29,9890,18.5,13236,24.7,51549,-1429.704,-0.03,-0.04,-0.02
202122,Academic year,National,E92000001,England,,,5 Rural - Village,Revised,84,9652,482239.25,50,9377,97.2,5083,52.7,7064,73.2,3406,35.3,42102.28,4.36,1831,19,2428,25.2,9249,-97.562,-0.01,-0.04,0.02
202122,Academic year,National,E92000001,England,,,6 Rural - Hamlet and isolated dwellings,Revised,74,8075,383843.75,47.5,7702,95.4,3880,48,5570,69,2764,34.2,33464,4.14,1468,18.2,1929,23.9,7700,-751.242,-0.1,-0.13,-0.07
202122,Academic year,National,E92000001,England,,,Total,Revised,4015,585201,28607054.81,48.9,564167,96.4,292390,50,403919,69,227129,38.8,2506540.63,4.28,119080,20.3,157213,26.9,553527,-16783.583,-0.03,-0.03,-0.03
202122,Academic year,Regional,E92000001,England,E12000004,East Midlands,1 Urban - Major conurbation,Revised,2,304,13786.25,45.3,294,96.7,117,38.5,187,61.5,49,16.1,1140.66,3.75,24,7.9,37,12.2,298,-70.634,-0.24,-0.4,-0.08
202122,Academic year,Regional,E92000001,England,E12000004,East Midlands,2 Urban - minor conurbation,Revised,62,8975,425703.5,47.4,8679,96.7,4289,47.8,6023,67.1,2651,29.5,36895.14,4.11,1459,16.3,1913,21.3,8558,-923.766,-0.11,-0.14,-0.08
202122,Academic year,Regional,E92000001,England,E12000004,East Midlands,3 Urban - City and town,Revised,213,31162,1477457,47.4,30015,96.3,14601,46.9,20864,67,12069,38.7,130067.07,4.17,6208,19.9,8407,27,29566,-133.565,0,-0.02,0.01
202122,Academic year,Regional,E92000001,England,E12000004,East Midlands,4 Rural - Town and fringe,Revised,59,8936,440410.75,49.3,8770,98.1,4529,50.7,6402,71.6,2948,33,38220.6,4.28,1585,17.7,2154,24.1,8653,-63.337,-0.01,-0.04,0.02
202122,Academic year,Regional,E92000001,England,E12000004,East Midlands,5 Rural - Village,Revised,10,1258,59814.5,47.5,1230,97.8,562,44.7,854,67.9,394,31.3,5185.36,4.12,203,16.1,280,22.3,1219,-10,-0.01,-0.09,0.07
202122,Academic year,Regional,E92000001,England,E12000004,East Midlands,6 Rural - Hamlet and isolated dwellings,Revised,4,441,19704.75,44.7,415,94.1,167,37.9,287,65.1,118,26.8,1700.57,3.86,64,14.5,91,20.6,426,-62.648,-0.15,-0.28,-0.01
202122,Academic year,Regional,E92000001,England,E12000004,East Midlands,Total,Revised,350,51076,2436876.75,47.7,49403,96.7,24265,47.5,34617,67.8,18229,35.7,213209.4,4.17,9543,18.7,12882,25.2,48720,-1263.95,-0.03,-0.04,-0.01
202122,Academic year,Regional,E92000001,England,E12000006,East of England,1 Urban - Major conurbation,Revised,51,7115,357988.75,50.3,6879,96.7,3752,52.7,5100,71.7,3232,45.4,31606.76,4.44,1587,22.3,2128,29.9,6753,96.37,0.01,-0.02,0.05
202122,Academic year,Regional,E92000001,England,E12000006,East of England,3 Urban - City and town,Revised,305,46164,2248813.88,48.7,44469,96.3,22824,49.4,31860,69,17216,37.3,197038.65,4.27,9378,20.3,12271,26.6,43873,-1039.836,-0.02,-0.04,-0.01
202122,Academic year,Regional,E92000001,England,E12000006,East of England,4 Rural - Town and fringe,Revised,66,8944,446783.25,50,8701,97.3,4537,50.7,6429,71.9,3193,35.7,39236.95,4.39,1824,20.4,2416,27,8600,435.974,0.05,0.02,0.08
202122,Academic year,Regional,E92000001,England,E12000006,East of England,5 Rural - Village,Revised,15,1959,97373.5,49.7,1913,97.7,979,50,1413,72.1,663,33.8,8420.95,4.3,323,16.5,434,22.2,1914,65.627,0.03,-0.03,0.1
202122,Academic year,Regional,E92000001,England,E12000006,East of England,6 Rural - Hamlet and isolated dwellings,Revised,11,1556,78283.25,50.3,1538,98.8,793,51,1144,73.5,772,49.6,6992.01,4.49,374,24,527,33.9,1464,-6.339,0,-0.08,0.07
202122,Academic year,Regional,E92000001,England,E12000006,East of England,Total,Revised,448,65738,3229242.63,49.1,63500,96.6,32885,50,45946,69.9,25076,38.1,283295.32,4.31,13486,20.5,17776,27,62604,-448.204,-0.01,-0.02,0
202122,Academic year,Regional,E92000001,England,E13000001,Inner London,1 Urban - Major conurbation,Revised,223,29091,1512881.5,52,28079,96.5,16474,56.6,21460,73.8,17053,58.6,137605.56,4.73,8171,28.1,10879,37.4,26633,5338.334,0.2,0.18,0.22
202122,Academic year,Regional,E92000001,England,E13000001,Inner London,Total,Revised,223,29091,1512881.5,52,28079,96.5,16474,56.6,21460,73.8,17053,58.6,137605.56,4.73,8171,28.1,10879,37.4,26633,5338.334,0.2,0.18,0.22
202122,Academic year,Regional,E92000001,England,E12000001,North East,1 Urban - Major conurbation,Revised,80,11958,561304,46.9,11290,94.4,5511,46.1,7783,65.1,4574,38.3,48726.94,4.07,2445,20.4,3234,27,11577,-3564.083,-0.31,-0.33,-0.28
202122,Academic year,Regional,E92000001,England,E12000001,North East,3 Urban - City and town,Revised,87,12922,604166.5,46.8,12366,95.7,5839,45.2,8486,65.7,3863,29.9,51382.5,3.98,2111,16.3,2835,21.9,12549,-3465.867,-0.28,-0.3,-0.25
202122,Academic year,Regional,E92000001,England,E12000001,North East,4 Rural - Town and fringe,Revised,22,2383,115236.5,48.4,2295,96.3,1202,50.4,1688,70.8,934,39.2,9970.42,4.18,458,19.2,633,26.6,2346,-125.34,-0.05,-0.11,0
202122,Academic year,Regional,E92000001,England,E12000001,North East,5 Rural - Village,Revised,4,247,10469.75,42.4,224,90.7,117,47.4,156,63.2,38,15.4,850.18,3.44,24,9.7,31,12.6,243,-117.026,-0.48,-0.66,-0.3
202122,Academic year,Regional,E92000001,England,E12000001,North East,6 Rural - Hamlet and isolated dwellings,Revised,1,261,11946.5,45.8,258,98.9,118,45.2,166,63.6,42,16.1,995.74,3.82,27,10.3,33,12.6,253,-32.286,-0.13,-0.3,0.05
202122,Academic year,Regional,E92000001,England,E12000001,North East,Total,Revised,194,27771,1303123.25,46.9,26433,95.2,12787,46,18279,65.8,9451,34,111925.78,4.03,5065,18.2,6766,24.4,26968,-7304.602,-0.27,-0.29,-0.25
202122,Academic year,Regional,E92000001,England,E12000002,North West,1 Urban - Major conurbation,Revised,295,46212,2161611.44,46.8,44227,95.7,21244,46,30019,65,16999,36.8,187374.74,4.05,8243,17.8,11228,24.3,43494,-7883.606,-0.18,-0.19,-0.17
202122,Academic year,Regional,E92000001,England,E12000002,North West,3 Urban - City and town,Revised,214,28286,1339897.25,47.4,27270,96.4,13351,47.2,19002,67.2,9618,34,115602.01,4.09,4516,16,6107,21.6,27176,-3879.851,-0.14,-0.16,-0.13
202122,Academic year,Regional,E92000001,England,E12000002,North West,4 Rural - Town and fringe,Revised,38,5170,257239.75,49.8,5077,98.2,2621,50.7,3658,70.8,1734,33.5,22354.79,4.32,987,19.1,1275,24.7,4984,-245.884,-0.05,-0.09,-0.01
202122,Academic year,Regional,E92000001,England,E12000002,North West,5 Rural - Village,Revised,8,870,43808.5,50.4,856,98.4,444,51,623,71.6,293,33.7,3847.92,4.42,161,18.5,219,25.2,848,-28.266,-0.03,-0.13,0.06
202122,Academic year,Regional,E92000001,England,E12000002,North West,6 Rural - Hamlet and isolated dwellings,Revised,9,942,43216.75,45.9,914,97,449,47.7,628,66.7,271,28.8,3764.86,4,142,15.1,174,18.5,918,-288.714,-0.31,-0.41,-0.22
202122,Academic year,Regional,E92000001,England,E12000002,North West,Total,Revised,564,81480,3845773.69,47.2,78344,96.2,38109,46.8,53930,66.2,28915,35.5,332944.32,4.09,14049,17.2,19003,23.3,77420,-12326.321,-0.16,-0.17,-0.15
202122,Academic year,Regional,E92000001,England,E13000002,Outer London,1 Urban - Major conurbation,Revised,370,56433,2991256.85,53,54620,96.8,32661,57.9,42026,74.5,30474,54,270365.75,4.79,16232,28.8,21076,37.3,51372,12830.643,0.25,0.24,0.26
202122,Academic year,Regional,E92000001,England,E13000002,Outer London,3 Urban - City and town,Revised,1,108,6323,58.5,108,100,75,69.4,88,81.5,46,42.6,555.99,5.15,24,22.2,28,25.9,89,91.962,1.03,0.74,1.33
202122,Academic year,Regional,E92000001,England,E13000002,Outer London,4 Rural - Town and fringe,Revised,1,64,2309.5,36.1,62,96.9,16,25,31,48.4,13,20.3,192.36,3.01,1,1.6,2,3.1,58,-65.961,-1.14,-1.5,-0.77
202122,Academic year,Regional,E92000001,England,E13000002,Outer London,5 Rural - Village,Revised,1,207,9449,45.6,201,97.1,86,41.5,146,70.5,54,26.1,792.57,3.83,25,12.1,40,19.3,203,-142.36,-0.7,-0.9,-0.51
202122,Academic year,Regional,E92000001,England,E13000002,Outer London,Total,Revised,373,56812,3009338.35,53,54991,96.8,32838,57.8,42291,74.4,30587,53.8,271906.67,4.79,16282,28.7,21146,37.2,51722,12714.284,0.25,0.23,0.26
202122,Academic year,Regional,E92000001,England,E12000008,South East,1 Urban - Major conurbation,Revised,55,8554,461698.5,54,8336,97.5,5150,60.2,6576,76.9,3406,39.8,40808.1,4.77,2225,26,2715,31.7,8076,1574.668,0.19,0.16,0.23
202122,Academic year,Regional,E92000001,England,E12000008,South East,3 Urban - City and town,Revised,487,73119,3642943.32,49.8,70343,96.2,37584,51.4,51230,70.1,28878,39.5,320863.19,4.39,16550,22.6,21122,28.9,68892,-3529.905,-0.05,-0.06,-0.04
202122,Academic year,Regional,E92000001,England,E12000008,South East,4 Rural - Town and fringe,Revised,51,8369,423050.51,50.5,8182,97.8,4333,51.8,6079,72.6,3069,36.7,36968.52,4.42,1658,19.8,2193,26.2,7905,174.689,0.02,-0.01,0.05
202122,Academic year,Regional,E92000001,England,E12000008,South East,5 Rural - Village,Revised,18,1886,92903.5,49.3,1830,97,1011,53.6,1379,73.1,785,41.6,8210.43,4.35,411,21.8,544,28.8,1751,-97.989,-0.06,-0.12,0.01
202122,Academic year,Regional,E92000001,England,E12000008,South East,6 Rural - Hamlet and isolated dwellings,Revised,14,1043,43594,41.8,962,92.2,435,41.7,652,62.5,257,24.6,3674.24,3.52,98,9.4,125,12,986,-513.178,-0.52,-0.61,-0.43
202122,Academic year,Regional,E92000001,England,E12000008,South East,Total,Revised,625,92971,4664189.83,50.2,89653,96.4,48513,52.2,65916,70.9,36395,39.1,410524.48,4.42,20942,22.5,26699,28.7,87610,-2391.715,-0.03,-0.04,-0.02
202122,Academic year,Regional,E92000001,England,E12000009,South West,3 Urban - City and town,Revised,295,41461,2024624,48.8,39976,96.4,20584,49.6,28666,69.1,13051,31.5,175085.56,4.22,7274,17.5,9498,22.9,39415,-2643.95,-0.07,-0.08,-0.05
202122,Academic year,Regional,E92000001,England,E12000009,South West,4 Rural - Town and fringe,Revised,63,9026,435900.63,48.3,8819,97.7,4232,46.9,6180,68.5,3056,33.9,37938.27,4.2,1531,17,2080,23,8686,-682.384,-0.08,-0.11,-0.05
202122,Academic year,Regional,E92000001,England,E12000009,South West,5 Rural - Village,Revised,15,1647,84918,51.6,1582,96.1,933,56.6,1238,75.2,653,39.6,7571.34,4.6,399,24.2,517,31.4,1552,-35.827,-0.02,-0.09,0.05
202122,Academic year,Regional,E92000001,England,E12000009,South West,6 Rural - Hamlet and isolated dwellings,Revised,18,2031,99363.75,48.9,1923,94.7,993,48.9,1430,70.4,530,26.1,8498.77,4.18,305,15,389,19.2,1926,-36.533,-0.02,-0.08,0.04
202122,Academic year,Regional,E92000001,England,E12000009,South West,Total,Revised,391,54165,2644806.38,48.8,52300,96.6,26742,49.4,37514,69.3,17290,31.9,229093.94,4.23,9509,17.6,12484,23,51579,-3398.694,-0.07,-0.08,-0.05
202122,Academic year,Regional,E92000001,England,E12000005,West Midlands,1 Urban - Major conurbation,Revised,230,33834,1616036.51,47.8,32630,96.4,16122,47.7,22455,66.4,12285,36.3,139190.24,4.11,5864,17.3,7933,23.4,31825,530.615,0.02,0,0.03
202122,Academic year,Regional,E92000001,England,E12000005,West Midlands,3 Urban - City and town,Revised,185,25462,1193854.66,46.9,24429,95.9,11642,45.7,16734,65.7,8864,34.8,103329.74,4.06,4256,16.7,5883,23.1,24275,-3796.74,-0.16,-0.17,-0.14
202122,Academic year,Regional,E92000001,England,E12000005,West Midlands,4 Rural - Town and fringe,Revised,34,4625,231112.76,50,4553,98.4,2310,49.9,3260,70.5,1500,32.4,20008.07,4.33,888,19.2,1162,25.1,4426,-276.757,-0.06,-0.1,-0.02
202122,Academic year,Regional,E92000001,England,E12000005,West Midlands,5 Rural - Village,Revised,7,879,44269.5,50.4,868,98.7,479,54.5,676,76.9,312,35.5,3855.15,4.39,151,17.2,206,23.4,834,-9.218,-0.01,-0.11,0.08
202122,Academic year,Regional,E92000001,England,E12000005,West Midlands,6 Rural - Hamlet and isolated dwellings,Revised,14,1302,62095.5,47.7,1209,92.9,627,48.2,889,68.3,474,36.4,5466.18,4.2,283,21.7,362,27.8,1239,42.042,0.03,-0.04,0.11
202122,Academic year,Regional,E92000001,England,E12000005,West Midlands,Total,Revised,470,66102,3147368.93,47.6,63689,96.3,31180,47.2,44014,66.6,23435,35.5,271849.38,4.11,11442,17.3,15546,23.5,62599,-3510.058,-0.06,-0.07,-0.05
202122,Academic year,Regional,E92000001,England,E12000003,Yorkshire and The Humber,1 Urban - Major conurbation,Revised,124,21497,1000981.5,46.6,20609,95.9,10371,48.2,14189,66,7901,36.8,87424.2,4.07,3878,18,5136,23.9,20483,-731.852,-0.04,-0.06,-0.02
202122,Academic year,Regional,E92000001,England,E12000003,Yorkshire and The Humber,2 Urban - minor conurbation,Revised,76,12297,558236,45.4,11816,96.1,5519,44.9,7913,64.3,3916,31.8,47771.65,3.88,1919,15.6,2580,21,11784,-1826.805,-0.16,-0.18,-0.13
202122,Academic year,Regional,E92000001,England,E12000003,Yorkshire and The Humber,3 Urban - City and town,Revised,125,18955,898560.5,47.4,18297,96.5,9078,47.9,12689,66.9,6594,34.8,78190.26,4.13,3527,18.6,4610,24.3,18341,-1477.207,-0.08,-0.1,-0.06
202122,Academic year,Regional,E92000001,England,E12000003,Yorkshire and The Humber,4 Rural - Town and fringe,Revised,43,6048,290803.25,48.1,5897,97.5,2859,47.3,4208,69.6,1773,29.3,25059.66,4.14,958,15.8,1321,21.8,5891,-580.704,-0.1,-0.13,-0.06
202122,Academic year,Regional,E92000001,England,E12000003,Yorkshire and The Humber,5 Rural - Village,Revised,6,699,39233,56.1,673,96.3,472,67.5,579,82.8,214,30.6,3368.38,4.82,134,19.2,157,22.5,685,277.497,0.41,0.3,0.51
202122,Academic year,Regional,E92000001,England,E12000003,Yorkshire and The Humber,6 Rural - Hamlet and isolated dwellings,Revised,3,499,25639.25,51.4,483,96.8,298,59.7,374,74.9,300,60.1,2371.63,4.75,175,35.1,228,45.7,488,146.414,0.3,0.18,0.42
202122,Academic year,Regional,E92000001,England,E12000003,Yorkshire and The Humber,Total,Revised,377,59995,2813453.5,46.9,57775,96.3,28597,47.7,39952,66.6,20698,34.5,244185.78,4.07,10591,17.7,14032,23.4,57672,-4192.657,-0.07,-0.08,-0.06
