time_period,time_identifier,version,geographic_level,country_code,country_name,school_characteristic,subject,qualification_type,grade,number_achieving
202122,Academic year,Revised,National,E92000001,England,Alternative Provision,Any classical study,GCSE,Total exam entries,8
202122,Academic year,Revised,National,E92000001,England,Alternative Provision,Any classical study,GCSE,9,0
202122,Academic year,Revised,National,E92000001,England,Alternative Provision,Any classical study,GCSE,8,1
202122,Academic year,Revised,National,E92000001,England,Alternative Provision,Any classical study,GCSE,7,0
202122,Academic year,Revised,National,E92000001,England,Alternative Provision,Any classical study,GCSE,6,0
202122,Academic year,Revised,National,E92000001,England,Alternative Provision,Any classical study,GCSE,5,1
202122,Academic year,Revised,National,E92000001,England,Alternative Provision,Any classical study,GCSE,4,2
202122,Academic year,Revised,National,E92000001,England,Alternative Provision,Any classical study,GCSE,3,1
202122,Academic year,Revised,National,E92000001,England,Alternative Provision,Any classical study,GCSE,2,1
202122,Academic year,Revised,National,E92000001,England,Alternative Provision,Any classical study,GCSE,1,1
202122,Academic year,Revised,National,E92000001,England,Alternative Provision,Any classical study,GCSE,U,0
202122,Academic year,Revised,National,E92000001,England,Alternative Provision,Any classical study,GCSE,X,0
202122,Academic year,Revised,National,E92000001,England,Alternative Provision,Any classical study,GCSE,Covid impacted,1
202122,Academic year,Revised,National,E92000001,England,Alternative Provision,Any design & technology,GCSE,Total exam entries,159
202122,Academic year,Revised,National,E92000001,England,Alternative Provision,Any design & technology,GCSE,9,0
202122,Academic year,Revised,National,E92000001,England,Alternative Provision,Any design & technology,GCSE,8,0
202122,Academic year,Revised,National,E92000001,England,Alternative Provision,Any design & technology,GCSE,7,2
202122,Academic year,Revised,National,E92000001,England,Alternative Provision,Any design & technology,GCSE,6,6
202122,Academic year,Revised,National,E92000001,England,Alternative Provision,Any design & technology,GCSE,5,11
202122,Academic year,Revised,National,E92000001,England,Alternative Provision,Any design & technology,GCSE,4,22
202122,Academic year,Revised,National,E92000001,England,Alternative Provision,Any design & technology,GCSE,3,43
202122,Academic year,Revised,National,E92000001,England,Alternative Provision,Any design & technology,GCSE,2,36
202122,Academic year,Revised,National,E92000001,England,Alternative Provision,Any design & technology,GCSE,1,18
202122,Academic year,Revised,National,E92000001,England,Alternative Provision,Any design & technology,GCSE,U,10
202122,Academic year,Revised,National,E92000001,England,Alternative Provision,Any design & technology,GCSE,X,3
202122,Academic year,Revised,National,E92000001,England,Alternative Provision,Any design & technology,GCSE,Covid impacted,8
202122,Academic year,Revised,National,E92000001,England,Alternative Provision,Any English,GCSE,Total exam entries,4672
202122,Academic year,Revised,National,E92000001,England,Alternative Provision,Any English,GCSE,9,7
202122,Academic year,Revised,National,E92000001,England,Alternative Provision,Any English,GCSE,8,24
202122,Academic year,Revised,National,E92000001,England,Alternative Provision,Any English,GCSE,7,44
202122,Academic year,Revised,National,E92000001,England,Alternative Provision,Any English,GCSE,6,89
202122,Academic year,Revised,National,E92000001,England,Alternative Provision,Any English,GCSE,5,233
202122,Academic year,Revised,National,E92000001,England,Alternative Provision,Any English,GCSE,4,385
202122,Academic year,Revised,National,E92000001,England,Alternative Provision,Any English,GCSE,3,1019
202122,Academic year,Revised,National,E92000001,England,Alternative Provision,Any English,GCSE,2,964
202122,Academic year,Revised,National,E92000001,England,Alternative Provision,Any English,GCSE,1,670
202122,Academic year,Revised,National,E92000001,England,Alternative Provision,Any English,GCSE,U,370
202122,Academic year,Revised,National,E92000001,England,Alternative Provision,Any English,GCSE,X,470
202122,Academic year,Revised,National,E92000001,England,Alternative Provision,Any English,GCSE,Covid impacted,397
202122,Academic year,Revised,National,E92000001,England,Alternative Provision,Any mathematics,GCSE,Total exam entries,4009
202122,Academic year,Revised,National,E92000001,England,Alternative Provision,Any mathematics,GCSE,9,8
202122,Academic year,Revised,National,E92000001,England,Alternative Provision,Any mathematics,GCSE,8,10
202122,Academic year,Revised,National,E92000001,England,Alternative Provision,Any mathematics,GCSE,7,17
202122,Academic year,Revised,National,E92000001,England,Alternative Provision,Any mathematics,GCSE,6,44
202122,Academic year,Revised,National,E92000001,England,Alternative Provision,Any mathematics,GCSE,5,163
202122,Academic year,Revised,National,E92000001,England,Alternative Provision,Any mathematics,GCSE,4,351
202122,Academic year,Revised,National,E92000001,England,Alternative Provision,Any mathematics,GCSE,3,528
202122,Academic year,Revised,National,E92000001,England,Alternative Provision,Any mathematics,GCSE,2,804
202122,Academic year,Revised,National,E92000001,England,Alternative Provision,Any mathematics,GCSE,1,935
202122,Academic year,Revised,National,E92000001,England,Alternative Provision,Any mathematics,GCSE,U,421
202122,Academic year,Revised,National,E92000001,England,Alternative Provision,Any mathematics,GCSE,X,425
202122,Academic year,Revised,National,E92000001,England,Alternative Provision,Any mathematics,GCSE,Covid impacted,303
202122,Academic year,Revised,National,E92000001,England,Alternative Provision,Any modern language,GCSE,Total exam entries,75
202122,Academic year,Revised,National,E92000001,England,Alternative Provision,Any modern language,GCSE,9,16
202122,Academic year,Revised,National,E92000001,England,Alternative Provision,Any modern language,GCSE,8,12
202122,Academic year,Revised,National,E92000001,England,Alternative Provision,Any modern language,GCSE,7,6
202122,Academic year,Revised,National,E92000001,England,Alternative Provision,Any modern language,GCSE,6,2
202122,Academic year,Revised,National,E92000001,England,Alternative Provision,Any modern language,GCSE,5,19
202122,Academic year,Revised,National,E92000001,England,Alternative Provision,Any modern language,GCSE,4,3
202122,Academic year,Revised,National,E92000001,England,Alternative Provision,Any modern language,GCSE,3,8
202122,Academic year,Revised,National,E92000001,England,Alternative Provision,Any modern language,GCSE,2,0
202122,Academic year,Revised,National,E92000001,England,Alternative Provision,Any modern language,GCSE,1,2
202122,Academic year,Revised,National,E92000001,England,Alternative Provision,Any modern language,GCSE,U,0
202122,Academic year,Revised,National,E92000001,England,Alternative Provision,Any modern language,GCSE,X,2
202122,Academic year,Revised,National,E92000001,England,Alternative Provision,Any modern language,GCSE,Covid impacted,5
202122,Academic year,Revised,National,E92000001,England,Alternative Provision,Any science,GCSE,Total exam entries,2488
202122,Academic year,Revised,National,E92000001,England,Alternative Provision,Any science,GCSE,9,9
202122,Academic year,Revised,National,E92000001,England,Alternative Provision,Any science,GCSE,8,18
202122,Academic year,Revised,National,E92000001,England,Alternative Provision,Any science,GCSE,7,16
202122,Academic year,Revised,National,E92000001,England,Alternative Provision,Any science,GCSE,6,27
202122,Academic year,Revised,National,E92000001,England,Alternative Provision,Any science,GCSE,5,83
202122,Academic year,Revised,National,E92000001,England,Alternative Provision,Any science,GCSE,4,89
202122,Academic year,Revised,National,E92000001,England,Alternative Provision,Any science,GCSE,3,225
202122,Academic year,Revised,National,E92000001,England,Alternative Provision,Any science,GCSE,2,372
202122,Academic year,Revised,National,E92000001,England,Alternative Provision,Any science,GCSE,1,261
202122,Academic year,Revised,National,E92000001,England,Alternative Provision,Any science,GCSE,99,4
202122,Academic year,Revised,National,E92000001,England,Alternative Provision,Any science,GCSE,98,0
202122,Academic year,Revised,National,E92000001,England,Alternative Provision,Any science,GCSE,88,1
202122,Academic year,Revised,National,E92000001,England,Alternative Provision,Any science,GCSE,87,4
202122,Academic year,Revised,National,E92000001,England,Alternative Provision,Any science,GCSE,77,5
202122,Academic year,Revised,National,E92000001,England,Alternative Provision,Any science,GCSE,76,5
202122,Academic year,Revised,National,E92000001,England,Alternative Provision,Any science,GCSE,66,11
202122,Academic year,Revised,National,E92000001,England,Alternative Provision,Any science,GCSE,65,7
202122,Academic year,Revised,National,E92000001,England,Alternative Provision,Any science,GCSE,55,45
202122,Academic year,Revised,National,E92000001,England,Alternative Provision,Any science,GCSE,54,52
202122,Academic year,Revised,National,E92000001,England,Alternative Provision,Any science,GCSE,44,68
202122,Academic year,Revised,National,E92000001,England,Alternative Provision,Any science,GCSE,43,84
202122,Academic year,Revised,National,E92000001,England,Alternative Provision,Any science,GCSE,33,99
202122,Academic year,Revised,National,E92000001,England,Alternative Provision,Any science,GCSE,32,108
202122,Academic year,Revised,National,E92000001,England,Alternative Provision,Any science,GCSE,22,119
202122,Academic year,Revised,National,E92000001,England,Alternative Provision,Any science,GCSE,21,115
202122,Academic year,Revised,National,E92000001,England,Alternative Provision,Any science,GCSE,11,97
202122,Academic year,Revised,National,E92000001,England,Alternative Provision,Any science,GCSE,U,192
202122,Academic year,Revised,National,E92000001,England,Alternative Provision,Any science,GCSE,X,224
202122,Academic year,Revised,National,E92000001,England,Alternative Provision,Any science,GCSE,Covid impacted,148
202122,Academic year,Revised,National,E92000001,England,Alternative Provision,Any subject,GCSE,Total exam entries,4309
202122,Academic year,Revised,National,E92000001,England,Alternative Provision,Any subject,GCSE,9,z
202122,Academic year,Revised,National,E92000001,England,Alternative Provision,Any subject,GCSE,8,z
202122,Academic year,Revised,National,E92000001,England,Alternative Provision,Any subject,GCSE,7,z
202122,Academic year,Revised,National,E92000001,England,Alternative Provision,Any subject,GCSE,6,z
202122,Academic year,Revised,National,E92000001,England,Alternative Provision,Any subject,GCSE,5,z
202122,Academic year,Revised,National,E92000001,England,Alternative Provision,Any subject,GCSE,4,z
202122,Academic year,Revised,National,E92000001,England,Alternative Provision,Any subject,GCSE,3,z
202122,Academic year,Revised,National,E92000001,England,Alternative Provision,Any subject,GCSE,2,z
202122,Academic year,Revised,National,E92000001,England,Alternative Provision,Any subject,GCSE,1,z
202122,Academic year,Revised,National,E92000001,England,Alternative Provision,Any subject,GCSE,U,z
202122,Academic year,Revised,National,E92000001,England,Alternative Provision,Any subject,GCSE,X,z
202122,Academic year,Revised,National,E92000001,England,Alternative Provision,Any subject,GCSE,Covid impacted,z
202122,Academic year,Revised,National,E92000001,England,Alternative Provision,Art and Design,GCSE,Total exam entries,1194
202122,Academic year,Revised,National,E92000001,England,Alternative Provision,Art and Design,GCSE,9,4
202122,Academic year,Revised,National,E92000001,England,Alternative Provision,Art and Design,GCSE,8,22
202122,Academic year,Revised,National,E92000001,England,Alternative Provision,Art and Design,GCSE,7,27
202122,Academic year,Revised,National,E92000001,England,Alternative Provision,Art and Design,GCSE,6,113
202122,Academic year,Revised,National,E92000001,England,Alternative Provision,Art and Design,GCSE,5,143
202122,Academic year,Revised,National,E92000001,England,Alternative Provision,Art and Design,GCSE,4,154
202122,Academic year,Revised,National,E92000001,England,Alternative Provision,Art and Design,GCSE,3,229
202122,Academic year,Revised,National,E92000001,England,Alternative Provision,Art and Design,GCSE,2,199
202122,Academic year,Revised,National,E92000001,England,Alternative Provision,Art and Design,GCSE,1,118
202122,Academic year,Revised,National,E92000001,England,Alternative Provision,Art and Design,GCSE,U,26
202122,Academic year,Revised,National,E92000001,England,Alternative Provision,Art and Design,GCSE,X,49
202122,Academic year,Revised,National,E92000001,England,Alternative Provision,Art and Design,GCSE,Covid impacted,110
202122,Academic year,Revised,National,E92000001,England,Alternative Provision,Biology,GCSE,Total exam entries,1089
202122,Academic year,Revised,National,E92000001,England,Alternative Provision,Biology,GCSE,9,3
202122,Academic year,Revised,National,E92000001,England,Alternative Provision,Biology,GCSE,8,3
202122,Academic year,Revised,National,E92000001,England,Alternative Provision,Biology,GCSE,7,7
202122,Academic year,Revised,National,E92000001,England,Alternative Provision,Biology,GCSE,6,11
202122,Academic year,Revised,National,E92000001,England,Alternative Provision,Biology,GCSE,5,46
202122,Academic year,Revised,National,E92000001,England,Alternative Provision,Biology,GCSE,4,65
202122,Academic year,Revised,National,E92000001,England,Alternative Provision,Biology,GCSE,3,186
202122,Academic year,Revised,National,E92000001,England,Alternative Provision,Biology,GCSE,2,321
202122,Academic year,Revised,National,E92000001,England,Alternative Provision,Biology,GCSE,1,212
202122,Academic year,Revised,National,E92000001,England,Alternative Provision,Biology,GCSE,U,48
202122,Academic year,Revised,National,E92000001,England,Alternative Provision,Biology,GCSE,X,127
202122,Academic year,Revised,National,E92000001,England,Alternative Provision,Biology,GCSE,Covid impacted,60
202122,Academic year,Revised,National,E92000001,England,Alternative Provision,Business,GCSE,Total exam entries,111
202122,Academic year,Revised,National,E92000001,England,Alternative Provision,Business,GCSE,9,0
202122,Academic year,Revised,National,E92000001,England,Alternative Provision,Business,GCSE,8,1
202122,Academic year,Revised,National,E92000001,England,Alternative Provision,Business,GCSE,7,2
202122,Academic year,Revised,National,E92000001,England,Alternative Provision,Business,GCSE,6,8
202122,Academic year,Revised,National,E92000001,England,Alternative Provision,Business,GCSE,5,5
202122,Academic year,Revised,National,E92000001,England,Alternative Provision,Business,GCSE,4,11
202122,Academic year,Revised,National,E92000001,England,Alternative Provision,Business,GCSE,3,16
202122,Academic year,Revised,National,E92000001,England,Alternative Provision,Business,GCSE,2,22
202122,Academic year,Revised,National,E92000001,England,Alternative Provision,Business,GCSE,1,20
202122,Academic year,Revised,National,E92000001,England,Alternative Provision,Business,GCSE,U,12
202122,Academic year,Revised,National,E92000001,England,Alternative Provision,Business,GCSE,X,10
202122,Academic year,Revised,National,E92000001,England,Alternative Provision,Business,GCSE,Covid impacted,4
202122,Academic year,Revised,National,E92000001,England,Alternative Provision,Chemistry,GCSE,Total exam entries,146
202122,Academic year,Revised,National,E92000001,England,Alternative Provision,Chemistry,GCSE,9,3
202122,Academic year,Revised,National,E92000001,England,Alternative Provision,Chemistry,GCSE,8,8
202122,Academic year,Revised,National,E92000001,England,Alternative Provision,Chemistry,GCSE,7,4
202122,Academic year,Revised,National,E92000001,England,Alternative Provision,Chemistry,GCSE,6,4
202122,Academic year,Revised,National,E92000001,England,Alternative Provision,Chemistry,GCSE,5,16
202122,Academic year,Revised,National,E92000001,England,Alternative Provision,Chemistry,GCSE,4,12
202122,Academic year,Revised,National,E92000001,England,Alternative Provision,Chemistry,GCSE,3,12
202122,Academic year,Revised,National,E92000001,England,Alternative Provision,Chemistry,GCSE,2,33
202122,Academic year,Revised,National,E92000001,England,Alternative Provision,Chemistry,GCSE,1,22
202122,Academic year,Revised,National,E92000001,England,Alternative Provision,Chemistry,GCSE,U,15
202122,Academic year,Revised,National,E92000001,England,Alternative Provision,Chemistry,GCSE,X,7
202122,Academic year,Revised,National,E92000001,England,Alternative Provision,Chemistry,GCSE,Covid impacted,10
202122,Academic year,Revised,National,E92000001,England,Alternative Provision,Classical Civilisation,GCSE,Total exam entries,7
202122,Academic year,Revised,National,E92000001,England,Alternative Provision,Classical Civilisation,GCSE,9,0
202122,Academic year,Revised,National,E92000001,England,Alternative Provision,Classical Civilisation,GCSE,8,0
202122,Academic year,Revised,National,E92000001,England,Alternative Provision,Classical Civilisation,GCSE,7,0
202122,Academic year,Revised,National,E92000001,England,Alternative Provision,Classical Civilisation,GCSE,6,0
202122,Academic year,Revised,National,E92000001,England,Alternative Provision,Classical Civilisation,GCSE,5,1
202122,Academic year,Revised,National,E92000001,England,Alternative Provision,Classical Civilisation,GCSE,4,2
202122,Academic year,Revised,National,E92000001,England,Alternative Provision,Classical Civilisation,GCSE,3,1
202122,Academic year,Revised,National,E92000001,England,Alternative Provision,Classical Civilisation,GCSE,2,1
202122,Academic year,Revised,National,E92000001,England,Alternative Provision,Classical Civilisation,GCSE,1,1
202122,Academic year,Revised,National,E92000001,England,Alternative Provision,Classical Civilisation,GCSE,U,0
202122,Academic year,Revised,National,E92000001,England,Alternative Provision,Classical Civilisation,GCSE,X,0
202122,Academic year,Revised,National,E92000001,England,Alternative Provision,Classical Civilisation,GCSE,Covid impacted,1
202122,Academic year,Revised,National,E92000001,England,Alternative Provision,Combined Science,GCSE,Total exam entries,1083
202122,Academic year,Revised,National,E92000001,England,Alternative Provision,Combined Science,GCSE,9,0
202122,Academic year,Revised,National,E92000001,England,Alternative Provision,Combined Science,GCSE,8,0
202122,Academic year,Revised,National,E92000001,England,Alternative Provision,Combined Science,GCSE,7,0
202122,Academic year,Revised,National,E92000001,England,Alternative Provision,Combined Science,GCSE,6,0
202122,Academic year,Revised,National,E92000001,England,Alternative Provision,Combined Science,GCSE,5,0
202122,Academic year,Revised,National,E92000001,England,Alternative Provision,Combined Science,GCSE,4,0
202122,Academic year,Revised,National,E92000001,England,Alternative Provision,Combined Science,GCSE,3,0
202122,Academic year,Revised,National,E92000001,England,Alternative Provision,Combined Science,GCSE,2,0
202122,Academic year,Revised,National,E92000001,England,Alternative Provision,Combined Science,GCSE,1,0
202122,Academic year,Revised,National,E92000001,England,Alternative Provision,Combined Science,GCSE,99,4
202122,Academic year,Revised,National,E92000001,England,Alternative Provision,Combined Science,GCSE,98,0
202122,Academic year,Revised,National,E92000001,England,Alternative Provision,Combined Science,GCSE,88,1
202122,Academic year,Revised,National,E92000001,England,Alternative Provision,Combined Science,GCSE,87,4
202122,Academic year,Revised,National,E92000001,England,Alternative Provision,Combined Science,GCSE,77,5
202122,Academic year,Revised,National,E92000001,England,Alternative Provision,Combined Science,GCSE,76,5
202122,Academic year,Revised,National,E92000001,England,Alternative Provision,Combined Science,GCSE,66,11
202122,Academic year,Revised,National,E92000001,England,Alternative Provision,Combined Science,GCSE,65,7
202122,Academic year,Revised,National,E92000001,England,Alternative Provision,Combined Science,GCSE,55,45
202122,Academic year,Revised,National,E92000001,England,Alternative Provision,Combined Science,GCSE,54,52
202122,Academic year,Revised,National,E92000001,England,Alternative Provision,Combined Science,GCSE,44,68
202122,Academic year,Revised,National,E92000001,England,Alternative Provision,Combined Science,GCSE,43,84
202122,Academic year,Revised,National,E92000001,England,Alternative Provision,Combined Science,GCSE,33,99
202122,Academic year,Revised,National,E92000001,England,Alternative Provision,Combined Science,GCSE,32,108
202122,Academic year,Revised,National,E92000001,England,Alternative Provision,Combined Science,GCSE,22,119
202122,Academic year,Revised,National,E92000001,England,Alternative Provision,Combined Science,GCSE,21,115
202122,Academic year,Revised,National,E92000001,England,Alternative Provision,Combined Science,GCSE,11,97
202122,Academic year,Revised,National,E92000001,England,Alternative Provision,Combined Science,GCSE,U,120
202122,Academic year,Revised,National,E92000001,England,Alternative Provision,Combined Science,GCSE,X,78
202122,Academic year,Revised,National,E92000001,England,Alternative Provision,Combined Science,GCSE,Covid impacted,61
202122,Academic year,Revised,National,E92000001,England,Alternative Provision,Computer Science,GCSE,Total exam entries,41
202122,Academic year,Revised,National,E92000001,England,Alternative Provision,Computer Science,GCSE,9,0
202122,Academic year,Revised,National,E92000001,England,Alternative Provision,Computer Science,GCSE,8,2
202122,Academic year,Revised,National,E92000001,England,Alternative Provision,Computer Science,GCSE,7,3
202122,Academic year,Revised,National,E92000001,England,Alternative Provision,Computer Science,GCSE,6,3
202122,Academic year,Revised,National,E92000001,England,Alternative Provision,Computer Science,GCSE,5,1
202122,Academic year,Revised,National,E92000001,England,Alternative Provision,Computer Science,GCSE,4,2
202122,Academic year,Revised,National,E92000001,England,Alternative Provision,Computer Science,GCSE,3,3
202122,Academic year,Revised,National,E92000001,England,Alternative Provision,Computer Science,GCSE,2,5
202122,Academic year,Revised,National,E92000001,England,Alternative Provision,Computer Science,GCSE,1,9
202122,Academic year,Revised,National,E92000001,England,Alternative Provision,Computer Science,GCSE,U,3
202122,Academic year,Revised,National,E92000001,England,Alternative Provision,Computer Science,GCSE,X,1
202122,Academic year,Revised,National,E92000001,England,Alternative Provision,Computer Science,GCSE,Covid impacted,9
202122,Academic year,Revised,National,E92000001,England,Alternative Provision,Design & Technology,GCSE,Total exam entries,61
202122,Academic year,Revised,National,E92000001,England,Alternative Provision,Design & Technology,GCSE,9,0
202122,Academic year,Revised,National,E92000001,England,Alternative Provision,Design & Technology,GCSE,8,0
202122,Academic year,Revised,National,E92000001,England,Alternative Provision,Design & Technology,GCSE,7,1
202122,Academic year,Revised,National,E92000001,England,Alternative Provision,Design & Technology,GCSE,6,3
202122,Academic year,Revised,National,E92000001,England,Alternative Provision,Design & Technology,GCSE,5,4
202122,Academic year,Revised,National,E92000001,England,Alternative Provision,Design & Technology,GCSE,4,7
202122,Academic year,Revised,National,E92000001,England,Alternative Provision,Design & Technology,GCSE,3,11
202122,Academic year,Revised,National,E92000001,England,Alternative Provision,Design & Technology,GCSE,2,13
202122,Academic year,Revised,National,E92000001,England,Alternative Provision,Design & Technology,GCSE,1,8
202122,Academic year,Revised,National,E92000001,England,Alternative Provision,Design & Technology,GCSE,U,5
202122,Academic year,Revised,National,E92000001,England,Alternative Provision,Design & Technology,GCSE,X,3
202122,Academic year,Revised,National,E92000001,England,Alternative Provision,Design & Technology,GCSE,Covid impacted,6
202122,Academic year,Revised,National,E92000001,England,Alternative Provision,Drama,GCSE,Total exam entries,16
202122,Academic year,Revised,National,E92000001,England,Alternative Provision,Drama,GCSE,9,1
202122,Academic year,Revised,National,E92000001,England,Alternative Provision,Drama,GCSE,8,0
202122,Academic year,Revised,National,E92000001,England,Alternative Provision,Drama,GCSE,7,0
202122,Academic year,Revised,National,E92000001,England,Alternative Provision,Drama,GCSE,6,0
202122,Academic year,Revised,National,E92000001,England,Alternative Provision,Drama,GCSE,5,0
202122,Academic year,Revised,National,E92000001,England,Alternative Provision,Drama,GCSE,4,3
202122,Academic year,Revised,National,E92000001,England,Alternative Provision,Drama,GCSE,3,4
202122,Academic year,Revised,National,E92000001,England,Alternative Provision,Drama,GCSE,2,2
202122,Academic year,Revised,National,E92000001,England,Alternative Provision,Drama,GCSE,1,2
202122,Academic year,Revised,National,E92000001,England,Alternative Provision,Drama,GCSE,U,4
202122,Academic year,Revised,National,E92000001,England,Alternative Provision,Drama,GCSE,X,0
202122,Academic year,Revised,National,E92000001,England,Alternative Provision,Drama,GCSE,Covid impacted,0
202122,Academic year,Revised,National,E92000001,England,Alternative Provision,Economics,GCSE,Total exam entries,3
202122,Academic year,Revised,National,E92000001,England,Alternative Provision,Economics,GCSE,9,0
202122,Academic year,Revised,National,E92000001,England,Alternative Provision,Economics,GCSE,8,0
202122,Academic year,Revised,National,E92000001,England,Alternative Provision,Economics,GCSE,7,0
202122,Academic year,Revised,National,E92000001,England,Alternative Provision,Economics,GCSE,6,0
202122,Academic year,Revised,National,E92000001,England,Alternative Provision,Economics,GCSE,5,0
202122,Academic year,Revised,National,E92000001,England,Alternative Provision,Economics,GCSE,4,1
202122,Academic year,Revised,National,E92000001,England,Alternative Provision,Economics,GCSE,3,1
202122,Academic year,Revised,National,E92000001,England,Alternative Provision,Economics,GCSE,2,0
202122,Academic year,Revised,National,E92000001,England,Alternative Provision,Economics,GCSE,1,0
202122,Academic year,Revised,National,E92000001,England,Alternative Provision,Economics,GCSE,U,0
202122,Academic year,Revised,National,E92000001,England,Alternative Provision,Economics,GCSE,X,0
202122,Academic year,Revised,National,E92000001,England,Alternative Provision,Economics,GCSE,Covid impacted,1
202122,Academic year,Revised,National,E92000001,England,Alternative Provision,Engineering,GCSE,Total exam entries,5
202122,Academic year,Revised,National,E92000001,England,Alternative Provision,Engineering,GCSE,9,0
202122,Academic year,Revised,National,E92000001,England,Alternative Provision,Engineering,GCSE,8,0
202122,Academic year,Revised,National,E92000001,England,Alternative Provision,Engineering,GCSE,7,0
202122,Academic year,Revised,National,E92000001,England,Alternative Provision,Engineering,GCSE,6,0
202122,Academic year,Revised,National,E92000001,England,Alternative Provision,Engineering,GCSE,5,0
202122,Academic year,Revised,National,E92000001,England,Alternative Provision,Engineering,GCSE,4,0
202122,Academic year,Revised,National,E92000001,England,Alternative Provision,Engineering,GCSE,3,1
202122,Academic year,Revised,National,E92000001,England,Alternative Provision,Engineering,GCSE,2,1
202122,Academic year,Revised,National,E92000001,England,Alternative Provision,Engineering,GCSE,1,0
202122,Academic year,Revised,National,E92000001,England,Alternative Provision,Engineering,GCSE,U,0
202122,Academic year,Revised,National,E92000001,England,Alternative Provision,Engineering,GCSE,X,0
202122,Academic year,Revised,National,E92000001,England,Alternative Provision,Engineering,GCSE,Covid impacted,3
202122,Academic year,Revised,National,E92000001,England,Alternative Provision,English & mathematics,GCSE,Total exam entries,3511
202122,Academic year,Revised,National,E92000001,England,Alternative Provision,English & mathematics,GCSE,9,z
202122,Academic year,Revised,National,E92000001,England,Alternative Provision,English & mathematics,GCSE,8,z
202122,Academic year,Revised,National,E92000001,England,Alternative Provision,English & mathematics,GCSE,7,z
202122,Academic year,Revised,National,E92000001,England,Alternative Provision,English & mathematics,GCSE,6,z
202122,Academic year,Revised,National,E92000001,England,Alternative Provision,English & mathematics,GCSE,5,z
202122,Academic year,Revised,National,E92000001,England,Alternative Provision,English & mathematics,GCSE,4,z
202122,Academic year,Revised,National,E92000001,England,Alternative Provision,English & mathematics,GCSE,3,z
202122,Academic year,Revised,National,E92000001,England,Alternative Provision,English & mathematics,GCSE,2,z
202122,Academic year,Revised,National,E92000001,England,Alternative Provision,English & mathematics,GCSE,1,z
202122,Academic year,Revised,National,E92000001,England,Alternative Provision,English & mathematics,GCSE,U,z
202122,Academic year,Revised,National,E92000001,England,Alternative Provision,English & mathematics,GCSE,X,z
202122,Academic year,Revised,National,E92000001,England,Alternative Provision,English & mathematics,GCSE,Covid impacted,z
202122,Academic year,Revised,National,E92000001,England,Alternative Provision,English Language,GCSE,Total exam entries,3627
202122,Academic year,Revised,National,E92000001,England,Alternative Provision,English Language,GCSE,9,4
202122,Academic year,Revised,National,E92000001,England,Alternative Provision,English Language,GCSE,8,18
202122,Academic year,Revised,National,E92000001,England,Alternative Provision,English Language,GCSE,7,31
202122,Academic year,Revised,National,E92000001,England,Alternative Provision,English Language,GCSE,6,55
202122,Academic year,Revised,National,E92000001,England,Alternative Provision,English Language,GCSE,5,171
202122,Academic year,Revised,National,E92000001,England,Alternative Provision,English Language,GCSE,4,302
202122,Academic year,Revised,National,E92000001,England,Alternative Provision,English Language,GCSE,3,857
202122,Academic year,Revised,National,E92000001,England,Alternative Provision,English Language,GCSE,2,786
202122,Academic year,Revised,National,E92000001,England,Alternative Provision,English Language,GCSE,1,525
202122,Academic year,Revised,National,E92000001,England,Alternative Provision,English Language,GCSE,U,247
202122,Academic year,Revised,National,E92000001,England,Alternative Provision,English Language,GCSE,X,376
202122,Academic year,Revised,National,E92000001,England,Alternative Provision,English Language,GCSE,Covid impacted,255
202122,Academic year,Revised,National,E92000001,England,Alternative Provision,English Literature,GCSE,Total exam entries,1045
202122,Academic year,Revised,National,E92000001,England,Alternative Provision,English Literature,GCSE,9,3
202122,Academic year,Revised,National,E92000001,England,Alternative Provision,English Literature,GCSE,8,6
202122,Academic year,Revised,National,E92000001,England,Alternative Provision,English Literature,GCSE,7,13
202122,Academic year,Revised,National,E92000001,England,Alternative Provision,English Literature,GCSE,6,34
202122,Academic year,Revised,National,E92000001,England,Alternative Provision,English Literature,GCSE,5,62
202122,Academic year,Revised,National,E92000001,England,Alternative Provision,English Literature,GCSE,4,83
202122,Academic year,Revised,National,E92000001,England,Alternative Provision,English Literature,GCSE,3,162
202122,Academic year,Revised,National,E92000001,England,Alternative Provision,English Literature,GCSE,2,178
202122,Academic year,Revised,National,E92000001,England,Alternative Provision,English Literature,GCSE,1,145
202122,Academic year,Revised,National,E92000001,England,Alternative Provision,English Literature,GCSE,U,123
202122,Academic year,Revised,National,E92000001,England,Alternative Provision,English Literature,GCSE,X,94
202122,Academic year,Revised,National,E92000001,England,Alternative Provision,English Literature,GCSE,Covid impacted,142
202122,Academic year,Revised,National,E92000001,England,Alternative Provision,"English, mathematics & science",GCSE,Total exam entries,2018
202122,Academic year,Revised,National,E92000001,England,Alternative Provision,"English, mathematics & science",GCSE,9,z
202122,Academic year,Revised,National,E92000001,England,Alternative Provision,"English, mathematics & science",GCSE,8,z
202122,Academic year,Revised,National,E92000001,England,Alternative Provision,"English, mathematics & science",GCSE,7,z
202122,Academic year,Revised,National,E92000001,England,Alternative Provision,"English, mathematics & science",GCSE,6,z
202122,Academic year,Revised,National,E92000001,England,Alternative Provision,"English, mathematics & science",GCSE,5,z
202122,Academic year,Revised,National,E92000001,England,Alternative Provision,"English, mathematics & science",GCSE,4,z
202122,Academic year,Revised,National,E92000001,England,Alternative Provision,"English, mathematics & science",GCSE,3,z
202122,Academic year,Revised,National,E92000001,England,Alternative Provision,"English, mathematics & science",GCSE,2,z
202122,Academic year,Revised,National,E92000001,England,Alternative Provision,"English, mathematics & science",GCSE,1,z
202122,Academic year,Revised,National,E92000001,England,Alternative Provision,"English, mathematics & science",GCSE,U,z
202122,Academic year,Revised,National,E92000001,England,Alternative Provision,"English, mathematics & science",GCSE,X,z
202122,Academic year,Revised,National,E92000001,England,Alternative Provision,"English, mathematics & science",GCSE,Covid impacted,z
202122,Academic year,Revised,National,E92000001,England,Alternative Provision,Film Studies,GCSE,Total exam entries,21
202122,Academic year,Revised,National,E92000001,England,Alternative Provision,Film Studies,GCSE,9,0
202122,Academic year,Revised,National,E92000001,England,Alternative Provision,Film Studies,GCSE,8,1
202122,Academic year,Revised,National,E92000001,England,Alternative Provision,Film Studies,GCSE,7,0
202122,Academic year,Revised,National,E92000001,England,Alternative Provision,Film Studies,GCSE,6,4
202122,Academic year,Revised,National,E92000001,England,Alternative Provision,Film Studies,GCSE,5,3
202122,Academic year,Revised,National,E92000001,England,Alternative Provision,Film Studies,GCSE,4,1
202122,Academic year,Revised,National,E92000001,England,Alternative Provision,Film Studies,GCSE,3,2
202122,Academic year,Revised,National,E92000001,England,Alternative Provision,Film Studies,GCSE,2,5
202122,Academic year,Revised,National,E92000001,England,Alternative Provision,Film Studies,GCSE,1,1
202122,Academic year,Revised,National,E92000001,England,Alternative Provision,Film Studies,GCSE,U,0
202122,Academic year,Revised,National,E92000001,England,Alternative Provision,Film Studies,GCSE,X,2
202122,Academic year,Revised,National,E92000001,England,Alternative Provision,Film Studies,GCSE,Covid impacted,2
202122,Academic year,Revised,National,E92000001,England,Alternative Provision,Food Preparation & Nutrition,GCSE,Total exam entries,98
202122,Academic year,Revised,National,E92000001,England,Alternative Provision,Food Preparation & Nutrition,GCSE,9,0
202122,Academic year,Revised,National,E92000001,England,Alternative Provision,Food Preparation & Nutrition,GCSE,8,0
202122,Academic year,Revised,National,E92000001,England,Alternative Provision,Food Preparation & Nutrition,GCSE,7,1
202122,Academic year,Revised,National,E92000001,England,Alternative Provision,Food Preparation & Nutrition,GCSE,6,3
202122,Academic year,Revised,National,E92000001,England,Alternative Provision,Food Preparation & Nutrition,GCSE,5,7
202122,Academic year,Revised,National,E92000001,England,Alternative Provision,Food Preparation & Nutrition,GCSE,4,15
202122,Academic year,Revised,National,E92000001,England,Alternative Provision,Food Preparation & Nutrition,GCSE,3,32
202122,Academic year,Revised,National,E92000001,England,Alternative Provision,Food Preparation & Nutrition,GCSE,2,23
202122,Academic year,Revised,National,E92000001,England,Alternative Provision,Food Preparation & Nutrition,GCSE,1,10
202122,Academic year,Revised,National,E92000001,England,Alternative Provision,Food Preparation & Nutrition,GCSE,U,5
202122,Academic year,Revised,National,E92000001,England,Alternative Provision,Food Preparation & Nutrition,GCSE,X,0
202122,Academic year,Revised,National,E92000001,England,Alternative Provision,Food Preparation & Nutrition,GCSE,Covid impacted,2
202122,Academic year,Revised,National,E92000001,England,Alternative Provision,French,GCSE,Total exam entries,12
202122,Academic year,Revised,National,E92000001,England,Alternative Provision,French,GCSE,9,3
202122,Academic year,Revised,National,E92000001,England,Alternative Provision,French,GCSE,8,1
202122,Academic year,Revised,National,E92000001,England,Alternative Provision,French,GCSE,7,0
202122,Academic year,Revised,National,E92000001,England,Alternative Provision,French,GCSE,6,1
202122,Academic year,Revised,National,E92000001,England,Alternative Provision,French,GCSE,5,3
202122,Academic year,Revised,National,E92000001,England,Alternative Provision,French,GCSE,4,2
202122,Academic year,Revised,National,E92000001,England,Alternative Provision,French,GCSE,3,1
202122,Academic year,Revised,National,E92000001,England,Alternative Provision,French,GCSE,2,0
202122,Academic year,Revised,National,E92000001,England,Alternative Provision,French,GCSE,1,0
202122,Academic year,Revised,National,E92000001,England,Alternative Provision,French,GCSE,U,0
202122,Academic year,Revised,National,E92000001,England,Alternative Provision,French,GCSE,X,0
202122,Academic year,Revised,National,E92000001,England,Alternative Provision,French,GCSE,Covid impacted,1
202122,Academic year,Revised,National,E92000001,England,Alternative Provision,Geography,GCSE,Total exam entries,204
202122,Academic year,Revised,National,E92000001,England,Alternative Provision,Geography,GCSE,9,0
202122,Academic year,Revised,National,E92000001,England,Alternative Provision,Geography,GCSE,8,3
202122,Academic year,Revised,National,E92000001,England,Alternative Provision,Geography,GCSE,7,2
202122,Academic year,Revised,National,E92000001,England,Alternative Provision,Geography,GCSE,6,7
202122,Academic year,Revised,National,E92000001,England,Alternative Provision,Geography,GCSE,5,8
202122,Academic year,Revised,National,E92000001,England,Alternative Provision,Geography,GCSE,4,15
202122,Academic year,Revised,National,E92000001,England,Alternative Provision,Geography,GCSE,3,40
202122,Academic year,Revised,National,E92000001,England,Alternative Provision,Geography,GCSE,2,37
202122,Academic year,Revised,National,E92000001,England,Alternative Provision,Geography,GCSE,1,34
202122,Academic year,Revised,National,E92000001,England,Alternative Provision,Geography,GCSE,U,19
202122,Academic year,Revised,National,E92000001,England,Alternative Provision,Geography,GCSE,X,12
202122,Academic year,Revised,National,E92000001,England,Alternative Provision,Geography,GCSE,Covid impacted,27
202122,Academic year,Revised,National,E92000001,England,Alternative Provision,History,GCSE,Total exam entries,203
202122,Academic year,Revised,National,E92000001,England,Alternative Provision,History,GCSE,9,0
202122,Academic year,Revised,National,E92000001,England,Alternative Provision,History,GCSE,8,5
202122,Academic year,Revised,National,E92000001,England,Alternative Provision,History,GCSE,7,0
202122,Academic year,Revised,National,E92000001,England,Alternative Provision,History,GCSE,6,8
202122,Academic year,Revised,National,E92000001,England,Alternative Provision,History,GCSE,5,15
202122,Academic year,Revised,National,E92000001,England,Alternative Provision,History,GCSE,4,16
202122,Academic year,Revised,National,E92000001,England,Alternative Provision,History,GCSE,3,32
202122,Academic year,Revised,National,E92000001,England,Alternative Provision,History,GCSE,2,44
202122,Academic year,Revised,National,E92000001,England,Alternative Provision,History,GCSE,1,34
202122,Academic year,Revised,National,E92000001,England,Alternative Provision,History,GCSE,U,15
202122,Academic year,Revised,National,E92000001,England,Alternative Provision,History,GCSE,X,25
202122,Academic year,Revised,National,E92000001,England,Alternative Provision,History,GCSE,Covid impacted,9
202122,Academic year,Revised,National,E92000001,England,Alternative Provision,Latin,GCSE,Total exam entries,1
202122,Academic year,Revised,National,E92000001,England,Alternative Provision,Latin,GCSE,9,0
202122,Academic year,Revised,National,E92000001,England,Alternative Provision,Latin,GCSE,8,1
202122,Academic year,Revised,National,E92000001,England,Alternative Provision,Latin,GCSE,7,0
202122,Academic year,Revised,National,E92000001,England,Alternative Provision,Latin,GCSE,6,0
202122,Academic year,Revised,National,E92000001,England,Alternative Provision,Latin,GCSE,5,0
202122,Academic year,Revised,National,E92000001,England,Alternative Provision,Latin,GCSE,4,0
202122,Academic year,Revised,National,E92000001,England,Alternative Provision,Latin,GCSE,3,0
202122,Academic year,Revised,National,E92000001,England,Alternative Provision,Latin,GCSE,2,0
202122,Academic year,Revised,National,E92000001,England,Alternative Provision,Latin,GCSE,1,0
202122,Academic year,Revised,National,E92000001,England,Alternative Provision,Latin,GCSE,U,0
202122,Academic year,Revised,National,E92000001,England,Alternative Provision,Latin,GCSE,X,0
202122,Academic year,Revised,National,E92000001,England,Alternative Provision,Latin,GCSE,Covid impacted,0
202122,Academic year,Revised,National,E92000001,England,Alternative Provision,Mathematics,GCSE,Total exam entries,4009
202122,Academic year,Revised,National,E92000001,England,Alternative Provision,Mathematics,GCSE,9,8
202122,Academic year,Revised,National,E92000001,England,Alternative Provision,Mathematics,GCSE,8,10
202122,Academic year,Revised,National,E92000001,England,Alternative Provision,Mathematics,GCSE,7,17
202122,Academic year,Revised,National,E92000001,England,Alternative Provision,Mathematics,GCSE,6,44
202122,Academic year,Revised,National,E92000001,England,Alternative Provision,Mathematics,GCSE,5,163
202122,Academic year,Revised,National,E92000001,England,Alternative Provision,Mathematics,GCSE,4,351
202122,Academic year,Revised,National,E92000001,England,Alternative Provision,Mathematics,GCSE,3,528
202122,Academic year,Revised,National,E92000001,England,Alternative Provision,Mathematics,GCSE,2,804
202122,Academic year,Revised,National,E92000001,England,Alternative Provision,Mathematics,GCSE,1,935
202122,Academic year,Revised,National,E92000001,England,Alternative Provision,Mathematics,GCSE,U,421
202122,Academic year,Revised,National,E92000001,England,Alternative Provision,Mathematics,GCSE,X,425
202122,Academic year,Revised,National,E92000001,England,Alternative Provision,Mathematics,GCSE,Covid impacted,303
202122,Academic year,Revised,National,E92000001,England,Alternative Provision,Mathematics & science,GCSE,Total exam entries,2167
202122,Academic year,Revised,National,E92000001,England,Alternative Provision,Mathematics & science,GCSE,9,z
202122,Academic year,Revised,National,E92000001,England,Alternative Provision,Mathematics & science,GCSE,8,z
202122,Academic year,Revised,National,E92000001,England,Alternative Provision,Mathematics & science,GCSE,7,z
202122,Academic year,Revised,National,E92000001,England,Alternative Provision,Mathematics & science,GCSE,6,z
202122,Academic year,Revised,National,E92000001,England,Alternative Provision,Mathematics & science,GCSE,5,z
202122,Academic year,Revised,National,E92000001,England,Alternative Provision,Mathematics & science,GCSE,4,z
202122,Academic year,Revised,National,E92000001,England,Alternative Provision,Mathematics & science,GCSE,3,z
202122,Academic year,Revised,National,E92000001,England,Alternative Provision,Mathematics & science,GCSE,2,z
202122,Academic year,Revised,National,E92000001,England,Alternative Provision,Mathematics & science,GCSE,1,z
202122,Academic year,Revised,National,E92000001,England,Alternative Provision,Mathematics & science,GCSE,U,z
202122,Academic year,Revised,National,E92000001,England,Alternative Provision,Mathematics & science,GCSE,X,z
202122,Academic year,Revised,National,E92000001,England,Alternative Provision,Mathematics & science,GCSE,Covid impacted,z
202122,Academic year,Revised,National,E92000001,England,Alternative Provision,Media/Film/TV,GCSE,Total exam entries,38
202122,Academic year,Revised,National,E92000001,England,Alternative Provision,Media/Film/TV,GCSE,9,0
202122,Academic year,Revised,National,E92000001,England,Alternative Provision,Media/Film/TV,GCSE,8,0
202122,Academic year,Revised,National,E92000001,England,Alternative Provision,Media/Film/TV,GCSE,7,0
202122,Academic year,Revised,National,E92000001,England,Alternative Provision,Media/Film/TV,GCSE,6,2
202122,Academic year,Revised,National,E92000001,England,Alternative Provision,Media/Film/TV,GCSE,5,4
202122,Academic year,Revised,National,E92000001,England,Alternative Provision,Media/Film/TV,GCSE,4,1
202122,Academic year,Revised,National,E92000001,England,Alternative Provision,Media/Film/TV,GCSE,3,13
202122,Academic year,Revised,National,E92000001,England,Alternative Provision,Media/Film/TV,GCSE,2,5
202122,Academic year,Revised,National,E92000001,England,Alternative Provision,Media/Film/TV,GCSE,1,5
202122,Academic year,Revised,National,E92000001,England,Alternative Provision,Media/Film/TV,GCSE,U,2
202122,Academic year,Revised,National,E92000001,England,Alternative Provision,Media/Film/TV,GCSE,X,1
202122,Academic year,Revised,National,E92000001,England,Alternative Provision,Media/Film/TV,GCSE,Covid impacted,5
202122,Academic year,Revised,National,E92000001,England,Alternative Provision,Music,GCSE,Total exam entries,10
202122,Academic year,Revised,National,E92000001,England,Alternative Provision,Music,GCSE,9,0
202122,Academic year,Revised,National,E92000001,England,Alternative Provision,Music,GCSE,8,0
202122,Academic year,Revised,National,E92000001,England,Alternative Provision,Music,GCSE,7,0
202122,Academic year,Revised,National,E92000001,England,Alternative Provision,Music,GCSE,6,0
202122,Academic year,Revised,National,E92000001,England,Alternative Provision,Music,GCSE,5,2
202122,Academic year,Revised,National,E92000001,England,Alternative Provision,Music,GCSE,4,1
202122,Academic year,Revised,National,E92000001,England,Alternative Provision,Music,GCSE,3,1
202122,Academic year,Revised,National,E92000001,England,Alternative Provision,Music,GCSE,2,0
202122,Academic year,Revised,National,E92000001,England,Alternative Provision,Music,GCSE,1,3
202122,Academic year,Revised,National,E92000001,England,Alternative Provision,Music,GCSE,U,0
202122,Academic year,Revised,National,E92000001,England,Alternative Provision,Music,GCSE,X,2
202122,Academic year,Revised,National,E92000001,England,Alternative Provision,Music,GCSE,Covid impacted,1
202122,Academic year,Revised,National,E92000001,England,Alternative Provision,Other Modern Languages,GCSE,Total exam entries,38
202122,Academic year,Revised,National,E92000001,England,Alternative Provision,Other Modern Languages,GCSE,9,9
202122,Academic year,Revised,National,E92000001,England,Alternative Provision,Other Modern Languages,GCSE,8,7
202122,Academic year,Revised,National,E92000001,England,Alternative Provision,Other Modern Languages,GCSE,7,4
202122,Academic year,Revised,National,E92000001,England,Alternative Provision,Other Modern Languages,GCSE,6,0
202122,Academic year,Revised,National,E92000001,England,Alternative Provision,Other Modern Languages,GCSE,5,11
202122,Academic year,Revised,National,E92000001,England,Alternative Provision,Other Modern Languages,GCSE,4,0
202122,Academic year,Revised,National,E92000001,England,Alternative Provision,Other Modern Languages,GCSE,3,2
202122,Academic year,Revised,National,E92000001,England,Alternative Provision,Other Modern Languages,GCSE,2,0
202122,Academic year,Revised,National,E92000001,England,Alternative Provision,Other Modern Languages,GCSE,1,1
202122,Academic year,Revised,National,E92000001,England,Alternative Provision,Other Modern Languages,GCSE,U,0
202122,Academic year,Revised,National,E92000001,England,Alternative Provision,Other Modern Languages,GCSE,X,1
202122,Academic year,Revised,National,E92000001,England,Alternative Provision,Other Modern Languages,GCSE,Covid impacted,3
202122,Academic year,Revised,National,E92000001,England,Alternative Provision,Other Sciences,GCSE,Total exam entries,1
202122,Academic year,Revised,National,E92000001,England,Alternative Provision,Other Sciences,GCSE,9,0
202122,Academic year,Revised,National,E92000001,England,Alternative Provision,Other Sciences,GCSE,8,0
202122,Academic year,Revised,National,E92000001,England,Alternative Provision,Other Sciences,GCSE,7,0
202122,Academic year,Revised,National,E92000001,England,Alternative Provision,Other Sciences,GCSE,6,0
202122,Academic year,Revised,National,E92000001,England,Alternative Provision,Other Sciences,GCSE,5,0
202122,Academic year,Revised,National,E92000001,England,Alternative Provision,Other Sciences,GCSE,4,0
202122,Academic year,Revised,National,E92000001,England,Alternative Provision,Other Sciences,GCSE,3,0
202122,Academic year,Revised,National,E92000001,England,Alternative Provision,Other Sciences,GCSE,2,0
202122,Academic year,Revised,National,E92000001,England,Alternative Provision,Other Sciences,GCSE,1,0
202122,Academic year,Revised,National,E92000001,England,Alternative Provision,Other Sciences,GCSE,U,0
202122,Academic year,Revised,National,E92000001,England,Alternative Provision,Other Sciences,GCSE,X,0
202122,Academic year,Revised,National,E92000001,England,Alternative Provision,Other Sciences,GCSE,Covid impacted,1
202122,Academic year,Revised,National,E92000001,England,Alternative Provision,Physical Education,GCSE,Total exam entries,53
202122,Academic year,Revised,National,E92000001,England,Alternative Provision,Physical Education,GCSE,9,0
202122,Academic year,Revised,National,E92000001,England,Alternative Provision,Physical Education,GCSE,8,0
202122,Academic year,Revised,National,E92000001,England,Alternative Provision,Physical Education,GCSE,7,0
202122,Academic year,Revised,National,E92000001,England,Alternative Provision,Physical Education,GCSE,6,1
202122,Academic year,Revised,National,E92000001,England,Alternative Provision,Physical Education,GCSE,5,2
202122,Academic year,Revised,National,E92000001,England,Alternative Provision,Physical Education,GCSE,4,5
202122,Academic year,Revised,National,E92000001,England,Alternative Provision,Physical Education,GCSE,3,6
202122,Academic year,Revised,National,E92000001,England,Alternative Provision,Physical Education,GCSE,2,23
202122,Academic year,Revised,National,E92000001,England,Alternative Provision,Physical Education,GCSE,1,8
202122,Academic year,Revised,National,E92000001,England,Alternative Provision,Physical Education,GCSE,U,1
202122,Academic year,Revised,National,E92000001,England,Alternative Provision,Physical Education,GCSE,X,1
202122,Academic year,Revised,National,E92000001,England,Alternative Provision,Physical Education,GCSE,Covid impacted,6
202122,Academic year,Revised,National,E92000001,England,Alternative Provision,Physics,GCSE,Total exam entries,128
202122,Academic year,Revised,National,E92000001,England,Alternative Provision,Physics,GCSE,9,3
202122,Academic year,Revised,National,E92000001,England,Alternative Provision,Physics,GCSE,8,5
202122,Academic year,Revised,National,E92000001,England,Alternative Provision,Physics,GCSE,7,2
202122,Academic year,Revised,National,E92000001,England,Alternative Provision,Physics,GCSE,6,9
202122,Academic year,Revised,National,E92000001,England,Alternative Provision,Physics,GCSE,5,20
202122,Academic year,Revised,National,E92000001,England,Alternative Provision,Physics,GCSE,4,10
202122,Academic year,Revised,National,E92000001,England,Alternative Provision,Physics,GCSE,3,24
202122,Academic year,Revised,National,E92000001,England,Alternative Provision,Physics,GCSE,2,13
202122,Academic year,Revised,National,E92000001,England,Alternative Provision,Physics,GCSE,1,18
202122,Academic year,Revised,National,E92000001,England,Alternative Provision,Physics,GCSE,U,6
202122,Academic year,Revised,National,E92000001,England,Alternative Provision,Physics,GCSE,X,11
202122,Academic year,Revised,National,E92000001,England,Alternative Provision,Physics,GCSE,Covid impacted,7
202122,Academic year,Revised,National,E92000001,England,Alternative Provision,Religious Studies,GCSE,Total exam entries,171
202122,Academic year,Revised,National,E92000001,England,Alternative Provision,Religious Studies,GCSE,9,1
202122,Academic year,Revised,National,E92000001,England,Alternative Provision,Religious Studies,GCSE,8,3
202122,Academic year,Revised,National,E92000001,England,Alternative Provision,Religious Studies,GCSE,7,9
202122,Academic year,Revised,National,E92000001,England,Alternative Provision,Religious Studies,GCSE,6,14
202122,Academic year,Revised,National,E92000001,England,Alternative Provision,Religious Studies,GCSE,5,15
202122,Academic year,Revised,National,E92000001,England,Alternative Provision,Religious Studies,GCSE,4,22
202122,Academic year,Revised,National,E92000001,England,Alternative Provision,Religious Studies,GCSE,3,21
202122,Academic year,Revised,National,E92000001,England,Alternative Provision,Religious Studies,GCSE,2,20
202122,Academic year,Revised,National,E92000001,England,Alternative Provision,Religious Studies,GCSE,1,18
202122,Academic year,Revised,National,E92000001,England,Alternative Provision,Religious Studies,GCSE,U,6
202122,Academic year,Revised,National,E92000001,England,Alternative Provision,Religious Studies,GCSE,X,11
202122,Academic year,Revised,National,E92000001,England,Alternative Provision,Religious Studies,GCSE,Covid impacted,31
202122,Academic year,Revised,National,E92000001,England,Alternative Provision,Social Studies,GCSE,Total exam entries,521
202122,Academic year,Revised,National,E92000001,England,Alternative Provision,Social Studies,GCSE,9,3
202122,Academic year,Revised,National,E92000001,England,Alternative Provision,Social Studies,GCSE,8,1
202122,Academic year,Revised,National,E92000001,England,Alternative Provision,Social Studies,GCSE,7,14
202122,Academic year,Revised,National,E92000001,England,Alternative Provision,Social Studies,GCSE,6,21
202122,Academic year,Revised,National,E92000001,England,Alternative Provision,Social Studies,GCSE,5,34
202122,Academic year,Revised,National,E92000001,England,Alternative Provision,Social Studies,GCSE,4,40
202122,Academic year,Revised,National,E92000001,England,Alternative Provision,Social Studies,GCSE,3,66
202122,Academic year,Revised,National,E92000001,England,Alternative Provision,Social Studies,GCSE,2,81
202122,Academic year,Revised,National,E92000001,England,Alternative Provision,Social Studies,GCSE,1,95
202122,Academic year,Revised,National,E92000001,England,Alternative Provision,Social Studies,GCSE,U,51
202122,Academic year,Revised,National,E92000001,England,Alternative Provision,Social Studies,GCSE,X,92
202122,Academic year,Revised,National,E92000001,England,Alternative Provision,Social Studies,GCSE,Covid impacted,23
202122,Academic year,Revised,National,E92000001,England,Alternative Provision,Spanish,GCSE,Total exam entries,25
202122,Academic year,Revised,National,E92000001,England,Alternative Provision,Spanish,GCSE,9,4
202122,Academic year,Revised,National,E92000001,England,Alternative Provision,Spanish,GCSE,8,4
202122,Academic year,Revised,National,E92000001,England,Alternative Provision,Spanish,GCSE,7,2
202122,Academic year,Revised,National,E92000001,England,Alternative Provision,Spanish,GCSE,6,1
202122,Academic year,Revised,National,E92000001,England,Alternative Provision,Spanish,GCSE,5,5
202122,Academic year,Revised,National,E92000001,England,Alternative Provision,Spanish,GCSE,4,1
202122,Academic year,Revised,National,E92000001,England,Alternative Provision,Spanish,GCSE,3,5
202122,Academic year,Revised,National,E92000001,England,Alternative Provision,Spanish,GCSE,2,0
202122,Academic year,Revised,National,E92000001,England,Alternative Provision,Spanish,GCSE,1,1
202122,Academic year,Revised,National,E92000001,England,Alternative Provision,Spanish,GCSE,U,0
202122,Academic year,Revised,National,E92000001,England,Alternative Provision,Spanish,GCSE,X,1
202122,Academic year,Revised,National,E92000001,England,Alternative Provision,Spanish,GCSE,Covid impacted,1
202122,Academic year,Revised,National,E92000001,England,Alternative Provision,Statistics,GCSE,Total exam entries,171
202122,Academic year,Revised,National,E92000001,England,Alternative Provision,Statistics,GCSE,9,0
202122,Academic year,Revised,National,E92000001,England,Alternative Provision,Statistics,GCSE,8,2
202122,Academic year,Revised,National,E92000001,England,Alternative Provision,Statistics,GCSE,7,0
202122,Academic year,Revised,National,E92000001,England,Alternative Provision,Statistics,GCSE,6,4
202122,Academic year,Revised,National,E92000001,England,Alternative Provision,Statistics,GCSE,5,10
202122,Academic year,Revised,National,E92000001,England,Alternative Provision,Statistics,GCSE,4,17
202122,Academic year,Revised,National,E92000001,England,Alternative Provision,Statistics,GCSE,3,28
202122,Academic year,Revised,National,E92000001,England,Alternative Provision,Statistics,GCSE,2,29
202122,Academic year,Revised,National,E92000001,England,Alternative Provision,Statistics,GCSE,1,29
202122,Academic year,Revised,National,E92000001,England,Alternative Provision,Statistics,GCSE,U,13
202122,Academic year,Revised,National,E92000001,England,Alternative Provision,Statistics,GCSE,X,19
202122,Academic year,Revised,National,E92000001,England,Alternative Provision,Statistics,GCSE,Covid impacted,20
