time_period,time_identifier,geographic_level,country_code,country_name,version,characteristic_type,characteristic_value,ks2_scaled_score_group,ebacc_all_entered,ebacc_all_not_entered,ebacc_all_perc_entered,ebacc_all_perc_not_entered,ebacc_9-4_achieved,ebacc_9-4_not_achieved,ebacc_9-4_perc_achieved,ebacc_9-4_perc_not_achieved,ebacc_9-5_achieved,ebacc_9-5_not_achieved,ebacc_9-5_perc_achieved,ebacc_9-5_perc_not_achieved,basics_9-4_achieved,basics_9-4_not_achieved,basics_9-4_perc_achieved,basics_9-4_perc_not_achieved,basics_9-5_achieved,basics_9-5_not_achieved,basics_9-5_perc_achieved,basics_9-5_perc_not_achieved
202223,Academic year,National,E92000001,England,Provisional,All Pupils,All Pupils,Less than 80,453,12106,3.6,96.4,91,12468,0.7,99.3,42,12517,0.3,99.7,335,12224,2.7,97.3,135,12424,1.1,98.9
202223,Academic year,National,E92000001,England,Provisional,All Pupils,All Pupils,80 - 89.5,1602,18424,8,92,65,19961,0.3,99.7,23,20003,0.1,99.9,687,19339,3.4,96.6,156,19870,0.8,99.2
202223,Academic year,National,E92000001,England,Provisional,All Pupils,All Pupils,90 - 95.5,5693,34560,14.1,85.9,560,39693,1.4,98.6,169,40084,0.4,99.6,5500,34753,13.7,86.3,1273,38980,3.2,96.8
202223,Academic year,National,E92000001,England,Provisional,All Pupils,All Pupils,96 - 99.5,12235,44789,21.5,78.5,2345,54679,4.1,95.9,785,56239,1.4,98.6,19344,37680,33.9,66.1,5836,51188,10.2,89.8
202223,Academic year,National,E92000001,England,Provisional,All Pupils,All Pupils,100 - 102,17148,41780,29.1,70.9,5322,53606,9,91,2000,56928,3.4,96.6,30697,28231,52.1,47.9,12509,46419,21.2,78.8
202223,Academic year,National,E92000001,England,Provisional,All Pupils,All Pupils,102.5 - 104.5,27241,50459,35.1,64.9,11553,66147,14.9,85.1,5341,72359,6.9,93.1,50960,26740,65.6,34.4,26108,51592,33.6,66.4
202223,Academic year,National,E92000001,England,Provisional,All Pupils,All Pupils,105 - 107,37442,51252,42.2,57.8,20526,68168,23.1,76.9,11307,77387,12.7,87.3,69111,19583,77.9,22.1,44009,44685,49.6,50.4
202223,Academic year,National,E92000001,England,Provisional,All Pupils,All Pupils,107.5 - 109.5,39595,39936,49.8,50.2,26805,52726,33.7,66.3,17897,61634,22.5,77.5,69425,10106,87.3,12.7,53031,26500,66.7,33.3
202223,Academic year,National,E92000001,England,Provisional,All Pupils,All Pupils,110 - 113,47152,34240,57.9,42.1,38032,43360,46.7,53.3,29578,51814,36.3,63.7,76356,5036,93.8,6.2,67114,14278,82.5,17.5
202223,Academic year,National,E92000001,England,Provisional,All Pupils,All Pupils,113.5 - 116.5,27223,13583,66.7,33.3,24660,16146,60.4,39.6,21763,19043,53.3,46.7,39855,951,97.7,2.3,38004,2802,93.1,6.9
202223,Academic year,National,E92000001,England,Provisional,All Pupils,All Pupils,117 - 120,8360,2955,73.9,26.1,7990,3325,70.6,29.4,7540,3775,66.6,33.4,11205,110,99,1,11021,294,97.4,2.6
202223,Academic year,National,E92000001,England,Provisional,Disadvantage,Disadvantaged Pupils,Less than 80,198,6350,3,97,37,6511,0.6,99.4,19,6529,0.3,99.7,129,6419,2,98,52,6496,0.8,99.2
202223,Academic year,National,E92000001,England,Provisional,Disadvantage,Disadvantaged Pupils,80 - 89.5,677,9504,6.6,93.4,21,10160,0.2,99.8,9,10172,0.1,99.9,209,9972,2.1,97.9,50,10131,0.5,99.5
202223,Academic year,National,E92000001,England,Provisional,Disadvantage,Disadvantaged Pupils,90 - 95.5,2023,14923,11.9,88.1,137,16809,0.8,99.2,45,16901,0.3,99.7,1552,15394,9.2,90.8,367,16579,2.2,97.8
202223,Academic year,National,E92000001,England,Provisional,Disadvantage,Disadvantaged Pupils,96 - 99.5,3587,16219,18.1,81.9,513,19293,2.6,97.4,191,19615,1,99,4650,15156,23.5,76.5,1322,18484,6.7,93.3
202223,Academic year,National,E92000001,England,Provisional,Disadvantage,Disadvantaged Pupils,100 - 102,4326,13502,24.3,75.7,1025,16803,5.7,94.3,376,17452,2.1,97.9,6596,11232,37,63,2459,15369,13.8,86.2
202223,Academic year,National,E92000001,England,Provisional,Disadvantage,Disadvantaged Pupils,102.5 - 104.5,6297,15132,29.4,70.6,2003,19426,9.3,90.7,840,20589,3.9,96.1,10694,10735,49.9,50.1,4779,16650,22.3,77.7
202223,Academic year,National,E92000001,England,Provisional,Disadvantage,Disadvantaged Pupils,105 - 107,7667,13710,35.9,64.1,3342,18035,15.6,84.4,1711,19666,8,92,13417,7960,62.8,37.2,7407,13970,34.6,65.4
202223,Academic year,National,E92000001,England,Provisional,Disadvantage,Disadvantaged Pupils,107.5 - 109.5,6773,9274,42.2,57.8,3745,12302,23.3,76.7,2347,13700,14.6,85.4,11930,4117,74.3,25.7,8000,8047,49.9,50.1
202223,Academic year,National,E92000001,England,Provisional,Disadvantage,Disadvantaged Pupils,110 - 113,6416,6544,49.5,50.5,4332,8628,33.4,66.6,3104,9856,24,76,10953,2007,84.5,15.5,8642,4318,66.7,33.3
202223,Academic year,National,E92000001,England,Provisional,Disadvantage,Disadvantaged Pupils,113.5 - 116.5,2783,2071,57.3,42.7,2273,2581,46.8,53.2,1867,2987,38.5,61.5,4496,358,92.6,7.4,4019,835,82.8,17.2
202223,Academic year,National,E92000001,England,Provisional,Disadvantage,Disadvantaged Pupils,117 - 120,663,359,64.9,35.1,588,434,57.5,42.5,522,500,51.1,48.9,984,38,96.3,3.7,931,91,91.1,8.9
202223,Academic year,National,E92000001,England,Provisional,Disadvantage,Non Disadvantaged Pupils,Less than 80,255,5756,4.2,95.8,54,5957,0.9,99.1,23,5988,0.4,99.6,206,5805,3.4,96.6,83,5928,1.4,98.6
202223,Academic year,National,E92000001,England,Provisional,Disadvantage,Non Disadvantaged Pupils,80 - 89.5,925,8920,9.4,90.6,44,9801,0.4,99.6,14,9831,0.1,99.9,478,9367,4.9,95.1,106,9739,1.1,98.9
202223,Academic year,National,E92000001,England,Provisional,Disadvantage,Non Disadvantaged Pupils,90 - 95.5,3670,19637,15.7,84.3,423,22884,1.8,98.2,124,23183,0.5,99.5,3948,19359,16.9,83.1,906,22401,3.9,96.1
202223,Academic year,National,E92000001,England,Provisional,Disadvantage,Non Disadvantaged Pupils,96 - 99.5,8648,28570,23.2,76.8,1832,35386,4.9,95.1,594,36624,1.6,98.4,14694,22524,39.5,60.5,4514,32704,12.1,87.9
202223,Academic year,National,E92000001,England,Provisional,Disadvantage,Non Disadvantaged Pupils,100 - 102,12822,28278,31.2,68.8,4297,36803,10.5,89.5,1624,39476,4,96,24101,16999,58.6,41.4,10050,31050,24.5,75.5
202223,Academic year,National,E92000001,England,Provisional,Disadvantage,Non Disadvantaged Pupils,102.5 - 104.5,20944,35327,37.2,62.8,9550,46721,17,83,4501,51770,8,92,40266,16005,71.6,28.4,21329,34942,37.9,62.1
202223,Academic year,National,E92000001,England,Provisional,Disadvantage,Non Disadvantaged Pupils,105 - 107,29775,37542,44.2,55.8,17184,50133,25.5,74.5,9596,57721,14.3,85.7,55694,11623,82.7,17.3,36602,30715,54.4,45.6
202223,Academic year,National,E92000001,England,Provisional,Disadvantage,Non Disadvantaged Pupils,107.5 - 109.5,32822,30662,51.7,48.3,23060,40424,36.3,63.7,15550,47934,24.5,75.5,57495,5989,90.6,9.4,45031,18453,70.9,29.1
202223,Academic year,National,E92000001,England,Provisional,Disadvantage,Non Disadvantaged Pupils,110 - 113,40736,27696,59.5,40.5,33700,34732,49.2,50.8,26474,41958,38.7,61.3,65403,3029,95.6,4.4,58472,9960,85.4,14.6
202223,Academic year,National,E92000001,England,Provisional,Disadvantage,Non Disadvantaged Pupils,113.5 - 116.5,24440,11512,68,32,22387,13565,62.3,37.7,19896,16056,55.3,44.7,35359,593,98.4,1.6,33985,1967,94.5,5.5
202223,Academic year,National,E92000001,England,Provisional,Disadvantage,Non Disadvantaged Pupils,117 - 120,7697,2596,74.8,25.2,7402,2891,71.9,28.1,7018,3275,68.2,31.8,10221,72,99.3,0.7,10090,203,98,2
202223,Academic year,National,E92000001,England,Provisional,EAL,EAL Pupils,Less than 80,376,2470,13.2,86.8,85,2761,3,97,39,2807,1.4,98.6,228,2618,8,92,111,2735,3.9,96.1
202223,Academic year,National,E92000001,England,Provisional,EAL,EAL Pupils,80 - 89.5,838,3050,21.6,78.4,54,3834,1.4,98.6,18,3870,0.5,99.5,334,3554,8.6,91.4,98,3790,2.5,97.5
202223,Academic year,National,E92000001,England,Provisional,EAL,EAL Pupils,90 - 95.5,2266,4824,32,68,343,6747,4.8,95.2,120,6970,1.7,98.3,1841,5249,26,74,597,6493,8.4,91.6
202223,Academic year,National,E92000001,England,Provisional,EAL,EAL Pupils,96 - 99.5,3959,5459,42,58,1070,8348,11.4,88.6,448,8970,4.8,95.2,4711,4707,50,50,1989,7429,21.1,78.9
202223,Academic year,National,E92000001,England,Provisional,EAL,EAL Pupils,100 - 102,4589,4735,49.2,50.8,1835,7489,19.7,80.3,834,8490,8.9,91.1,6193,3131,66.4,33.6,3315,6009,35.6,64.4
202223,Academic year,National,E92000001,England,Provisional,EAL,EAL Pupils,102.5 - 104.5,6317,5244,54.6,45.4,3169,8392,27.4,72.6,1745,9816,15.1,84.9,8935,2626,77.3,22.7,5664,5897,49,51
202223,Academic year,National,E92000001,England,Provisional,EAL,EAL Pupils,105 - 107,7738,5028,60.6,39.4,4780,7986,37.4,62.6,2966,9800,23.2,76.8,11044,1722,86.5,13.5,8109,4657,63.5,36.5
202223,Academic year,National,E92000001,England,Provisional,EAL,EAL Pupils,107.5 - 109.5,7344,3909,65.3,34.7,5316,5937,47.2,52.8,3894,7359,34.6,65.4,10430,823,92.7,7.3,8708,2545,77.4,22.6
202223,Academic year,National,E92000001,England,Provisional,EAL,EAL Pupils,110 - 113,7954,3338,70.4,29.6,6706,4586,59.4,40.6,5545,5747,49.1,50.9,10883,409,96.4,3.6,10040,1252,88.9,11.1
202223,Academic year,National,E92000001,England,Provisional,EAL,EAL Pupils,113.5 - 116.5,4554,1446,75.9,24.1,4187,1813,69.8,30.2,3790,2210,63.2,36.8,5920,80,98.7,1.3,5739,261,95.7,4.4
202223,Academic year,National,E92000001,England,Provisional,EAL,EAL Pupils,117 - 120,1494,357,80.7,19.3,1428,423,77.1,22.9,1356,495,73.3,26.7,1841,10,99.5,0.5,1818,33,98.2,1.8
202223,Academic year,National,E92000001,England,Provisional,EAL,Non EAL Pupils,Less than 80,77,9636,0.8,99.2,6,9707,0.1,99.9,3,9710,0,100,107,9606,1.1,98.9,24,9689,0.2,99.8
202223,Academic year,National,E92000001,England,Provisional,EAL,Non EAL Pupils,80 - 89.5,764,15374,4.7,95.3,11,16127,0.1,99.9,5,16133,0,100,353,15785,2.2,97.8,58,16080,0.4,99.6
202223,Academic year,National,E92000001,England,Provisional,EAL,Non EAL Pupils,90 - 95.5,3427,29736,10.3,89.7,217,32946,0.7,99.3,49,33114,0.1,99.9,3659,29504,11,89,676,32487,2,98
202223,Academic year,National,E92000001,England,Provisional,EAL,Non EAL Pupils,96 - 99.5,8276,39330,17.4,82.6,1275,46331,2.7,97.3,337,47269,0.7,99.3,14633,32973,30.7,69.3,3847,43759,8.1,91.9
202223,Academic year,National,E92000001,England,Provisional,EAL,Non EAL Pupils,100 - 102,12559,37045,25.3,74.7,3487,46117,7,93,1166,48438,2.4,97.6,24504,25100,49.4,50.6,9194,40410,18.5,81.5
202223,Academic year,National,E92000001,England,Provisional,EAL,Non EAL Pupils,102.5 - 104.5,20924,45215,31.6,68.4,8384,57755,12.7,87.3,3596,62543,5.4,94.6,42025,24114,63.5,36.5,20444,45695,30.9,69.1
202223,Academic year,National,E92000001,England,Provisional,EAL,Non EAL Pupils,105 - 107,29704,46224,39.1,60.9,15746,60182,20.7,79.3,8341,67587,11,89,58067,17861,76.5,23.5,35900,40028,47.3,52.7
202223,Academic year,National,E92000001,England,Provisional,EAL,Non EAL Pupils,107.5 - 109.5,32251,36027,47.2,52.8,21489,46789,31.5,68.5,14003,54275,20.5,79.5,58995,9283,86.4,13.6,44323,23955,64.9,35.1
202223,Academic year,National,E92000001,England,Provisional,EAL,Non EAL Pupils,110 - 113,39198,30902,55.9,44.1,31326,38774,44.7,55.3,24033,46067,34.3,65.7,65473,4627,93.4,6.6,57074,13026,81.4,18.6
202223,Academic year,National,E92000001,England,Provisional,EAL,Non EAL Pupils,113.5 - 116.5,22669,12137,65.1,34.9,20473,14333,58.8,41.2,17973,16833,51.6,48.4,33935,871,97.5,2.5,32265,2541,92.7,7.3
202223,Academic year,National,E92000001,England,Provisional,EAL,Non EAL Pupils,117 - 120,6866,2598,72.5,27.5,6562,2902,69.3,30.7,6184,3280,65.3,34.7,9364,100,98.9,1.1,9203,261,97.2,2.8
202223,Academic year,National,E92000001,England,Provisional,Gender,Female Pupils,Less than 80,229,3970,5.5,94.5,54,4145,1.3,98.7,25,4174,0.6,99.4,148,4051,3.5,96.5,70,4129,1.7,98.3
202223,Academic year,National,E92000001,England,Provisional,Gender,Female Pupils,80 - 89.5,824,7458,9.9,90.1,38,8244,0.5,99.5,12,8270,0.1,99.9,255,8027,3.1,96.9,66,8216,0.8,99.2
202223,Academic year,National,E92000001,England,Provisional,Gender,Female Pupils,90 - 95.5,3181,15165,17.3,82.7,310,18036,1.7,98.3,96,18250,0.5,99.5,2365,15981,12.9,87.1,537,17809,2.9,97.1
202223,Academic year,National,E92000001,England,Provisional,Gender,Female Pupils,96 - 99.5,6748,20128,25.1,74.9,1463,25413,5.4,94.6,496,26380,1.8,98.2,9029,17847,33.6,66.4,2725,24151,10.1,89.9
202223,Academic year,National,E92000001,England,Provisional,Gender,Female Pupils,100 - 102,9728,19084,33.8,66.2,3231,25581,11.2,88.8,1222,27590,4.2,95.8,15139,13673,52.5,47.5,6154,22658,21.4,78.6
202223,Academic year,National,E92000001,England,Provisional,Gender,Female Pupils,102.5 - 104.5,15220,23532,39.3,60.7,7093,31659,18.3,81.7,3358,35394,8.7,91.3,25904,12848,66.8,33.2,13233,25519,34.1,65.9
202223,Academic year,National,E92000001,England,Provisional,Gender,Female Pupils,105 - 107,20555,23973,46.2,53.8,12301,32227,27.6,72.4,7008,37520,15.7,84.3,35292,9236,79.3,20.7,22592,21936,50.7,49.3
202223,Academic year,National,E92000001,England,Provisional,Gender,Female Pupils,107.5 - 109.5,21408,18461,53.7,46.3,15519,24350,38.9,61.1,10720,29149,26.9,73.1,35321,4548,88.6,11.4,27013,12856,67.8,32.2
202223,Academic year,National,E92000001,England,Provisional,Gender,Female Pupils,110 - 113,25620,16120,61.4,38.6,21633,20107,51.8,48.2,17383,24357,41.6,58.4,39593,2147,94.9,5.1,34915,6825,83.6,16.4
202223,Academic year,National,E92000001,England,Provisional,Gender,Female Pupils,113.5 - 116.5,14440,6447,69.1,30.9,13450,7437,64.4,35.6,12142,8745,58.1,41.9,20482,405,98.1,1.9,19592,1295,93.8,6.2
202223,Academic year,National,E92000001,England,Provisional,Gender,Female Pupils,117 - 120,4382,1442,75.2,24.8,4260,1564,73.1,26.9,4088,1736,70.2,29.8,5776,48,99.2,0.8,5692,132,97.7,2.3
202223,Academic year,National,E92000001,England,Provisional,Gender,Male Pupils,Less than 80,224,8136,2.7,97.3,37,8323,0.4,99.6,17,8343,0.2,99.8,187,8173,2.2,97.8,65,8295,0.8,99.2
202223,Academic year,National,E92000001,England,Provisional,Gender,Male Pupils,80 - 89.5,778,10966,6.6,93.4,27,11717,0.2,99.8,11,11733,0.1,99.9,432,11312,3.7,96.3,90,11654,0.8,99.2
202223,Academic year,National,E92000001,England,Provisional,Gender,Male Pupils,90 - 95.5,2512,19395,11.5,88.5,250,21657,1.1,98.9,73,21834,0.3,99.7,3135,18772,14.3,85.7,736,21171,3.4,96.6
202223,Academic year,National,E92000001,England,Provisional,Gender,Male Pupils,96 - 99.5,5487,24661,18.2,81.8,882,29266,2.9,97.1,289,29859,1,99,10315,19833,34.2,65.8,3111,27037,10.3,89.7
202223,Academic year,National,E92000001,England,Provisional,Gender,Male Pupils,100 - 102,7420,22696,24.6,75.4,2091,28025,6.9,93.1,778,29338,2.6,97.4,15558,14558,51.7,48.3,6355,23761,21.1,78.9
202223,Academic year,National,E92000001,England,Provisional,Gender,Male Pupils,102.5 - 104.5,12021,26927,30.9,69.1,4460,34488,11.5,88.5,1983,36965,5.1,94.9,25056,13892,64.3,35.7,12875,26073,33.1,66.9
202223,Academic year,National,E92000001,England,Provisional,Gender,Male Pupils,105 - 107,16887,27279,38.2,61.8,8225,35941,18.6,81.4,4299,39867,9.7,90.3,33819,10347,76.6,23.4,21417,22749,48.5,51.5
202223,Academic year,National,E92000001,England,Provisional,Gender,Male Pupils,107.5 - 109.5,18187,21475,45.9,54.1,11286,28376,28.5,71.5,7177,32485,18.1,81.9,34104,5558,86,14,26018,13644,65.6,34.4
202223,Academic year,National,E92000001,England,Provisional,Gender,Male Pupils,110 - 113,21532,18120,54.3,45.7,16399,23253,41.4,58.6,12195,27457,30.8,69.2,36763,2889,92.7,7.3,32199,7453,81.2,18.8
202223,Academic year,National,E92000001,England,Provisional,Gender,Male Pupils,113.5 - 116.5,12783,7136,64.2,35.8,11210,8709,56.3,43.7,9621,10298,48.3,51.7,19373,546,97.3,2.7,18412,1507,92.4,7.6
202223,Academic year,National,E92000001,England,Provisional,Gender,Male Pupils,117 - 120,3978,1513,72.4,27.6,3730,1761,67.9,32.1,3452,2039,62.9,37.1,5429,62,98.9,1.1,5329,162,97,3
202223,Academic year,National,E92000001,England,Provisional,SEN,Non SEN Pupils,Less than 80,324,835,28,72,86,1073,7.4,92.6,40,1119,3.5,96.5,232,927,20,80,114,1045,9.8,90.2
202223,Academic year,National,E92000001,England,Provisional,SEN,Non SEN Pupils,80 - 89.5,910,5812,13.5,86.5,54,6668,0.8,99.2,18,6704,0.3,99.7,361,6361,5.4,94.6,92,6630,1.4,98.6
202223,Academic year,National,E92000001,England,Provisional,SEN,Non SEN Pupils,90 - 95.5,4327,20061,17.7,82.3,476,23912,2,98,149,24239,0.6,99.4,3878,20510,15.9,84.1,915,23473,3.8,96.2
202223,Academic year,National,E92000001,England,Provisional,SEN,Non SEN Pupils,96 - 99.5,10680,33578,24.1,75.9,2143,42115,4.8,95.2,731,43527,1.7,98.3,16301,27957,36.8,63.2,4980,39278,11.3,88.7
202223,Academic year,National,E92000001,England,Provisional,SEN,Non SEN Pupils,100 - 102,15654,34392,31.3,68.7,4933,45113,9.9,90.1,1866,48180,3.7,96.3,27431,22615,54.8,45.2,11263,38783,22.5,77.5
202223,Academic year,National,E92000001,England,Provisional,SEN,Non SEN Pupils,102.5 - 104.5,25467,42969,37.2,62.8,10942,57494,16,84,5065,63371,7.4,92.6,46617,21819,68.1,31.9,24068,44368,35.2,64.8
202223,Academic year,National,E92000001,England,Provisional,SEN,Non SEN Pupils,105 - 107,35252,44703,44.1,55.9,19558,60397,24.5,75.5,10805,69150,13.5,86.5,63964,15991,80,20,41130,38825,51.4,48.6
202223,Academic year,National,E92000001,England,Provisional,SEN,Non SEN Pupils,107.5 - 109.5,37604,35595,51.4,48.6,25695,47504,35.1,64.9,17207,55992,23.5,76.5,65045,8154,88.9,11.1,50022,23177,68.3,31.7
202223,Academic year,National,E92000001,England,Provisional,SEN,Non SEN Pupils,110 - 113,45105,30864,59.4,40.6,36569,39400,48.1,51.9,28494,47475,37.5,62.5,71993,3976,94.8,5.2,63665,12304,83.8,16.2
202223,Academic year,National,E92000001,England,Provisional,SEN,Non SEN Pupils,113.5 - 116.5,26219,12349,68,32,23814,14754,61.7,38.3,21035,17533,54.5,45.5,37872,696,98.2,1.8,36227,2341,93.9,6.1
202223,Academic year,National,E92000001,England,Provisional,SEN,Non SEN Pupils,117 - 120,8070,2712,74.8,25.2,7725,3057,71.6,28.4,7302,3480,67.7,32.3,10709,73,99.3,0.7,10554,228,97.9,2.1
202223,Academic year,National,E92000001,England,Provisional,SEN,SEN Pupils,Less than 80,129,11271,1.1,98.9,5,11395,0,100,2,11398,0,100,103,11297,0.9,99.1,21,11379,0.2,99.8
202223,Academic year,National,E92000001,England,Provisional,SEN,SEN Pupils,80 - 89.5,692,12612,5.2,94.8,11,13293,0.1,99.9,5,13299,0,100,326,12978,2.5,97.5,64,13240,0.5,99.5
202223,Academic year,National,E92000001,England,Provisional,SEN,SEN Pupils,90 - 95.5,1366,14499,8.6,91.4,84,15781,0.5,99.5,20,15845,0.1,99.9,1622,14243,10.2,89.8,358,15507,2.3,97.7
202223,Academic year,National,E92000001,England,Provisional,SEN,SEN Pupils,96 - 99.5,1555,11211,12.2,87.8,202,12564,1.6,98.4,54,12712,0.4,99.6,3043,9723,23.8,76.2,856,11910,6.7,93.3
202223,Academic year,National,E92000001,England,Provisional,SEN,SEN Pupils,100 - 102,1494,7388,16.8,83.2,389,8493,4.4,95.6,134,8748,1.5,98.5,3266,5616,36.8,63.2,1246,7636,14,86
202223,Academic year,National,E92000001,England,Provisional,SEN,SEN Pupils,102.5 - 104.5,1774,7490,19.1,80.9,611,8653,6.6,93.4,276,8988,3,97,4343,4921,46.9,53.1,2040,7224,22,78
202223,Academic year,National,E92000001,England,Provisional,SEN,SEN Pupils,105 - 107,2190,6549,25.1,74.9,968,7771,11.1,88.9,502,8237,5.7,94.3,5147,3592,58.9,41.1,2879,5860,32.9,67.1
202223,Academic year,National,E92000001,England,Provisional,SEN,SEN Pupils,107.5 - 109.5,1991,4341,31.4,68.6,1110,5222,17.5,82.5,690,5642,10.9,89.1,4380,1952,69.2,30.8,3009,3323,47.5,52.5
202223,Academic year,National,E92000001,England,Provisional,SEN,SEN Pupils,110 - 113,2047,3376,37.7,62.3,1463,3960,27,73,1084,4339,20,80,4363,1060,80.5,19.5,3449,1974,63.6,36.4
202223,Academic year,National,E92000001,England,Provisional,SEN,SEN Pupils,113.5 - 116.5,1004,1234,44.9,55.1,846,1392,37.8,62.2,728,1510,32.5,67.5,1983,255,88.6,11.4,1777,461,79.4,20.6
202223,Academic year,National,E92000001,England,Provisional,SEN,SEN Pupils,117 - 120,290,243,54.4,45.6,265,268,49.7,50.3,238,295,44.7,55.3,496,37,93.1,6.9,467,66,87.6,12.4
