time_period,time_identifier,geographic_level,country_code,country_name,region_code,region_name,old_la_code,new_la_code,la_name,version,establishment_type,t_schools,t_pupils,t_att8,avg_att8,t_entbasics,pt_entbasics,t_l2basics_95,pt_l2basics_95,t_l2basics_94,pt_l2basics_94,t_ebacc_e_ptq_ee,pt_ebacc_e_ptq_ee,t_ebacc_95,pt_ebacc_95,t_ebacc_94,pt_ebacc_94,t_ebaccaps,avg_ebaccaps,t_inp8calc,t_p8score,avg_p8score,p8score_ci_low,p8score_ci_upp,t_p8eng,avg_p8eng,p8eng_ci_low,p8eng_ci_upp,t_p8mat,avg_p8mat,p8mat_ci_low,p8mat_ci_upp,t_p8ebac,avg_p8ebac,p8ebac_ci_low,p8ebac_ci_upp,t_p8open,avg_p8open,p8open_ci_low,p8open_ci_upp,t_entry_1,pt_entry_1,t_anypass,pt_anypass,t_ebaceng_e,pt_ebaceng_e,t_ebacmat_e,pt_ebacmat_e,t_ebac2sci_e,pt_ebac2sci_e,t_ebachum_e,pt_ebachum_e,t_ebaclan_e,pt_ebaclan_e,t_ebaceng_95,pt_ebaceng_95,t_ebacmat_95,pt_ebacmat_95,t_ebac2sci_95,pt_ebac2sci_95,t_ebachum_95,pt_ebachum_95,t_ebaclan_95,pt_ebaclan_95,t_ebaceng_94,pt_ebaceng_94,t_ebacmat_94,pt_ebacmat_94,t_ebac2sci_94,pt_ebac2sci_94,t_ebachum_94,pt_ebachum_94,t_ebaclan_94,pt_ebaclan_94,t_ebptseng_ll,avg_ebptseng_ll,t_ebptsmat,avg_ebptsmat,t_ebptssci,avg_ebptssci,t_ebptshum,avg_ebptshum,t_ebptslan,avg_ebptslan,t_att8_eng,avg_att8_eng,t_att8_mat,avg_att8_mat,t_att8_ebac,avg_att8_ebac,t_att8_open,avg_att8_open,t_att8_open_g,avg_att8_open_g,t_att8_open_ng,avg_att8_open_ng,t_ebac_fill,avg_ebac_fill,t_open_fill,avg_open_fill
202223,Academic year,National,E92000001,England,,,,,,Provisional,Alternative provision,401,7558,45486.75,6,3360,44.5,147,1.9,347,4.6,24,0.3,4,0.1,7,0.1,2870.66,0.38,6162,-17866.028,-2.9,-2.93,-2.86,-19227.61,-3.12,-3.16,-3.08,-13701.455,-2.22,-2.26,-2.19,-17762.896,-2.88,-2.92,-2.84,-19839.224,-3.22,-3.26,-3.18,4209,55.7,3947,52.2,899,11.9,3792,50.2,1078,14.3,418,5.5,101,1.3,150,2,277,3.7,117,10.9,45,10.8,61,60.4,277,3.7,626,8.3,224,20.8,72,17.2,75,74.3,2690,0.36,7816,1.03,2663.5,0.35,869,0.11,518,0.07,11164,1.5,15632,2.1,9111.5,1.2,9579.25,1.3,8223.5,1.1,1355.75,0.2,3389,0.4,3205,0.4
202223,Academic year,Regional,E92000001,England,E12000001,North East,,,,Provisional,Alternative provision,23,546,3992.25,7.3,297,54.4,12,2.2,36,6.6,0,0,0,0,0,0,252.34,0.46,515,-1569.783,-3.05,-3.17,-2.93,-1636.31,-3.18,-3.32,-3.04,-1222.62,-2.37,-2.5,-2.25,-1616.528,-3.14,-3.28,-3,-1710.212,-3.32,-3.46,-3.18,346,63.4,330,60.4,101,18.5,320,58.6,114,20.9,18,3.3,0,0,14,2.6,22,4,9,7.9,1,5.6,0,z,33,6,55,10.1,19,16.7,1,5.6,0,z,297,0.54,664,1.22,263,0.48,27,0.05,0,0,1076,2,1328,2.4,650,1.2,938.25,1.7,691,1.3,247.25,0.5,255,0.5,301,0.6
202223,Academic year,Regional,E92000001,England,E12000002,North West,,,,Provisional,Alternative provision,60,1162,6498.5,5.6,578,49.7,18,1.5,39,3.4,0,0,0,0,0,0,416.74,0.36,1060,-3290.949,-3.1,-3.19,-3.02,-3533.135,-3.33,-3.43,-3.23,-2515.4,-2.37,-2.46,-2.28,-3231.545,-3.05,-3.15,-2.95,-3706.031,-3.5,-3.59,-3.4,701,60.3,649,55.9,149,12.8,660,56.8,165,14.2,47,4,5,0.4,19,1.6,34,2.9,7,4.2,2,4.3,4,80,39,3.4,84,7.2,21,12.7,3,6.4,4,80,409,0.35,1243,1.07,373.5,0.32,71,0.06,29,0.02,1670,1.4,2486,2.1,1281,1.1,1061.5,0.9,933,0.8,128.5,0.1,555,0.5,404,0.3
202223,Academic year,Regional,E92000001,England,E12000003,Yorkshire and The Humber,,,,Provisional,Alternative provision,39,613,3297,5.4,275,44.9,5,0.8,16,2.6,2,0.3,0,0,0,0,185.11,0.3,520,-1398.203,-2.69,-2.81,-2.57,-1480.82,-2.85,-2.99,-2.71,-1112.5,-2.14,-2.27,-2.01,-1399.427,-2.69,-2.83,-2.55,-1532.508,-2.95,-3.09,-2.81,371,60.5,346,56.4,85,13.9,304,49.6,52,8.5,53,8.6,6,1,8,1.3,13,2.1,3,5.8,3,5.7,4,66.7,20,3.3,36,5.9,11,21.2,5,9.4,4,66.7,222,0.36,522,0.85,122,0.2,90,0.15,32,0.05,913,1.5,1044,1.7,556,0.9,784,1.3,697,1.1,87,0.1,239,0.4,298,0.5
202223,Academic year,Regional,E92000001,England,E12000004,East Midlands,,,,Provisional,Alternative provision,27,489,1939.5,4,168,34.4,5,1,9,1.8,0,0,0,0,0,0,116.68,0.24,413,-1194.593,-2.89,-3.03,-2.76,-1293.575,-3.13,-3.29,-2.97,-935.55,-2.27,-2.41,-2.12,-1184.164,-2.87,-3.02,-2.71,-1311.863,-3.18,-3.33,-3.02,197,40.3,184,37.6,45,9.2,183,37.4,36,7.4,18,3.7,3,0.6,2,0.4,11,2.2,2,5.6,1,5.6,3,100,7,1.4,23,4.7,5,13.9,2,11.1,3,100,124,0.25,373,0.76,71,0.15,38,0.08,23,0.05,530,1.1,746,1.5,275,0.6,388.5,0.8,330,0.7,58.5,0.1,97,0.2,130,0.3
202223,Academic year,Regional,E92000001,England,E12000005,West Midlands,,,,Provisional,Alternative provision,44,837,4275.75,5.1,371,44.3,6,0.7,20,2.4,0,0,0,0,0,0,251.69,0.3,730,-2057.821,-2.82,-2.92,-2.72,-2207.97,-3.02,-3.14,-2.91,-1601.92,-2.19,-2.3,-2.09,-2015.521,-2.76,-2.88,-2.64,-2304.16,-3.16,-3.27,-3.04,474,56.6,441,52.7,84,10,422,50.4,122,14.6,51,6.1,1,0.1,13,1.6,10,1.2,7,5.7,2,3.9,1,100,26,3.1,32,3.8,13,10.7,3,5.9,1,100,240,0.29,737,0.88,226.5,0.27,71,0.08,9,0.01,1148,1.4,1474,1.8,803.5,1,850.25,1,725.5,0.9,124.75,0.1,372,0.4,338,0.4
202223,Academic year,Regional,E92000001,England,E12000006,East of England,,,,Provisional,Alternative provision,35,628,3114.75,5,241,38.4,14,2.2,27,4.3,2,0.3,1,0.2,1,0.2,182.37,0.29,518,-1455.813,-2.81,-2.93,-2.69,-1584.22,-3.06,-3.2,-2.92,-1138.6,-2.2,-2.33,-2.07,-1415.874,-2.73,-2.87,-2.59,-1621.767,-3.13,-3.27,-2.99,309,49.2,295,47,52,8.3,261,41.6,75,11.9,12,1.9,5,0.8,16,2.5,20,3.2,11,14.7,4,33.3,4,80,25,4,37,5.9,14,18.7,4,33.3,4,80,193,0.31,520,0.83,160.5,0.26,34,0.05,26,0.04,800,1.3,1040,1.7,645,1,629.75,1,527,0.8,102.75,0.2,254,0.4,184,0.3
202223,Academic year,Regional,E92000001,England,E12000007,London,,,,Provisional,Alternative provision,77,1720,13534.5,7.9,737,42.8,71,4.1,152,8.8,14,0.8,1,0.1,4,0.2,914.95,0.53,1092,-3185.966,-2.92,-3,-2.83,-3426.265,-3.14,-3.23,-3.04,-2358.27,-2.16,-2.25,-2.07,-3275.031,-3,-3.1,-2.9,-3488.699,-3.19,-3.29,-3.1,948,55.1,894,52,207,12,862,50.1,289,16.8,150,8.7,63,3.7,57,3.3,125,7.3,62,21.5,25,16.7,38,60.3,87,5.1,244,14.2,106,36.7,42,28,49,77.8,721,0.42,2226,1.29,914.5,0.53,382,0.22,331,0.19,2955,1.7,4452,2.6,3003,1.7,3124.5,1.8,2616,1.5,508.5,0.3,883,0.5,909,0.5
202223,Academic year,Regional,E92000001,England,E12000008,South East,,,,Provisional,Alternative provision,52,775,3947,5.1,310,40,4,0.5,20,2.6,2,0.3,0,0,0,0,233.76,0.3,627,-1786.636,-2.85,-2.96,-2.74,-1990.74,-3.18,-3.3,-3.05,-1391.325,-2.22,-2.34,-2.1,-1741.935,-2.78,-2.91,-2.65,-1958.989,-3.12,-3.25,-3,401,51.7,376,48.5,51,6.6,352,45.4,101,13,25,3.2,12,1.5,8,1,16,2.1,5,5,3,12,4,33.3,13,1.7,50,6.5,17,16.8,6,24,7,58.3,142,0.18,678,0.87,239,0.31,57,0.07,47,0.06,848,1.1,1356,1.7,834,1.1,909,1.2,848,1.1,61,0.1,323,0.4,322,0.4
202223,Academic year,Regional,E92000001,England,E12000009,South West,,,,Provisional,Alternative provision,44,788,4887.5,6.2,383,48.6,12,1.5,28,3.6,4,0.5,2,0.3,2,0.3,317.02,0.4,687,-1926.264,-2.8,-2.91,-2.7,-2074.575,-3.02,-3.14,-2.9,-1425.27,-2.07,-2.19,-1.96,-1882.871,-2.74,-2.86,-2.62,-2204.995,-3.21,-3.33,-3.09,462,58.6,432,54.8,125,15.9,428,54.3,124,15.7,44,5.6,6,0.8,13,1.6,26,3.3,11,8.9,4,9.1,3,50,27,3.4,65,8.2,18,14.5,6,13.6,3,50,342,0.43,853,1.08,293.5,0.37,99,0.13,21,0.03,1224,1.6,1706,2.2,1064,1.4,893.5,1.1,856,1.1,37.5,0,411,0.5,319,0.4
202223,Academic year,Regional,E92000001,England,E13000001,Inner London,,,,Provisional,Alternative provision,34,709,5856.5,8.3,366,51.6,27,3.8,65,9.2,8,1.1,1,0.1,2,0.3,358.61,0.51,496,-1424.21,-2.87,-3,-2.75,-1503.525,-3.03,-3.18,-2.89,-1018.52,-2.05,-2.18,-1.92,-1543.346,-3.11,-3.26,-2.97,-1522.697,-3.07,-3.21,-2.93,433,61.1,406,57.3,99,14,403,56.8,129,18.2,46,6.5,26,3.7,23,3.2,51,7.2,17,13.2,7,15.2,14,53.8,34,4.8,107,15.1,28,21.7,10,21.7,18,69.2,315,0.44,980,1.38,313.5,0.44,109,0.15,120,0.17,1370,1.9,1960,2.8,955,1.3,1571.5,2.2,1190,1.7,381.5,0.5,321,0.5,457,0.6
202223,Academic year,Regional,E92000001,England,E13000002,Outer London,,,,Provisional,Alternative provision,43,1011,7678,7.6,371,36.7,44,4.4,87,8.6,6,0.6,0,0,2,0.2,556.34,0.55,596,-1761.756,-2.96,-3.07,-2.84,-1922.74,-3.23,-3.36,-3.09,-1339.75,-2.25,-2.37,-2.13,-1731.685,-2.91,-3.04,-2.77,-1966.002,-3.3,-3.43,-3.17,515,50.9,488,48.3,108,10.7,459,45.4,160,15.8,104,10.3,37,3.7,34,3.4,74,7.3,45,28.1,18,17.3,24,64.9,53,5.2,137,13.6,78,48.8,32,30.8,31,83.8,406,0.4,1246,1.23,601,0.59,273,0.27,211,0.21,1585,1.6,2492,2.5,2048,2,1553,1.5,1426,1.4,127,0.1,562,0.6,452,0.4
202223,Academic year,Local authority,E92000001,England,E12000001,North East,805,E06000001,Hartlepool,Provisional,Alternative provision,2,14,180,12.9,10,71.4,0,0,3,21.4,0,0,0,0,0,0,7.66,0.55,14,-37.221,-2.66,-3.4,-1.92,-36.32,-2.59,-3.45,-1.74,-26.945,-1.92,-2.7,-1.14,-45.037,-3.22,-4.07,-2.36,-36.863,-2.63,-3.48,-1.78,10,71.4,9,64.3,6,42.9,10,71.4,0,0,0,0,0,0,0,0,1,7.1,0,z,0,z,0,z,4,28.6,3,21.4,0,z,0,z,0,z,20,1.43,26,1.86,0,0,0,0,0,0,48,3.4,52,3.7,21,1.5,59,4.2,43,3.1,16,1.1,6,0.4,17,1.2
202223,Academic year,Local authority,E92000001,England,E12000001,North East,806,E06000002,Middlesbrough,Provisional,Alternative provision,2,59,709,12,38,64.4,2,3.4,6,10.2,0,0,0,0,0,0,48.83,0.83,56,-136.754,-2.44,-2.81,-2.07,-144.4,-2.58,-3.01,-2.15,-110.435,-1.97,-2.36,-1.58,-149.138,-2.66,-3.09,-2.24,-136.814,-2.44,-2.87,-2.02,38,64.4,38,64.4,31,52.5,38,64.4,31,52.5,0,0,0,0,3,5.1,3,5.1,1,3.2,0,z,0,z,6,10.2,7,11.9,4,12.9,0,z,0,z,76,1.29,87,1.47,65,1.1,0,0,0,0,172,2.9,174,2.9,130,2.2,233,3.9,133,2.3,100,1.7,56,0.9,69,1.2
202223,Academic year,Local authority,E92000001,England,E12000001,North East,807,E06000003,Redcar and Cleveland,Provisional,Alternative provision,2,30,169.75,5.7,17,56.7,1,3.3,1,3.3,0,0,0,0,0,0,7.82,0.26,28,-89.948,-3.21,-3.74,-2.69,-99.475,-3.55,-4.16,-2.95,-69.03,-2.47,-3.02,-1.91,-88.789,-3.17,-3.78,-2.57,-98.721,-3.53,-4.13,-2.93,18,60,18,60,0,0,18,60,1,3.3,10,33.3,0,0,0,0,1,3.3,0,0,0,0,0,z,0,0,3,10,0,0,0,0,0,z,0,0,33,1.1,3.5,0.12,7,0.23,0,0,36,1.2,66,2.2,34,1.1,33.75,1.1,21,0.7,12.75,0.4,20,0.7,18,0.6
202223,Academic year,Local authority,E92000001,England,E12000001,North East,808,E06000004,Stockton-on-Tees,Provisional,Alternative provision,2,31,200.25,6.5,21,67.7,0,0,2,6.5,0,0,0,0,0,0,13.67,0.44,29,-102.46,-3.53,-4.05,-3.02,-103.48,-3.57,-4.16,-2.97,-80.85,-2.79,-3.33,-2.25,-106.458,-3.67,-4.27,-3.08,-112.185,-3.87,-4.46,-3.28,22,71,20,64.5,9,29,22,71,6,19.4,0,0,0,0,0,0,2,6.5,0,0,0,z,0,z,3,9.7,4,12.9,0,0,0,z,0,z,22,0.71,38,1.23,11,0.35,0,0,0,0,60,1.9,76,2.5,27,0.9,37.25,1.2,36,1.2,1.25,0,14,0.5,22,0.7
202223,Academic year,Local authority,E92000001,England,E12000001,North East,841,E06000005,Darlington,Provisional,Alternative provision,2,19,89,4.7,10,52.6,0,0,0,0,0,0,0,0,0,0,7.83,0.41,17,-59.183,-3.48,-4.15,-2.81,-61.64,-3.63,-4.4,-2.85,-49.485,-2.91,-3.62,-2.2,-55.533,-3.27,-4.04,-2.49,-67.677,-3.98,-4.75,-3.21,11,57.9,10,52.6,3,15.8,10,52.6,7,36.8,0,0,0,0,0,0,0,0,0,0,0,z,0,z,0,0,0,0,0,0,0,z,0,z,6,0.32,16,0.84,12.5,0.66,0,0,0,0,26,1.4,32,1.7,25,1.3,6,0.3,6,0.3,0,0,14,0.7,3,0.2
202223,Academic year,Local authority,E92000001,England,E12000002,North West,876,E06000006,Halton,Provisional,Alternative provision,2,21,66,3.1,12,57.1,0,0,0,0,0,0,0,0,0,0,2.84,0.14,20,-62.259,-3.11,-3.73,-2.49,-69,-3.45,-4.17,-2.73,-47.355,-2.37,-3.02,-1.72,-58.735,-2.94,-3.65,-2.22,-71.229,-3.56,-4.27,-2.85,14,66.7,13,61.9,0,0,12,57.1,0,0,0,0,0,0,0,0,0,0,0,z,0,z,0,z,0,0,1,4.8,0,z,0,z,0,z,0,0,17,0.81,0,0,0,0,0,0,16,0.8,34,1.6,15,0.7,1,0,1,0,0,0,11,0.5,1,0
202223,Academic year,Local authority,E92000001,England,E12000002,North West,877,E06000007,Warrington,Provisional,Alternative provision,2,12,8,0.7,2,16.7,0,0,0,0,0,0,0,0,0,0,0.5,0.04,9,-27.08,-3.01,-3.93,-2.09,-29.865,-3.32,-4.39,-2.25,-23.475,-2.61,-3.58,-1.64,-25.614,-2.85,-3.91,-1.78,-29.096,-3.23,-4.29,-2.17,2,16.7,2,16.7,1,8.3,2,16.7,0,0,0,0,0,0,0,0,0,0,0,z,0,z,0,z,0,0,0,0,0,z,0,z,0,z,1,0.08,2,0.17,0,0,0,0,0,0,3,0.3,4,0.3,0,0,1,0.1,1,0.1,0,0,0,0,1,0.1
202223,Academic year,Local authority,E92000001,England,E12000002,North West,889,E06000008,Blackburn with Darwen,Provisional,Alternative provision,3,32,169.75,5.3,12,37.5,0,0,1,3.1,0,0,0,0,0,0,13.85,0.43,27,-80.036,-2.96,-3.5,-2.43,-84.54,-3.13,-3.75,-2.51,-69.145,-2.56,-3.12,-2,-75.184,-2.78,-3.4,-2.17,-89.173,-3.3,-3.91,-2.69,17,53.1,15,46.9,5,15.6,15,46.9,9,28.1,0,0,0,0,1,3.1,0,0,0,0,0,z,0,z,3,9.4,1,3.1,1,11.1,0,z,0,z,19,0.59,22,0.69,21,0.66,0,0,0,0,49,1.5,44,1.4,44,1.4,32.75,1,27,0.8,5.75,0.2,19,0.6,11,0.3
202223,Academic year,Local authority,E92000001,England,E12000002,North West,890,E06000009,Blackpool,Provisional,Alternative provision,2,36,141,3.9,13,36.1,0,0,0,0,0,0,0,0,0,0,6.19,0.17,31,-103.519,-3.34,-3.84,-2.84,-118.9,-3.84,-4.41,-3.26,-76.255,-2.46,-2.98,-1.94,-102.742,-3.31,-3.89,-2.74,-112.213,-3.62,-4.19,-3.05,19,52.8,16,44.4,0,0,17,47.2,0,0,0,0,0,0,0,0,1,2.8,0,z,0,z,0,z,0,0,5,13.9,0,z,0,z,0,z,0,0,37,1.03,0,0,0,0,0,0,22,0.6,74,2.1,19,0.5,26,0.7,26,0.7,0,0,9,0.3,11,0.3
202223,Academic year,Local authority,E92000001,England,E12000003,Yorkshire and The Humber,810,E06000010,"Kingston upon Hull, City of",Provisional,Alternative provision,5,124,991.25,8,46,37.1,1,0.8,3,2.4,0,0,0,0,0,0,49.67,0.4,100,-265.368,-2.65,-2.93,-2.38,-262.055,-2.62,-2.94,-2.3,-265.08,-2.65,-2.94,-2.36,-286.891,-2.87,-3.19,-2.55,-246.287,-2.46,-2.78,-2.15,98,79,94,75.8,47,37.9,56,45.2,9,7.3,33,26.6,4,3.2,3,2.4,3,2.4,0,0,0,0,4,100,3,2.4,8,6.5,0,0,1,3,4,100,101,0.81,94,0.76,16.5,0.13,43,0.35,27,0.22,272,2.2,188,1.5,155,1.3,376.25,3,352,2.8,24.25,0.2,78,0.6,148,1.2
202223,Academic year,Local authority,E92000001,England,E12000003,Yorkshire and The Humber,811,E06000011,East Riding of Yorkshire,Provisional,Alternative provision,2,58,238.75,4.1,24,41.4,0,0,1,1.7,0,0,0,0,0,0,10.19,0.18,52,-140.715,-2.71,-3.09,-2.32,-155.405,-2.99,-3.43,-2.54,-107.805,-2.07,-2.48,-1.67,-137.908,-2.65,-3.1,-2.21,-155.664,-2.99,-3.43,-2.55,25,43.1,25,43.1,2,3.4,25,43.1,2,3.4,2,3.4,0,0,0,0,1,1.7,0,0,1,50,0,z,1,1.7,2,3.4,0,0,1,50,0,z,4,0.07,43,0.74,4,0.07,6,0.1,0,0,59,1,86,1.5,39,0.7,54.75,0.9,49,0.8,5.75,0.1,19,0.3,19,0.3
202223,Academic year,Local authority,E92000001,England,E12000003,Yorkshire and The Humber,812,E06000012,North East Lincolnshire,Provisional,Alternative provision,2,30,110.5,3.7,14,46.7,0,0,2,6.7,0,0,0,0,0,0,7.32,0.24,27,-75.059,-2.78,-3.31,-2.25,-79.26,-2.94,-3.55,-2.32,-54.45,-2.02,-2.58,-1.46,-72.283,-2.68,-3.29,-2.06,-88.781,-3.29,-3.9,-2.68,15,50,13,43.3,0,0,15,50,4,13.3,0,0,0,0,0,0,0,0,0,0,0,z,0,z,0,0,2,6.7,0,0,0,z,0,z,0,0,25,0.83,9.5,0.32,0,0,0,0,36,1.2,50,1.7,19,0.6,5.5,0.2,0,0,5.5,0.2,8,0.3,1,0
202223,Academic year,Local authority,E92000001,England,E12000003,Yorkshire and The Humber,813,E06000013,North Lincolnshire,Provisional,Alternative provision,2,14,98,7,3,21.4,0,0,1,7.1,0,0,0,0,0,0,7.34,0.52,10,-25.372,-2.54,-3.41,-1.66,-24.1,-2.41,-3.42,-1.4,-21.11,-2.11,-3.03,-1.19,-26.921,-2.69,-3.7,-1.68,-27.496,-2.75,-3.75,-1.74,4,28.6,4,28.6,3,21.4,4,28.6,3,21.4,0,0,0,0,2,14.3,0,0,0,0,0,z,0,z,3,21.4,1,7.1,1,33.3,0,z,0,z,15,1.07,12,0.86,8.5,0.61,0,0,0,0,30,2.1,24,1.7,17,1.2,27,1.9,27,1.9,0,0,6,0.4,7,0.5
202223,Academic year,Local authority,E92000001,England,E12000003,Yorkshire and The Humber,816,E06000014,York,Provisional,Alternative provision,2,44,376.5,8.6,29,65.9,1,2.3,2,4.5,1,2.3,0,0,0,0,21.04,0.48,39,-76.431,-1.96,-2.4,-1.52,-82.83,-2.12,-2.64,-1.61,-43.71,-1.12,-1.59,-0.65,-82.652,-2.12,-2.63,-1.61,-87.788,-2.25,-2.76,-1.74,32,72.7,31,70.5,8,18.2,31,70.5,1,2.3,10,22.7,1,2.3,1,2.3,2,4.5,1,100,1,10,0,0,5,11.4,6,13.6,1,100,1,10,0,0,29,0.66,60,1.36,5,0.11,25,0.57,2,0.05,94,2.1,120,2.7,60,1.4,102.5,2.3,79,1.8,23.5,0.5,21,0.5,45,1
202223,Academic year,Local authority,E92000001,England,E12000004,East Midlands,831,E06000015,Derby,Provisional,Alternative provision,3,34,217.75,6.4,23,67.6,0,0,0,0,0,0,0,0,0,0,17.17,0.51,29,-69.864,-2.41,-2.92,-1.89,-71.48,-2.46,-3.06,-1.87,-54.015,-1.86,-2.4,-1.32,-67.29,-2.32,-2.91,-1.73,-81.944,-2.83,-3.42,-2.24,26,76.5,20,58.8,15,44.1,24,70.6,17,50,0,0,0,0,0,0,0,0,0,0,0,z,0,z,2,5.9,1,2.9,1,5.9,0,z,0,z,31,0.91,31,0.91,20.5,0.6,0,0,0,0,69,2,62,1.8,46,1.4,40.75,1.2,20,0.6,20.75,0.6,23,0.7,21,0.6
202223,Academic year,Local authority,E92000001,England,E12000004,East Midlands,856,E06000016,Leicester,Provisional,Alternative provision,2,17,46,2.7,2,11.8,0,0,0,0,0,0,0,0,0,0,2.16,0.13,16,-46.063,-2.88,-3.57,-2.19,-54.63,-3.41,-4.22,-2.61,-33.51,-2.09,-2.82,-1.36,-43.786,-2.74,-3.54,-1.94,-50.999,-3.19,-3.98,-2.39,3,17.6,3,17.6,0,0,3,17.6,0,0,0,0,0,0,0,0,2,11.8,0,z,0,z,0,z,0,0,2,11.8,0,z,0,z,0,z,0,0,13,0.76,0,0,0,0,0,0,5,0.3,26,1.5,8,0.5,7,0.4,3,0.2,4,0.2,2,0.1,2,0.1
202223,Academic year,Local authority,E92000001,England,E12000004,East Midlands,857,E06000017,Rutland,Provisional,Alternative provision,1,6,22,3.7,1,16.7,0,0,0,0,0,0,0,0,0,0,2.34,0.39,4,-10.611,-2.65,-4.04,-1.27,-12.93,-3.23,-4.84,-1.63,-6.755,-1.69,-3.15,-0.23,-8.754,-2.19,-3.79,-0.59,-13.49,-3.37,-4.96,-1.78,2,33.3,2,33.3,0,0,2,33.3,1,16.7,0,0,0,0,0,0,0,0,0,0,0,z,0,z,0,0,1,16.7,1,100,0,z,0,z,0,0,5,0.83,4.5,0.75,0,0,0,0,3,0.5,10,1.7,9,1.5,0,0,0,0,0,0,2,0.3,0,0
202223,Academic year,Local authority,E92000001,England,E12000004,East Midlands,892,E06000018,Nottingham,Provisional,Alternative provision,5,76,403.5,5.3,33,43.4,1,1.3,1,1.3,0,0,0,0,0,0,26.36,0.35,66,-185.545,-2.81,-3.15,-2.47,-198.56,-3.01,-3.4,-2.61,-136.43,-2.07,-2.43,-1.71,-190.771,-2.89,-3.28,-2.5,-204.397,-3.1,-3.49,-2.71,40,52.6,40,52.6,10,13.2,37,48.7,7,9.2,3,3.9,1,1.3,1,1.3,1,1.3,1,14.3,0,0,1,100,2,2.6,2,2.6,1,14.3,0,0,1,100,30,0.39,77,1.01,21.5,0.28,3,0.04,5,0.07,110,1.4,154,2,56,0.7,83.5,1.1,61,0.8,22.5,0.3,19,0.3,37,0.5
202223,Academic year,Local authority,E92000001,England,E12000005,West Midlands,884,E06000019,"Herefordshire, County of",Provisional,Alternative provision,2,35,122,3.5,12,34.3,0,0,0,0,0,0,0,0,0,0,4.17,0.12,31,-99.313,-3.2,-3.7,-2.71,-103.71,-3.35,-3.92,-2.77,-81.35,-2.62,-3.15,-2.1,-103.686,-3.34,-3.92,-2.77,-104.009,-3.36,-3.93,-2.78,18,51.4,16,45.7,0,0,15,42.9,0,0,0,0,0,0,0,0,0,0,0,z,0,z,0,z,0,0,2,5.7,0,z,0,z,0,z,0,0,25,0.71,0,0,0,0,0,0,40,1.1,50,1.4,0,0,32,0.9,32,0.9,0,0,0,0,8,0.2
202223,Academic year,Local authority,E92000001,England,E12000005,West Midlands,894,E06000020,Telford and Wrekin,Provisional,Alternative provision,3,35,157,4.5,17,48.6,0,0,0,0,0,0,0,0,0,0,10.01,0.29,31,-101.708,-3.28,-3.78,-2.78,-112.895,-3.64,-4.22,-3.07,-92.72,-2.99,-3.52,-2.47,-96.613,-3.12,-3.69,-2.54,-105.343,-3.4,-3.97,-2.83,19,54.3,17,48.6,4,11.4,19,54.3,14,40,3,8.6,0,0,1,2.9,0,0,0,0,0,0,0,z,1,2.9,0,0,0,0,0,0,0,z,12,0.34,19,0.54,13.5,0.39,2,0.06,0,0,36,1,38,1.1,36,1,47,1.3,47,1.3,0,0,23,0.7,27,0.8
202223,Academic year,Local authority,E92000001,England,E12000005,West Midlands,861,E06000021,Stoke-on-Trent,Provisional,Alternative provision,1,30,105,3.5,14,46.7,0,0,0,0,0,0,0,0,0,0,5.48,0.18,27,-70.053,-2.59,-3.13,-2.06,-75.41,-2.79,-3.41,-2.18,-40.49,-1.5,-2.06,-0.94,-71.853,-2.66,-3.28,-2.05,-84.41,-3.13,-3.74,-2.51,16,53.3,16,53.3,0,0,16,53.3,0,0,0,0,0,0,0,0,0,0,0,z,0,z,0,z,0,0,1,3.3,0,z,0,z,0,z,0,0,33,1.1,0,0,0,0,0,0,32,1.1,66,2.2,4,0.1,3,0.1,3,0.1,0,0,2,0.1,1,0
202223,Academic year,Local authority,E92000001,England,E12000009,South West,800,E06000022,Bath and North East Somerset,Provisional,Alternative provision,1,2,0,0,0,0,0,0,0,0,0,0,0,0,0,0,0,0,0,z,z,z,z,z,z,z,z,z,z,z,z,z,z,z,z,z,z,z,z,0,0,0,0,0,0,0,0,0,0,0,0,0,0,0,0,0,0,0,z,0,z,0,z,0,0,0,0,0,z,0,z,0,z,0,0,0,0,0,0,0,0,0,0,0,0,0,0,0,0,0,0,0,0,0,0,0,0,0,0
202223,Academic year,Local authority,E92000001,England,E12000009,South West,801,E06000023,"Bristol, City of",Provisional,Alternative provision,5,101,769,7.6,63,62.4,2,2,7,6.9,3,3,1,1,1,1,47.49,0.47,97,-271.471,-2.8,-3.08,-2.52,-286.55,-2.95,-3.28,-2.63,-176.625,-1.82,-2.12,-1.52,-279.16,-2.88,-3.2,-2.55,-316.991,-3.27,-3.59,-2.95,78,77.2,74,73.3,11,10.9,71,70.3,5,5,13,12.9,5,5,3,3,6,5.9,3,60,2,15.4,2,40,6,5.9,12,11.9,3,60,2,15.4,2,40,44,0.44,154,1.52,21,0.21,29,0.29,16,0.16,197,2,308,3,134,1.3,130,1.3,130,1.3,0,0,45,0.4,47,0.5
202223,Academic year,Local authority,E92000001,England,E12000009,South West,802,E06000024,North Somerset,Provisional,Alternative provision,2,38,333,8.8,17,44.7,2,5.3,4,10.5,0,0,0,0,0,0,13.33,0.35,33,-93.777,-2.84,-3.32,-2.36,-109.74,-3.33,-3.88,-2.77,-70.825,-2.15,-2.65,-1.64,-98.215,-2.98,-3.53,-2.42,-93.994,-2.85,-3.4,-2.3,23,60.5,23,60.5,2,5.3,19,50,2,5.3,1,2.6,0,0,1,2.6,4,10.5,1,50,0,0,0,z,2,5.3,6,15.8,1,50,0,0,0,z,9,0.24,51,1.34,8.5,0.22,3,0.08,0,0,61,1.6,102,2.7,61,1.6,109,2.9,109,2.9,0,0,21,0.6,23,0.6
202223,Academic year,Local authority,E92000001,England,E12000009,South West,803,E06000025,South Gloucestershire,Provisional,Alternative provision,2,43,431.25,10,25,58.1,4,9.3,4,9.3,0,0,0,0,0,0,23.34,0.54,37,-102.041,-2.76,-3.21,-2.3,-103.945,-2.81,-3.34,-2.28,-66.75,-1.8,-2.28,-1.32,-109.315,-2.95,-3.48,-2.43,-117.033,-3.16,-3.69,-2.64,28,65.1,28,65.1,4,9.3,26,60.5,5,11.6,2,4.7,0,0,3,7,5,11.6,1,20,0,0,0,z,3,7,9,20.9,3,60,1,50,0,z,20,0.47,73,1.7,20,0.47,7,0.16,0,0,108,2.5,146,3.4,84,2,93.25,2.2,79,1.8,14.25,0.3,27,0.6,27,0.6
202223,Academic year,Local authority,E92000001,England,E12000009,South West,879,E06000026,Plymouth,Provisional,Alternative provision,2,82,521,6.4,48,58.5,0,0,0,0,0,0,0,0,0,0,48.01,0.59,73,-194.149,-2.66,-2.98,-2.34,-207.03,-2.84,-3.21,-2.46,-157.175,-2.15,-2.49,-1.81,-171.649,-2.35,-2.73,-1.98,-232.76,-3.19,-3.56,-2.82,58,70.7,54,65.9,19,23.2,54,65.9,45,54.9,2,2.4,0,0,0,0,0,0,0,0,0,0,0,z,3,3.7,2,2.4,1,2.2,0,0,0,z,46,0.56,76,0.93,81.5,0.99,3,0.04,0,0,141,1.7,152,1.9,166,2,62,0.8,62,0.8,0,0,78,1,34,0.4
202223,Academic year,Local authority,E92000001,England,E12000009,South West,880,E06000027,Torbay,Provisional,Alternative provision,2,31,148,4.8,17,54.8,0,0,0,0,0,0,0,0,0,0,11,0.35,28,-87.448,-3.12,-3.65,-2.6,-95.655,-3.42,-4.02,-2.81,-63.285,-2.26,-2.81,-1.71,-88.682,-3.17,-3.77,-2.56,-96.866,-3.46,-4.06,-2.86,18,58.1,17,54.8,5,16.1,18,58.1,3,9.7,1,3.2,0,0,0,0,0,0,0,0,0,0,0,z,0,0,4,12.9,1,33.3,0,0,0,z,12,0.39,32,1.03,10.5,0.34,1,0.03,0,0,37,1.2,64,2.1,22,0.7,25,0.8,25,0.8,0,0,7,0.2,14,0.5
202223,Academic year,Local authority,E92000001,England,E12000009,South West,866,E06000030,Swindon,Provisional,Alternative provision,1,34,234,6.9,23,67.6,2,5.9,2,5.9,1,2.9,1,2.9,1,2.9,19.17,0.56,32,-91.769,-2.87,-3.36,-2.38,-92.285,-2.88,-3.45,-2.32,-65.79,-2.06,-2.57,-1.54,-93.048,-2.91,-3.47,-2.34,-107.465,-3.36,-3.92,-2.8,27,79.4,24,70.6,13,38.2,25,73.5,7,20.6,4,11.8,1,2.9,1,2.9,2,5.9,1,14.3,1,25,1,100,1,2.9,3,8.8,1,14.3,1,25,1,100,26,0.76,44,1.29,15,0.44,10,0.29,5,0.15,71,2.1,88,2.6,40,1.2,35,1,35,1,0,0,16,0.5,16,0.5
202223,Academic year,Local authority,E92000001,England,E12000006,East of England,874,E06000031,Peterborough,Provisional,Alternative provision,2,46,163,3.5,15,32.6,1,2.2,1,2.2,1,2.2,1,2.2,1,2.2,9.83,0.21,39,-105.386,-2.7,-3.15,-2.26,-119.315,-3.06,-3.57,-2.55,-85.31,-2.19,-2.65,-1.72,-102.901,-2.64,-3.15,-2.13,-111.954,-2.87,-3.38,-2.36,19,41.3,18,39.1,1,2.2,17,37,3,6.5,1,2.2,1,2.2,1,2.2,1,2.2,1,33.3,1,100,1,100,1,2.2,1,2.2,1,33.3,1,100,1,100,5,0.11,28,0.61,8,0.17,5,0.11,5,0.11,36,0.8,56,1.2,23,0.5,48,1,36,0.8,12,0.3,6,0.1,14,0.3
202223,Academic year,Local authority,E92000001,England,E12000006,East of England,821,E06000032,Luton,Provisional,Alternative provision,1,24,184,7.7,16,66.7,0,0,2,8.3,1,4.2,0,0,0,0,11.84,0.49,23,-72.723,-3.16,-3.74,-2.58,-75.195,-3.27,-3.94,-2.6,-53.535,-2.33,-2.94,-1.72,-73.553,-3.2,-3.87,-2.53,-83.035,-3.61,-4.27,-2.95,17,70.8,17,70.8,1,4.2,16,66.7,4,16.7,4,16.7,1,4.2,1,4.2,0,0,1,25,0,0,0,0,1,4.2,3,12.5,1,25,0,0,0,0,5,0.21,34,1.42,12.5,0.52,5,0.21,2,0.08,50,2.1,68,2.8,35,1.5,31,1.3,31,1.3,0,0,17,0.7,9,0.4
202223,Academic year,Local authority,E92000001,England,E12000006,East of England,882,E06000033,Southend-on-Sea,Provisional,Alternative provision,3,28,122,4.4,19,67.9,0,0,2,7.1,0,0,0,0,0,0,5.01,0.18,25,-68.588,-2.74,-3.3,-2.19,-70.79,-2.83,-3.47,-2.19,-46.68,-1.87,-2.45,-1.28,-74.182,-2.97,-3.61,-2.33,-76.139,-3.05,-3.68,-2.41,19,67.9,18,64.3,1,3.6,19,67.9,0,0,0,0,0,0,0,0,2,7.1,0,z,0,z,0,z,0,0,2,7.1,0,z,0,z,0,z,2,0.07,28,1,0,0,0,0,0,0,40,1.4,56,2,0,0,26,0.9,26,0.9,0,0,0,0,7,0.3
202223,Academic year,Local authority,E92000001,England,E12000006,East of England,883,E06000034,Thurrock,Provisional,Alternative provision,2,38,209,5.5,25,65.8,0,0,1,2.6,0,0,0,0,0,0,10.18,0.27,33,-94.811,-2.87,-3.36,-2.39,-95.805,-2.9,-3.46,-2.35,-60.97,-1.85,-2.36,-1.34,-96.36,-2.92,-3.48,-2.36,-115.179,-3.49,-4.04,-2.94,25,65.8,25,65.8,4,10.5,25,65.8,0,0,0,0,0,0,0,0,0,0,0,z,0,z,0,z,1,2.6,3,7.9,0,z,0,z,0,z,13,0.34,48,1.26,0,0,0,0,0,0,67,1.8,96,2.5,31,0.8,15,0.4,15,0.4,0,0,16,0.4,5,0.1
202223,Academic year,Local authority,E92000001,England,E12000008,South East,887,E06000035,Medway,Provisional,Alternative provision,3,67,609,9.1,41,61.2,1,1.5,8,11.9,1,1.5,0,0,0,0,39.97,0.6,54,-137.205,-2.54,-2.92,-2.16,-156.35,-2.9,-3.33,-2.46,-99.235,-1.84,-2.23,-1.44,-137.936,-2.55,-2.99,-2.12,-149.026,-2.76,-3.19,-2.33,45,67.2,43,64.2,9,13.4,44,65.7,13,19.4,6,9,1,1.5,5,7.5,4,6,2,15.4,0,0,0,0,7,10.4,10,14.9,5,38.5,1,16.7,1,100,38,0.57,96,1.43,44,0.66,14,0.21,4,0.06,132,2,192,2.9,130,1.9,155,2.3,137,2,18,0.3,43,0.6,50,0.7
202223,Academic year,Local authority,E92000001,England,E12000008,South East,867,E06000036,Bracknell Forest,Provisional,Alternative provision,2,17,65,3.8,1,5.9,0,0,0,0,0,0,0,0,0,0,8.01,0.47,16,-45.98,-2.87,-3.57,-2.18,-58.12,-3.63,-4.43,-2.83,-35.99,-2.25,-2.98,-1.52,-36.512,-2.28,-3.08,-1.48,-54.018,-3.38,-4.17,-2.58,12,70.6,10,58.8,1,5.9,9,52.9,8,47.1,0,0,0,0,0,0,0,0,0,0,0,z,0,z,0,0,0,0,0,0,0,z,0,z,1,0.06,13,0.76,17,1,0,0,0,0,2,0.1,26,1.5,34,2,3,0.2,3,0.2,0,0,16,0.9,1,0.1
202223,Academic year,Local authority,E92000001,England,E12000008,South East,869,E06000037,West Berkshire,Provisional,Alternative provision,2,23,174.5,7.6,15,65.2,0,0,1,4.3,0,0,0,0,0,0,5.48,0.24,20,-48.212,-2.41,-3.03,-1.79,-56.485,-2.82,-3.54,-2.11,-29.575,-1.48,-2.13,-0.83,-53.494,-2.67,-3.39,-1.96,-49.837,-2.49,-3.2,-1.78,18,78.3,17,73.9,0,0,18,78.3,0,0,0,0,0,0,0,0,0,0,0,z,0,z,0,z,0,0,1,4.3,0,z,0,z,0,z,0,0,33,1.43,0,0,0,0,0,0,36,1.6,66,2.9,17,0.7,55.5,2.4,50,2.2,5.5,0.2,7,0.3,20,0.9
202223,Academic year,Local authority,E92000001,England,E12000008,South East,870,E06000038,Reading,Provisional,Alternative provision,2,36,100.75,2.8,15,41.7,0,0,0,0,0,0,0,0,0,0,4.65,0.13,34,-102.61,-3.02,-3.49,-2.54,-111.215,-3.27,-3.82,-2.72,-82.75,-2.43,-2.93,-1.93,-97.743,-2.87,-3.42,-2.33,-115.011,-3.38,-3.93,-2.84,25,69.4,20,55.6,0,0,18,50,1,2.8,1,2.8,0,0,0,0,0,0,0,0,0,0,0,z,0,0,0,0,0,0,0,0,0,z,0,0,22,0.61,2.5,0.07,1,0.03,0,0,30,0.8,44,1.2,18,0.5,8.75,0.2,7,0.2,1.75,0,12,0.3,7,0.2
202223,Academic year,Local authority,E92000001,England,E12000008,South East,871,E06000039,Slough,Provisional,Alternative provision,2,36,264,7.3,24,66.7,0,0,0,0,0,0,0,0,0,0,9.68,0.27,35,-68.244,-1.95,-2.42,-1.48,-71.11,-2.03,-2.57,-1.49,-51.915,-1.48,-1.98,-0.99,-71.67,-2.05,-2.59,-1.51,-73.813,-2.11,-2.65,-1.57,30,83.3,29,80.6,9,25,25,69.4,1,2.8,0,0,0,0,0,0,0,0,0,0,0,z,0,z,1,2.8,1,2.8,0,0,0,z,0,z,22,0.61,32,0.89,2,0.06,0,0,0,0,75,2.1,64,1.8,41,1.1,84,2.3,84,2.3,0,0,22,0.6,45,1.3
202223,Academic year,Local authority,E92000001,England,E12000008,South East,868,E06000040,Windsor and Maidenhead,Provisional,Alternative provision,2,14,124,8.9,11,78.6,0,0,0,0,0,0,0,0,0,0,6.17,0.44,14,-35.499,-2.54,-3.28,-1.8,-32,-2.29,-3.14,-1.43,-27.905,-1.99,-2.77,-1.21,-39.707,-2.84,-3.69,-1.98,-38.686,-2.76,-3.61,-1.91,11,78.6,11,78.6,10,71.4,11,78.6,0,0,0,0,0,0,0,0,0,0,0,z,0,z,0,z,0,0,0,0,0,z,0,z,0,z,20,1.43,17,1.21,0,0,0,0,0,0,43,3.1,34,2.4,13,0.9,34,2.4,34,2.4,0,0,7,0.5,18,1.3
202223,Academic year,Local authority,E92000001,England,E12000008,South East,872,E06000041,Wokingham,Provisional,Alternative provision,2,9,8,0.9,0,0,0,0,0,0,0,0,0,0,0,0,0.83,0.09,9,-23.578,-2.62,-3.54,-1.7,-27.11,-3.01,-4.08,-1.94,-21.785,-2.42,-3.39,-1.45,-20.097,-2.23,-3.3,-1.17,-25.902,-2.88,-3.94,-1.82,2,22.2,2,22.2,0,0,0,0,1,11.1,0,0,0,0,0,0,0,0,0,0,0,z,0,z,0,0,0,0,0,0,0,z,0,z,0,0,0,0,2.5,0.28,0,0,0,0,2,0.2,0,0,5,0.6,1,0.1,1,0.1,0,0,2,0.2,1,0.1
202223,Academic year,Local authority,E92000001,England,E12000008,South East,826,E06000042,Milton Keynes,Provisional,Alternative provision,2,13,82,6.3,4,30.8,0,0,0,0,0,0,0,0,0,0,5.01,0.39,10,-25.128,-2.51,-3.39,-1.64,-26.825,-2.68,-3.7,-1.67,-18.805,-1.88,-2.8,-0.96,-25.834,-2.58,-3.6,-1.57,-27.516,-2.75,-3.76,-1.75,6,46.2,5,38.5,1,7.7,6,46.2,1,7.7,1,7.7,0,0,1,7.7,0,0,0,0,0,0,0,z,1,7.7,2,15.4,1,100,0,0,0,z,6,0.46,15,1.15,4.5,0.35,0,0,0,0,17,1.3,30,2.3,19,1.5,16,1.2,16,1.2,0,0,6,0.5,5,0.4
202223,Academic year,Local authority,E92000001,England,E12000008,South East,846,E06000043,Brighton and Hove,Provisional,Alternative provision,2,60,502.25,8.4,42,70,1,1.7,1,1.7,0,0,0,0,0,0,19.39,0.32,55,-148.973,-2.71,-3.08,-2.34,-173.005,-3.15,-3.58,-2.71,-95.365,-1.73,-2.13,-1.34,-152.601,-2.77,-3.21,-2.34,-165.086,-3,-3.43,-2.57,48,80,48,80,0,0,45,75,3,5,0,0,1,1.7,0,0,3,5,0,0,0,z,1,100,0,0,9,15,1,33.3,0,z,1,100,0,0,93,1.55,9,0.15,0,0,5,0.08,92,1.5,186,3.1,92,1.5,132.25,2.2,122,2,10.25,0.2,42,0.7,45,0.8
202223,Academic year,Local authority,E92000001,England,E12000008,South East,851,E06000044,Portsmouth,Provisional,Alternative provision,1,1,0,0,0,0,0,0,0,0,0,0,0,0,0,0,0,0,1,-1.583,-1.58,-4.35,1.19,-1.905,-1.91,-5.11,1.3,-1.145,-1.15,-4.06,1.77,-1.397,-1.4,-4.6,1.8,-1.85,-1.85,-5.03,1.33,0,0,0,0,0,0,0,0,0,0,0,0,0,0,0,0,0,0,0,z,0,z,0,z,0,0,0,0,0,z,0,z,0,z,0,0,0,0,0,0,0,0,0,0,0,0,0,0,0,0,0,0,0,0,0,0,0,0,0,0
202223,Academic year,Local authority,E92000001,England,E12000008,South East,852,E06000045,Southampton,Provisional,Alternative provision,2,25,100,4,15,60,0,0,0,0,0,0,0,0,0,0,6.51,0.26,23,-82.259,-3.58,-4.15,-3,-86.14,-3.75,-4.41,-3.08,-62.58,-2.72,-3.33,-2.11,-82.844,-3.6,-4.27,-2.93,-92.192,-4.01,-4.67,-3.35,17,68,16,64,1,4,17,68,1,4,1,4,0,0,0,0,0,0,0,0,0,0,0,z,0,0,1,4,0,0,0,0,0,z,3,0.12,27,1.08,3,0.12,3,0.12,0,0,29,1.2,54,2.2,11,0.4,6,0.2,6,0.2,0,0,5,0.2,2,0.1
202223,Academic year,Local authority,E92000001,England,E12000008,South East,921,E06000046,Isle of Wight,Provisional,Alternative provision,2,14,16,1.1,1,7.1,0,0,0,0,0,0,0,0,0,0,0.83,0.06,11,-35.335,-3.21,-4.05,-2.38,-38.08,-3.46,-4.43,-2.5,-29.37,-2.67,-3.55,-1.79,-34.274,-3.12,-4.08,-2.15,-38.546,-3.5,-4.46,-2.55,4,28.6,3,21.4,0,0,3,21.4,0,0,0,0,0,0,0,0,0,0,0,z,0,z,0,z,0,0,0,0,0,z,0,z,0,z,0,0,5,0.36,0,0,0,0,0,0,6,0.4,10,0.7,0,0,0,0,0,0,0,0,0,0,0,0
202223,Academic year,Local authority,E92000001,England,E12000001,North East,840,E06000047,County Durham,Provisional,Alternative provision,3,99,781.5,7.9,47,47.5,1,1,10,10.1,0,0,0,0,0,0,58.86,0.59,96,-275.441,-2.87,-3.15,-2.59,-276.405,-2.88,-3.21,-2.55,-211.2,-2.2,-2.5,-1.9,-275.032,-2.86,-3.19,-2.54,-318.036,-3.31,-3.64,-2.99,48,48.5,47,47.5,25,25.3,48,48.5,18,18.2,2,2,0,0,5,5.1,4,4,3,16.7,0,0,0,z,13,13.1,13,13.1,8,44.4,0,0,0,z,90,0.91,127,1.28,66.5,0.67,3,0.03,0,0,231,2.3,254,2.6,157,1.6,139.5,1.4,119,1.2,20.5,0.2,48,0.5,43,0.4
202223,Academic year,Local authority,E92000001,England,E12000002,North West,895,E06000049,Cheshire East,Provisional,Alternative provision,3,42,297,7.1,23,54.8,0,0,1,2.4,0,0,0,0,0,0,25.14,0.6,37,-117.887,-3.19,-3.64,-2.73,-135.64,-3.67,-4.19,-3.14,-93.92,-2.54,-3.02,-2.06,-107.335,-2.9,-3.43,-2.37,-132.574,-3.58,-4.11,-3.06,24,57.1,24,57.1,4,9.5,24,57.1,17,40.5,3,7.1,1,2.4,0,0,2,4.8,0,0,0,0,1,100,2,4.8,6,14.3,2,11.8,0,0,1,100,12,0.29,47,1.12,41.5,0.99,4,0.1,5,0.12,50,1.2,94,2.2,99,2.4,54,1.3,46,1.1,8,0.2,38,0.9,13,0.3
202223,Academic year,Local authority,E92000001,England,E12000002,North West,896,E06000050,Cheshire West and Chester,Provisional,Alternative provision,2,31,137,4.4,11,35.5,0,0,1,3.2,0,0,0,0,0,0,6.67,0.22,27,-90.244,-3.34,-3.88,-2.81,-93.99,-3.48,-4.1,-2.86,-73.245,-2.71,-3.27,-2.15,-92.712,-3.43,-4.05,-2.82,-96.625,-3.58,-4.19,-2.97,12,38.7,12,38.7,4,12.9,12,38.7,0,0,0,0,0,0,1,3.2,1,3.2,0,z,0,z,0,z,2,6.5,1,3.2,0,z,0,z,0,z,14,0.45,26,0.84,0,0,0,0,0,0,39,1.3,52,1.7,16,0.5,30,1,30,1,0,0,6,0.2,13,0.4
202223,Academic year,Local authority,E92000001,England,E12000005,West Midlands,893,E06000051,Shropshire,Provisional,Alternative provision,2,43,241,5.6,22,51.2,0,0,0,0,0,0,0,0,0,0,10.84,0.25,36,-102.663,-2.85,-3.31,-2.39,-111.605,-3.1,-3.63,-2.57,-73.315,-2.04,-2.52,-1.55,-99.334,-2.76,-3.29,-2.23,-119.6,-3.32,-3.85,-2.79,24,55.8,22,51.2,1,2.3,24,55.8,3,7,4,9.3,0,0,0,0,0,0,0,0,0,0,0,z,1,2.3,0,0,0,0,0,0,0,z,4,0.09,46,1.07,5.5,0.13,4,0.09,0,0,59,1.4,92,2.1,54,1.3,36,0.8,29,0.7,7,0.2,25,0.6,14,0.3
202223,Academic year,Local authority,E92000001,England,E12000009,South West,908,E06000052,Cornwall,Provisional,Alternative provision,6,48,411,8.6,34,70.8,0,0,1,2.1,0,0,0,0,0,0,25.67,0.53,41,-101.268,-2.47,-2.9,-2.04,-92.26,-2.25,-2.75,-1.75,-62.795,-1.53,-1.99,-1.08,-104.531,-2.55,-3.05,-2.05,-129.656,-3.16,-3.66,-2.67,35,72.9,33,68.8,28,58.3,35,72.9,1,2.1,0,0,0,0,1,2.1,2,4.2,1,100,0,z,0,z,5,10.4,4,8.3,1,100,0,z,0,z,65,1.35,71,1.48,9,0.19,0,0,0,0,134,2.8,142,3,79,1.6,56,1.2,56,1.2,0,0,32,0.7,28,0.6
202223,Academic year,Local authority,E92000001,England,E12000009,South West,865,E06000054,Wiltshire,Provisional,Alternative provision,1,18,47,2.6,4,22.2,0,0,0,0,0,0,0,0,0,0,3.33,0.19,15,-36.134,-2.41,-3.12,-1.69,-37.865,-2.52,-3.35,-1.7,-25.2,-1.68,-2.43,-0.93,-35.303,-2.35,-3.18,-1.53,-43.109,-2.87,-3.69,-2.05,4,22.2,4,22.2,1,5.6,4,22.2,1,5.6,0,0,0,0,0,0,0,0,0,0,0,z,0,z,0,0,0,0,0,0,0,z,0,z,3,0.17,11,0.61,3,0.17,0,0,0,0,17,0.9,22,1.2,6,0.3,2,0.1,2,0.1,0,0,2,0.1,1,0.1
202223,Academic year,Local authority,E92000001,England,E12000006,East of England,822,E06000055,Bedford,Provisional,Alternative provision,2,30,370,12.3,18,60,2,6.7,4,13.3,0,0,0,0,0,0,25.17,0.84,22,-53.035,-2.41,-3,-1.82,-55.055,-2.5,-3.19,-1.82,-41.49,-1.89,-2.51,-1.26,-47.096,-2.14,-2.82,-1.46,-65.32,-2.97,-3.65,-2.29,20,66.7,20,66.7,8,26.7,19,63.3,12,40,0,0,3,10,6,20,2,6.7,2,16.7,0,z,3,100,8,26.7,4,13.3,2,16.7,0,z,3,100,44,1.47,44,1.47,22,0.73,0,0,19,0.63,108,3.6,88,2.9,103,3.4,71,2.4,71,2.4,0,0,34,1.1,14,0.5
202223,Academic year,Local authority,E92000001,England,E12000006,East of England,823,E06000056,Central Bedfordshire,Provisional,Alternative provision,2,29,143.75,5,19,65.5,0,0,0,0,0,0,0,0,0,0,5.84,0.2,29,-73.257,-2.53,-3.04,-2.01,-81.285,-2.8,-3.4,-2.21,-51.22,-1.77,-2.31,-1.22,-69.621,-2.4,-3,-1.81,-86.24,-2.97,-3.56,-2.38,20,69,19,65.5,2,6.9,19,65.5,0,0,0,0,0,0,0,0,0,0,0,z,0,z,0,z,1,3.4,0,0,0,z,0,z,0,z,6,0.21,29,1,0,0,0,0,0,0,38,1.3,58,2,27,0.9,20.75,0.7,7,0.2,13.75,0.5,18,0.6,7,0.2
202223,Academic year,Local authority,E92000001,England,E12000001,North East,929,E06000057,Northumberland,Provisional,Alternative provision,1,72,227,3.2,23,31.9,0,0,1,1.4,0,0,0,0,0,0,12.03,0.17,65,-209.556,-3.22,-3.57,-2.88,-231.36,-3.56,-3.96,-3.16,-185.59,-2.86,-3.22,-2.49,-204.737,-3.15,-3.55,-2.75,-215.833,-3.32,-3.71,-2.93,36,50,35,48.6,4,5.6,25,34.7,6,8.3,1,1.4,0,0,0,0,0,0,0,0,0,0,0,z,0,0,1,1.4,0,0,0,0,0,z,9,0.13,35,0.49,12.5,0.17,3,0.04,0,0,55,0.8,70,1,28,0.4,74,1,40,0.6,34,0.5,13,0.2,20,0.3
202223,Academic year,Local authority,E92000001,England,E12000009,South West,839,E06000058,"Bournemouth, Christchurch and Poole",Provisional,Alternative provision,3,71,481,6.8,29,40.8,0,0,3,4.2,0,0,0,0,0,0,23.48,0.33,65,-174.037,-2.68,-3.02,-2.33,-200.925,-3.09,-3.49,-2.69,-121.405,-1.87,-2.23,-1.51,-167.763,-2.58,-2.98,-2.18,-197.504,-3.04,-3.43,-2.64,39,54.9,37,52.1,6,8.5,37,52.1,4,5.6,5,7,0,0,0,0,2,2.8,0,0,0,0,0,z,0,0,7,9.9,2,50,0,0,0,z,15,0.21,88,1.24,14.5,0.2,9,0.13,0,0,94,1.3,176,2.5,109,1.5,102,1.4,84,1.2,18,0.3,38,0.5,30,0.4
202223,Academic year,Local authority,E92000001,England,E12000009,South West,838,E06000059,Dorset,Provisional,Alternative provision,5,72,430.25,6,30,41.7,1,1.4,3,4.2,0,0,0,0,0,0,31.69,0.44,61,-151.394,-2.48,-2.84,-2.13,-164.15,-2.69,-3.1,-2.28,-110.335,-1.81,-2.18,-1.44,-144.1,-2.36,-2.77,-1.95,-177.553,-2.91,-3.32,-2.5,35,48.6,34,47.2,9,12.5,34,47.2,14,19.4,13,18.1,0,0,1,1.4,2,2.8,0,0,0,0,0,z,4,5.6,7,9.7,0,0,0,0,0,z,35,0.49,69,0.96,31,0.43,24,0.33,0,0,109,1.5,138,1.9,102,1.4,81.25,1.1,76,1.1,5.25,0.1,48,0.7,25,0.3
202223,Academic year,Local authority,E92000001,England,E12000008,South East,825,E06000060,Buckinghamshire,Provisional,Alternative provision,3,40,353,8.8,21,52.5,1,2.5,4,10,1,2.5,0,0,0,0,23.5,0.59,32,-79.003,-2.47,-2.96,-1.98,-91.345,-2.85,-3.42,-2.29,-48.23,-1.51,-2.02,-0.99,-78.164,-2.44,-3.01,-1.88,-92.119,-2.88,-3.44,-2.32,23,57.5,22,55,2,5,22,55,13,32.5,1,2.5,2,5,1,2.5,3,7.5,0,0,0,0,1,50,2,5,5,12.5,1,7.7,0,0,1,50,9,0.23,61,1.53,28.5,0.71,2,0.05,12,0.3,69,1.7,122,3.1,78,2,84,2.1,84,2.1,0,0,27,0.7,18,0.5
202223,Academic year,Local authority,E92000001,England,E12000004,East Midlands,940,E06000061,North Northamptonshire,Provisional,Alternative provision,1,11,2,0.2,0,0,0,0,0,0,0,0,0,0,0,0,0.17,0.02,9,-30.414,-3.38,-4.3,-2.46,-33.675,-3.74,-4.81,-2.67,-28.43,-3.16,-4.13,-2.19,-28.354,-3.15,-4.22,-2.08,-31.636,-3.52,-4.57,-2.46,1,9.1,1,9.1,0,0,1,9.1,0,0,0,0,0,0,0,0,0,0,0,z,0,z,0,z,0,0,0,0,0,z,0,z,0,z,0,0,1,0.09,0,0,0,0,0,0,0,0,2,0.2,0,0,0,0,0,0,0,0,0,0,0,0
202223,Academic year,Local authority,E92000001,England,E12000004,East Midlands,941,E06000062,West Northamptonshire,Provisional,Alternative provision,3,46,564,12.3,35,76.1,1,2.2,1,2.2,0,0,0,0,0,0,28.81,0.63,40,-88.64,-2.22,-2.65,-1.78,-89.98,-2.25,-2.76,-1.74,-51.795,-1.29,-1.76,-0.83,-121.833,-3.05,-3.55,-2.54,-79.119,-1.98,-2.48,-1.48,39,84.8,39,84.8,16,34.8,36,78.3,2,4.3,10,21.7,1,2.2,1,2.2,2,4.3,0,0,0,0,1,100,2,4.3,7,15.2,0,0,0,0,1,100,51,1.11,87,1.89,4.5,0.1,17,0.37,9,0.2,141,3.1,174,3.8,37,0.8,212,4.6,208,4.5,4,0.1,16,0.3,56,1.2
202223,Academic year,Local authority,E92000001,England,E12000002,North West,942,E06000063,Cumberland,Provisional,Alternative provision,2,26,170,6.5,18,69.2,0,0,1,3.8,0,0,0,0,0,0,15.35,0.59,22,-62.173,-2.83,-3.42,-2.24,-69.33,-3.15,-3.83,-2.47,-39.455,-1.79,-2.42,-1.17,-53.964,-2.45,-3.14,-1.77,-80.747,-3.67,-4.35,-2.99,21,80.8,20,76.9,0,0,20,76.9,11,42.3,0,0,1,3.8,0,0,0,0,0,0,0,z,1,100,0,0,2,7.7,1,9.1,0,z,1,100,0,0,36,1.38,24.5,0.94,0,0,7,0.27,39,1.5,72,2.8,56,2.2,3,0.1,3,0.1,0,0,23,0.9,1,0
202223,Academic year,Local authority,E92000001,England,E12000002,North West,943,E06000064,Westmorland and Furness,Provisional,Alternative provision,1,14,176.5,12.6,12,85.7,1,7.1,1,7.1,0,0,0,0,0,0,8.67,0.62,14,-34.195,-2.44,-3.18,-1.7,-32.51,-2.32,-3.18,-1.47,-26.49,-1.89,-2.67,-1.11,-39.944,-2.85,-3.71,-2,-34.716,-2.48,-3.33,-1.63,14,100,14,100,7,50,12,85.7,1,7.1,0,0,0,0,1,7.1,1,7.1,1,100,0,z,0,z,2,14.3,1,7.1,1,100,0,z,0,z,19,1.36,23,1.64,5,0.36,0,0,0,0,50,3.6,46,3.3,24,1.7,56.5,4,53,3.8,3.5,0.3,8,0.6,24,1.7
202223,Academic year,Local authority,E92000001,England,E12000003,Yorkshire and The Humber,815,E06000065,North Yorkshire,Provisional,Alternative provision,6,31,135,4.4,11,35.5,1,3.2,2,6.5,0,0,0,0,0,0,9.68,0.31,26,-72.49,-2.79,-3.33,-2.25,-78.29,-3.01,-3.64,-2.38,-54.775,-2.11,-2.68,-1.53,-68.551,-2.64,-3.26,-2.01,-84.366,-3.24,-3.87,-2.62,13,41.9,12,38.7,1,3.2,11,35.5,5,16.1,1,3.2,0,0,0,0,1,3.2,0,0,0,0,0,z,1,3.2,2,6.5,2,40,0,0,0,z,4,0.13,25,0.81,13,0.42,3,0.1,0,0,36,1.2,50,1.6,32,1,17,0.5,15,0.5,2,0.1,12,0.4,7,0.2
202223,Academic year,Local authority,E92000001,England,E12000009,South West,933,E06000066,Somerset,Provisional,Alternative provision,5,84,317,3.8,23,27.4,1,1.2,2,2.4,0,0,0,0,0,0,25.68,0.31,68,-210.92,-3.1,-3.44,-2.77,-236.3,-3.48,-3.86,-3.09,-178.33,-2.62,-2.98,-2.27,-194.143,-2.86,-3.24,-2.47,-232.545,-3.42,-3.81,-3.03,33,39.3,28,33.3,3,3.6,27,32.1,22,26.2,2,2.4,0,0,2,2.4,1,1.2,1,4.5,1,50,0,z,2,2.4,3,3.6,2,9.1,1,50,0,z,14,0.17,50,0.6,40.5,0.48,9,0.11,0,0,64,0.8,100,1.2,92,1.1,61,0.7,61,0.7,0,0,35,0.4,20,0.2
202223,Academic year,Local authority,E92000001,England,E12000002,North West,350,E08000001,Bolton,Provisional,Alternative provision,3,47,197,4.2,25,53.2,1,2.1,2,4.3,0,0,0,0,0,0,11.86,0.25,46,-147.723,-3.21,-3.62,-2.8,-154.295,-3.35,-3.83,-2.88,-108.565,-2.36,-2.79,-1.93,-147.819,-3.21,-3.69,-2.74,-169.332,-3.68,-4.15,-3.21,27,57.4,26,55.3,4,8.5,27,57.4,1,2.1,0,0,0,0,1,2.1,1,2.1,0,0,0,z,0,z,1,2.1,4,8.5,0,0,0,z,0,z,14,0.3,50,1.06,3.5,0.07,0,0,0,0,63,1.3,100,2.1,22,0.5,12,0.3,12,0.3,0,0,7,0.1,5,0.1
202223,Academic year,Local authority,E92000001,England,E12000002,North West,351,E08000002,Bury,Provisional,Alternative provision,2,76,474.75,6.2,46,60.5,0,0,4,5.3,0,0,0,0,0,0,30.03,0.4,68,-208.341,-3.06,-3.4,-2.73,-216.67,-3.19,-3.57,-2.8,-145.075,-2.13,-2.49,-1.78,-209.249,-3.08,-3.47,-2.69,-244.053,-3.59,-3.97,-3.2,51,67.1,49,64.5,15,19.7,51,67.1,7,9.2,2,2.6,0,0,1,1.3,3,3.9,0,0,0,0,0,z,6,7.9,7,9.2,0,0,1,50,0,z,39,0.51,99,1.3,18,0.24,6,0.08,0,0,143,1.9,198,2.6,79,1,54.75,0.7,53,0.7,1.75,0,36,0.5,24,0.3
202223,Academic year,Local authority,E92000001,England,E12000002,North West,352,E08000003,Manchester,Provisional,Alternative provision,2,87,763,8.8,61,70.1,1,1.1,2,2.3,0,0,0,0,0,0,36.33,0.42,79,-213.193,-2.7,-3.01,-2.39,-214.06,-2.71,-3.07,-2.35,-170.63,-2.16,-2.49,-1.83,-229.407,-2.9,-3.26,-2.54,-224.793,-2.85,-3.2,-2.49,67,77,63,72.4,35,40.2,62,71.3,2,2.3,15,17.2,1,1.1,1,1.1,2,2.3,1,50,0,0,1,100,4,4.6,4,4.6,1,50,0,0,1,100,82,0.94,104,1.2,5.5,0.06,16,0.18,5,0.06,217,2.5,208,2.4,115,1.3,223,2.6,188,2.2,35,0.4,60,0.7,97,1.1
202223,Academic year,Local authority,E92000001,England,E12000002,North West,353,E08000004,Oldham,Provisional,Alternative provision,2,19,71,3.7,8,42.1,0,0,1,5.3,0,0,0,0,0,0,3.83,0.2,18,-58.445,-3.25,-3.9,-2.59,-59.46,-3.3,-4.06,-2.55,-46.975,-2.61,-3.3,-1.92,-58.816,-3.27,-4.02,-2.51,-65.048,-3.61,-4.36,-2.86,9,47.4,9,47.4,3,15.8,9,47.4,0,0,0,0,0,0,0,0,1,5.3,0,z,0,z,0,z,1,5.3,1,5.3,0,z,0,z,0,z,8,0.42,15,0.79,0,0,0,0,0,0,26,1.4,30,1.6,7,0.4,8,0.4,8,0.4,0,0,2,0.1,3,0.2
202223,Academic year,Local authority,E92000001,England,E12000002,North West,354,E08000005,Rochdale,Provisional,Alternative provision,2,45,150,3.3,3,6.7,0,0,0,0,0,0,0,0,0,0,10.67,0.24,42,-154.349,-3.67,-4.1,-3.25,-177.885,-4.24,-4.73,-3.74,-113.08,-2.69,-3.14,-2.24,-155.655,-3.71,-4.2,-3.21,-164.857,-3.93,-4.42,-3.43,31,68.9,27,60,1,2.2,31,68.9,1,2.2,1,2.2,0,0,1,2.2,1,2.2,0,0,0,0,0,z,1,2.2,2,4.4,0,0,0,0,0,z,5,0.11,50,1.11,3,0.07,3,0.07,0,0,14,0.3,100,2.2,11,0.2,25,0.6,10,0.2,15,0.3,4,0.1,6,0.1
202223,Academic year,Local authority,E92000001,England,E12000002,North West,355,E08000006,Salford,Provisional,Alternative provision,3,53,335,6.3,37,69.8,0,0,1,1.9,0,0,0,0,0,0,18.17,0.34,48,-150.022,-3.13,-3.53,-2.73,-160.68,-3.35,-3.81,-2.88,-102.22,-2.13,-2.55,-1.71,-159.059,-3.31,-3.78,-2.85,-165.746,-3.45,-3.91,-2.99,42,79.2,37,69.8,6,11.3,40,75.5,2,3.8,3,5.7,0,0,1,1.9,0,0,0,0,0,0,0,z,1,1.9,3,5.7,2,100,0,0,0,z,16,0.3,73,1.38,8,0.15,4,0.08,0,0,82,1.5,146,2.8,38,0.7,69,1.3,69,1.3,0,0,17,0.3,23,0.4
202223,Academic year,Local authority,E92000001,England,E12000002,North West,356,E08000007,Stockport,Provisional,Alternative provision,3,47,179,3.8,26,55.3,0,0,2,4.3,0,0,0,0,0,0,8.19,0.17,43,-143.675,-3.34,-3.76,-2.92,-156.915,-3.65,-4.14,-3.16,-118.175,-2.75,-3.19,-2.3,-134.358,-3.12,-3.61,-2.64,-161.161,-3.75,-4.23,-3.26,31,66,27,57.4,1,2.1,27,57.4,2,4.3,1,2.1,0,0,0,0,0,0,0,0,0,0,0,z,0,0,3,6.4,0,0,0,0,0,z,2,0.04,36,0.77,5.5,0.12,0,0,0,0,43,0.9,72,1.5,49,1,15,0.3,11,0.2,4,0.1,27,0.6,4,0.1
202223,Academic year,Local authority,E92000001,England,E12000002,North West,357,E08000008,Tameside,Provisional,Alternative provision,2,62,135,2.2,7,11.3,1,1.6,1,1.6,0,0,0,0,0,0,11.01,0.18,56,-166.295,-2.97,-3.34,-2.6,-185.475,-3.31,-3.74,-2.88,-148.515,-2.65,-3.04,-2.26,-152.927,-2.73,-3.16,-2.3,-178.742,-3.19,-3.62,-2.77,8,12.9,8,12.9,7,11.3,7,11.3,4,6.5,3,4.8,0,0,1,1.6,2,3.2,1,25,0,0,0,z,2,3.2,2,3.2,2,50,0,0,0,z,16,0.26,18,0.29,14,0.23,4,0.06,0,0,34,0.5,36,0.6,34,0.5,31,0.5,27,0.4,4,0.1,10,0.2,10,0.2
202223,Academic year,Local authority,E92000001,England,E12000002,North West,358,E08000009,Trafford,Provisional,Alternative provision,2,19,275,14.5,13,68.4,4,21.1,5,26.3,0,0,0,0,0,0,17.51,0.92,18,-44.939,-2.5,-3.15,-1.84,-45.36,-2.52,-3.28,-1.76,-27.45,-1.53,-2.21,-0.84,-46.938,-2.61,-3.36,-1.85,-54.312,-3.02,-3.77,-2.27,14,73.7,14,73.7,3,15.8,13,68.4,4,21.1,0,0,0,0,2,10.5,6,31.6,3,75,0,z,0,z,2,10.5,6,31.6,4,100,0,z,0,z,18,0.95,42,2.21,22.5,1.18,0,0,0,0,66,3.5,84,4.4,66,3.5,59,3.1,59,3.1,0,0,21,1.1,12,0.6
202223,Academic year,Local authority,E92000001,England,E12000002,North West,359,E08000010,Wigan,Provisional,Alternative provision,2,64,198.5,3.1,12,18.8,0,0,0,0,0,0,0,0,0,0,11.99,0.19,57,-194.225,-3.41,-3.77,-3.04,-201.47,-3.53,-3.96,-3.11,-175.365,-3.08,-3.46,-2.69,-190.877,-3.35,-3.77,-2.92,-205.288,-3.6,-4.02,-3.18,23,35.9,21,32.8,5,7.8,16,25,2,3.1,4,6.3,0,0,3,4.7,0,0,0,0,1,25,0,z,3,4.7,1,1.6,0,0,1,25,0,z,21,0.33,30,0.47,6,0.09,9,0.14,0,0,72,1.1,60,0.9,24,0.4,42.5,0.7,40,0.6,2.5,0,8,0.1,16,0.3
202223,Academic year,Local authority,E92000001,England,E12000002,North West,340,E08000011,Knowsley,Provisional,Alternative provision,2,28,147,5.3,15,53.6,1,3.6,1,3.6,0,0,0,0,0,0,6.33,0.23,25,-82.052,-3.28,-3.84,-2.73,-88.355,-3.53,-4.18,-2.89,-60.455,-2.42,-3,-1.83,-87.605,-3.5,-4.14,-2.86,-86.706,-3.47,-4.1,-2.83,17,60.7,17,60.7,0,0,16,57.1,0,0,1,3.6,0,0,0,0,1,3.6,0,z,1,100,0,z,0,0,1,3.6,0,z,1,100,0,z,0,0,32,1.14,0,0,6,0.21,0,0,38,1.4,64,2.3,7,0.3,38,1.4,27,1,11,0.4,2,0.1,12,0.4
202223,Academic year,Local authority,E92000001,England,E12000002,North West,341,E08000012,Liverpool,Provisional,Alternative provision,5,74,436,5.9,33,44.6,2,2.7,3,4.1,0,0,0,0,0,0,34.53,0.47,69,-200.408,-2.9,-3.24,-2.57,-220.335,-3.19,-3.58,-2.81,-155.395,-2.25,-2.6,-1.9,-183.754,-2.66,-3.05,-2.28,-233.827,-3.39,-3.77,-3.01,38,51.4,37,50,8,10.8,36,48.6,19,25.7,2,2.7,1,1.4,2,2.7,3,4.1,1,5.3,0,0,1,100,3,4.1,5,6.8,3,15.8,0,0,1,100,28,0.38,76,1.03,46,0.62,2,0.03,9,0.12,104,1.4,152,2.1,125,1.7,55,0.7,45,0.6,10,0.1,53,0.7,25,0.3
202223,Academic year,Local authority,E92000001,England,E12000002,North West,342,E08000013,St. Helens,Provisional,Alternative provision,2,24,175,7.3,9,37.5,2,8.3,2,8.3,0,0,0,0,0,0,6.67,0.28,21,-61.649,-2.94,-3.54,-2.33,-71.68,-3.41,-4.11,-2.71,-35.395,-1.69,-2.32,-1.05,-65.863,-3.14,-3.83,-2.44,-68.257,-3.25,-3.94,-2.56,15,62.5,15,62.5,0,0,14,58.3,0,0,0,0,0,0,0,0,2,8.3,0,z,0,z,0,z,0,0,4,16.7,0,z,0,z,0,z,0,0,40,1.67,0,0,0,0,0,0,31,1.3,80,3.3,24,1,40,1.7,33,1.4,7,0.3,10,0.4,10,0.4
202223,Academic year,Local authority,E92000001,England,E12000002,North West,343,E08000014,Sefton,Provisional,Alternative provision,2,26,148.5,5.7,18,69.2,1,3.8,2,7.7,0,0,0,0,0,0,8.01,0.31,26,-82.466,-3.17,-3.71,-2.63,-78.265,-3.01,-3.64,-2.38,-55.87,-2.15,-2.72,-1.58,-87.206,-3.35,-3.98,-2.73,-98.26,-3.78,-4.4,-3.16,21,80.8,21,80.8,1,3.8,20,76.9,1,3.8,1,3.8,0,0,0,0,1,3.8,0,0,0,0,0,z,0,0,3,11.5,0,0,0,0,0,z,2,0.08,37,1.42,3.5,0.13,2,0.08,0,0,59,2.3,74,2.8,9,0.3,6.5,0.3,3,0.1,3.5,0.1,3,0.1,5,0.2
202223,Academic year,Local authority,E92000001,England,E12000002,North West,344,E08000015,Wirral,Provisional,Alternative provision,1,19,90.5,4.8,4,21.1,2,10.5,2,10.5,0,0,0,0,0,0,5.49,0.29,18,-60.471,-3.36,-4.01,-2.71,-64.895,-3.61,-4.36,-2.85,-47.52,-2.64,-3.33,-1.95,-59.723,-3.32,-4.07,-2.56,-66.906,-3.72,-4.47,-2.97,5,26.3,5,26.3,1,5.3,5,26.3,1,5.3,0,0,0,0,1,5.3,3,15.8,0,0,0,z,0,z,1,5.3,3,15.8,1,100,0,z,0,z,5,0.26,19,1,4.5,0.24,0,0,0,0,23,1.2,38,2,16,0.8,13.5,0.7,4,0.2,9.5,0.5,4,0.2,3,0.2
202223,Academic year,Local authority,E92000001,England,E12000003,Yorkshire and The Humber,370,E08000016,Barnsley,Provisional,Alternative provision,2,19,84,4.4,11,57.9,0,0,1,5.3,0,0,0,0,0,0,3.02,0.16,17,-59.696,-3.51,-4.18,-2.84,-62.48,-3.68,-4.45,-2.9,-47.585,-2.8,-3.51,-2.09,-64.052,-3.77,-4.54,-2.99,-61.557,-3.62,-4.39,-2.85,11,57.9,10,52.6,0,0,11,57.9,0,0,0,0,0,0,0,0,0,0,0,z,0,z,0,z,0,0,2,10.5,0,z,0,z,0,z,0,0,18,0.95,0,0,0,0,0,0,24,1.3,36,1.9,0,0,24,1.3,24,1.3,0,0,0,0,12,0.6
202223,Academic year,Local authority,E92000001,England,E12000003,Yorkshire and The Humber,371,E08000017,Doncaster,Provisional,Alternative provision,3,27,73.75,2.7,5,18.5,0,0,0,0,0,0,0,0,0,0,6.66,0.25,21,-49.646,-2.36,-2.97,-1.76,-58.55,-2.79,-3.49,-2.09,-38.63,-1.84,-2.48,-1.2,-42.525,-2.03,-2.72,-1.33,-58.19,-2.77,-3.46,-2.08,6,22.2,5,18.5,0,0,5,18.5,5,18.5,0,0,0,0,0,0,0,0,0,0,0,z,0,z,0,0,0,0,2,40,0,z,0,z,0,0,13,0.48,13.5,0.5,0,0,0,0,14,0.5,26,1,27,1,6.75,0.3,0,0,6.75,0.3,8,0.3,2,0.1
202223,Academic year,Local authority,E92000001,England,E12000003,Yorkshire and The Humber,372,E08000018,Rotherham,Provisional,Alternative provision,2,50,233,4.7,36,72,0,0,0,0,0,0,0,0,0,0,13.49,0.27,43,-114.759,-2.67,-3.09,-2.25,-116.89,-2.72,-3.21,-2.23,-75.925,-1.77,-2.21,-1.32,-117.29,-2.73,-3.22,-2.24,-136.724,-3.18,-3.66,-2.7,38,76,36,72,2,4,37,74,3,6,1,2,0,0,0,0,0,0,0,0,0,0,0,z,2,4,2,4,0,0,0,0,0,z,8,0.16,57,1.14,7,0.14,2,0.04,0,0,83,1.7,114,2.3,18,0.4,18,0.4,10,0.2,8,0.2,8,0.2,5,0.1
202223,Academic year,Local authority,E92000001,England,E12000003,Yorkshire and The Humber,373,E08000019,Sheffield,Provisional,Alternative provision,2,68,371.25,5.5,46,67.6,1,1.5,1,1.5,1,1.5,0,0,0,0,20.68,0.3,62,-157.458,-2.54,-2.89,-2.19,-168.015,-2.71,-3.12,-2.3,-111.66,-1.8,-2.17,-1.43,-152.028,-2.45,-2.86,-2.05,-186.41,-3.01,-3.41,-2.6,55,80.9,50,73.5,7,10.3,52,76.5,4,5.9,5,7.4,1,1.5,1,1.5,1,1.5,1,25,0,0,0,0,2,2.9,3,4.4,1,25,1,20,0,0,20,0.29,71,1.04,12,0.18,6,0.09,3,0.04,109,1.6,142,2.1,76,1.1,44.25,0.7,37,0.5,7.25,0.1,36,0.5,17,0.3
202223,Academic year,Local authority,E92000001,England,E12000001,North East,391,E08000021,Newcastle upon Tyne,Provisional,Alternative provision,3,31,269.5,8.7,12,38.7,4,12.9,6,19.4,0,0,0,0,0,0,17,0.55,30,-101.427,-3.38,-3.89,-2.88,-102.91,-3.43,-4.02,-2.85,-75.655,-2.52,-3.05,-1.99,-101.381,-3.38,-3.96,-2.79,-117.667,-3.92,-4.5,-3.34,16,51.6,16,51.6,3,9.7,14,45.2,2,6.5,2,6.5,0,0,3,9.7,5,16.1,2,100,1,50,0,z,3,9.7,8,25.8,2,100,1,50,0,z,21,0.68,49,1.58,12,0.39,8,0.26,0,0,72,2.3,98,3.2,62,2,37.5,1.2,32,1,5.5,0.2,13,0.4,6,0.2
202223,Academic year,Local authority,E92000001,England,E12000001,North East,392,E08000022,North Tyneside,Provisional,Alternative provision,2,108,818,7.6,65,60.2,3,2.8,5,4.6,0,0,0,0,0,0,33.78,0.31,103,-324.142,-3.15,-3.42,-2.87,-331.09,-3.21,-3.53,-2.9,-229.105,-2.22,-2.51,-1.94,-370.922,-3.6,-3.92,-3.29,-336.095,-3.26,-3.58,-2.95,88,81.5,84,77.8,3,2.8,77,71.3,2,1.9,0,0,0,0,3,2.8,4,3.7,2,100,0,z,0,z,3,2.8,10,9.3,2,100,0,z,0,z,18,0.17,163,1.51,11,0.1,0,0,0,0,232,2.1,326,3,22,0.2,238,2.2,204,1.9,34,0.3,4,0,63,0.6
202223,Academic year,Local authority,E92000001,England,E12000001,North East,393,E08000023,South Tyneside,Provisional,Alternative provision,1,26,220,8.5,17,65.4,1,3.8,2,7.7,0,0,0,0,0,0,19.67,0.76,26,-84.435,-3.25,-3.79,-2.7,-95.02,-3.65,-4.28,-3.03,-63.785,-2.45,-3.03,-1.88,-74.911,-2.88,-3.51,-2.25,-100.672,-3.87,-4.5,-3.25,19,73.1,16,61.5,1,3.8,19,73.1,16,61.5,3,11.5,0,0,0,0,2,7.7,1,6.3,0,0,0,z,1,3.8,4,15.4,2,12.5,0,0,0,z,4,0.15,39,1.5,34.5,1.33,6,0.23,0,0,43,1.7,78,3,75,2.9,24,0.9,24,0.9,0,0,29,1.1,12,0.5
202223,Academic year,Local authority,E92000001,England,E12000001,North East,394,E08000024,Sunderland,Provisional,Alternative provision,1,4,7,1.8,1,25,0,0,0,0,0,0,0,0,0,0,0.17,0.04,2,-4.685,-2.34,-4.3,-0.38,-5.665,-2.83,-5.1,-0.57,-3.25,-1.63,-3.69,0.44,-4.357,-2.18,-4.44,0.09,-5.323,-2.66,-4.91,-0.41,2,50,2,50,0,0,1,25,0,0,0,0,0,0,0,0,0,0,0,z,0,z,0,z,0,0,0,0,0,z,0,z,0,z,0,0,1,0.25,0,0,0,0,0,0,5,1.3,2,0.5,0,0,0,0,0,0,0,0,0,0,0,0
202223,Academic year,Local authority,E92000001,England,E12000005,West Midlands,330,E08000025,Birmingham,Provisional,Alternative provision,6,163,1010.75,6.2,92,56.4,0,0,5,3.1,0,0,0,0,0,0,73.33,0.45,141,-375.057,-2.66,-2.89,-2.43,-388.195,-2.75,-3.02,-2.48,-277.075,-1.97,-2.21,-1.72,-370.951,-2.63,-2.9,-2.36,-435.8,-3.09,-3.36,-2.82,99,60.7,93,57.1,47,28.8,97,59.5,56,34.4,5,3.1,0,0,2,1.2,3,1.8,1,1.8,0,0,0,z,9,5.5,7,4.3,2,3.6,0,0,0,z,105,0.64,169,1.04,78,0.48,10,0.06,0,0,296,1.8,338,2.1,194.5,1.2,182.25,1.1,177.5,1.1,4.75,0,103,0.6,87,0.5
202223,Academic year,Local authority,E92000001,England,E12000005,West Midlands,331,E08000026,Coventry,Provisional,Alternative provision,3,39,242.25,6.2,16,41,0,0,1,2.6,0,0,0,0,0,0,18.15,0.47,32,-83.699,-2.62,-3.11,-2.13,-92.11,-2.88,-3.45,-2.31,-58.91,-1.84,-2.36,-1.33,-79.347,-2.48,-3.05,-1.91,-98.964,-3.09,-3.65,-2.53,20,51.3,18,46.2,2,5.1,18,46.2,12,30.8,3,7.7,1,2.6,1,2.6,1,2.6,0,0,0,0,1,100,2,5.1,3,7.7,2,16.7,0,0,1,100,9,0.23,41,1.05,22.5,0.58,5,0.13,9,0.23,55,1.4,82,2.1,65,1.7,40.25,1,39,1,1.25,0,26,0.7,13,0.3
202223,Academic year,Local authority,E92000001,England,E12000005,West Midlands,332,E08000027,Dudley,Provisional,Alternative provision,1,21,14,0.7,2,9.5,0,0,0,0,0,0,0,0,0,0,0.66,0.03,18,-46.358,-2.58,-3.23,-1.92,-52.63,-2.92,-3.68,-2.17,-38.265,-2.13,-2.81,-1.44,-42.197,-2.34,-3.1,-1.59,-51.737,-2.87,-3.62,-2.13,2,9.5,2,9.5,0,0,2,9.5,0,0,0,0,0,0,0,0,0,0,0,z,0,z,0,z,0,0,0,0,0,z,0,z,0,z,0,0,4,0.19,0,0,0,0,0,0,6,0.3,8,0.4,0,0,0,0,0,0,0,0,0,0,0,0
202223,Academic year,Local authority,E92000001,England,E12000005,West Midlands,333,E08000028,Sandwell,Provisional,Alternative provision,3,65,362.5,5.6,12,18.5,2,3.1,3,4.6,0,0,0,0,0,0,25.01,0.38,59,-159.302,-2.7,-3.06,-2.34,-176.54,-2.99,-3.41,-2.57,-146.91,-2.49,-2.87,-2.11,-148.902,-2.52,-2.94,-2.11,-166.481,-2.82,-3.24,-2.41,35,53.8,31,47.7,5,7.7,13,20,12,18.5,5,7.7,0,0,3,4.6,2,3.1,2,16.7,2,40,0,z,3,4.6,4,6.2,3,25,3,60,0,z,24,0.37,36,0.55,35.5,0.55,19,0.29,0,0,84,1.3,72,1.1,91,1.4,115.5,1.8,61,0.9,54.5,0.8,28,0.4,40,0.6
202223,Academic year,Local authority,E92000001,England,E12000005,West Midlands,334,E08000029,Solihull,Provisional,Alternative provision,3,43,209.5,4.9,6,14,0,0,0,0,0,0,0,0,0,0,10.01,0.23,42,-134.301,-3.2,-3.62,-2.77,-155.62,-3.71,-4.2,-3.21,-105.09,-2.5,-2.95,-2.05,-128.18,-3.05,-3.55,-2.56,-145.679,-3.47,-3.96,-2.98,34,79.1,33,76.7,1,2.3,26,60.5,1,2.3,10,23.3,0,0,0,0,0,0,0,0,0,0,0,z,0,0,0,0,0,0,0,0,0,z,3,0.07,44,1.02,2,0.05,9,0.21,0,0,33,0.8,88,2,48,1.1,40.5,0.9,25,0.6,15.5,0.4,26,0.6,14,0.3
202223,Academic year,Local authority,E92000001,England,E12000005,West Midlands,335,E08000030,Walsall,Provisional,Alternative provision,4,70,441,6.3,26,37.1,1,1.4,3,4.3,0,0,0,0,0,0,29.51,0.42,62,-167.79,-2.71,-3.06,-2.35,-174.81,-2.82,-3.23,-2.41,-136.6,-2.2,-2.57,-1.83,-164.737,-2.66,-3.06,-2.25,-186.989,-3.02,-3.42,-2.61,28,40,28,40,9,12.9,26,37.1,13,18.6,1,1.4,0,0,3,4.3,1,1.4,3,23.1,0,0,0,z,5,7.1,6,8.6,4,30.8,0,0,0,z,38,0.54,62,0.89,37.5,0.54,2,0.03,0,0,124,1.8,124,1.8,93,1.3,100,1.4,74,1.1,26,0.4,30,0.4,28,0.4
202223,Academic year,Local authority,E92000001,England,E12000005,West Midlands,336,E08000031,Wolverhampton,Provisional,Alternative provision,3,66,339,5.1,30,45.5,1,1.5,2,3,0,0,0,0,0,0,22.86,0.35,58,-170.548,-2.94,-3.3,-2.58,-174.79,-3.01,-3.43,-2.59,-137.445,-2.37,-2.75,-1.99,-162.643,-2.8,-3.22,-2.38,-197.681,-3.41,-3.83,-2.99,41,62.1,35,53,5,7.6,38,57.6,8,12.1,0,0,0,0,3,4.5,1,1.5,1,12.5,0,z,0,z,4,6.1,2,3,2,25,0,z,0,z,24,0.36,56,0.85,28.5,0.43,0,0,0,0,106,1.6,112,1.7,76,1.2,45,0.7,41,0.6,4,0.1,25,0.4,15,0.2
202223,Academic year,Local authority,E92000001,England,E12000003,Yorkshire and The Humber,380,E08000032,Bradford,Provisional,Alternative provision,2,35,97,2.8,13,37.1,1,2.9,1,2.9,0,0,0,0,0,0,4.17,0.12,26,-87.382,-3.36,-3.9,-2.82,-89.875,-3.46,-4.09,-2.83,-69.395,-2.67,-3.24,-2.1,-86.23,-3.32,-3.94,-2.69,-98.859,-3.8,-4.43,-3.18,16,45.7,15,42.9,0,0,15,42.9,0,0,0,0,0,0,0,0,1,2.9,0,z,0,z,0,z,0,0,1,2.9,0,z,0,z,0,z,0,0,25,0.71,0,0,0,0,0,0,33,0.9,50,1.4,12,0.3,2,0.1,2,0.1,0,0,4,0.1,1,0
202223,Academic year,Local authority,E92000001,England,E12000003,Yorkshire and The Humber,381,E08000033,Calderdale,Provisional,Alternative provision,2,29,151,5.2,18,62.1,0,0,1,3.4,0,0,0,0,0,0,12.52,0.43,23,-62.045,-2.7,-3.28,-2.12,-64.74,-2.81,-3.48,-2.15,-47.135,-2.05,-2.66,-1.44,-58.592,-2.55,-3.22,-1.88,-73.637,-3.2,-3.86,-2.54,22,75.9,19,65.5,9,31,18,62.1,12,41.4,0,0,0,0,0,0,0,0,0,0,0,z,0,z,1,3.4,1,3.4,0,0,0,z,0,z,18,0.62,26,0.9,15.5,0.53,0,0,0,0,50,1.7,52,1.8,33,1.1,16,0.6,16,0.6,0,0,17,0.6,8,0.3
202223,Academic year,Local authority,E92000001,England,E12000003,Yorkshire and The Humber,382,E08000034,Kirklees,Provisional,Alternative provision,2,22,86,3.9,3,13.6,0,0,0,0,0,0,0,0,0,0,7.16,0.33,18,-45.873,-2.55,-3.2,-1.9,-54.465,-3.03,-3.78,-2.27,-35.575,-1.98,-2.66,-1.29,-41.644,-2.31,-3.07,-1.56,-51.254,-2.85,-3.6,-2.1,8,36.4,8,36.4,2,9.1,6,27.3,2,9.1,1,4.5,0,0,0,0,1,4.5,1,50,1,100,0,z,0,0,2,9.1,2,100,1,100,0,z,6,0.27,14,0.64,9,0.41,5,0.23,0,0,15,0.7,28,1.3,24,1.1,19,0.9,15,0.7,4,0.2,6,0.3,7,0.3
202223,Academic year,Local authority,E92000001,England,E12000003,Yorkshire and The Humber,383,E08000035,Leeds,Provisional,Alternative provision,2,15,23,1.5,3,20,0,0,0,0,0,0,0,0,0,0,0.83,0.06,12,-43.645,-3.64,-4.44,-2.84,-46.965,-3.91,-4.84,-2.99,-39,-3.25,-4.09,-2.41,-42.22,-3.52,-4.44,-2.59,-45.954,-3.83,-4.75,-2.91,6,40,6,40,0,0,4,26.7,0,0,0,0,0,0,0,0,0,0,0,z,0,z,0,z,0,0,0,0,0,z,0,z,0,z,0,0,5,0.33,0,0,0,0,0,0,7,0.5,10,0.7,2,0.1,4,0.3,4,0.3,0,0,2,0.1,2,0.1
202223,Academic year,Local authority,E92000001,England,E12000003,Yorkshire and The Humber,384,E08000036,Wakefield,Provisional,Alternative provision,3,47,228,4.9,13,27.7,0,0,1,2.1,0,0,0,0,0,0,11.34,0.24,44,-122.264,-2.78,-3.2,-2.36,-136.9,-3.11,-3.59,-2.63,-100.665,-2.29,-2.73,-1.85,-119.64,-2.72,-3.2,-2.24,-129.541,-2.94,-3.42,-2.47,22,46.8,18,38.3,4,8.5,14,29.8,2,4.3,0,0,0,0,1,2.1,3,6.4,0,0,0,z,0,z,2,4.3,4,8.5,2,100,0,z,0,z,17,0.36,34,0.72,8.5,0.18,0,0,0,0,51,1.1,68,1.4,42,0.9,67,1.4,67,1.4,0,0,14,0.3,17,0.4
202223,Academic year,Local authority,E92000001,England,E12000001,North East,390,E08000037,Gateshead,Provisional,Alternative provision,2,53,321.25,6.1,36,67.9,0,0,0,0,0,0,0,0,0,0,25.02,0.47,49,-144.531,-2.95,-3.35,-2.55,-148.545,-3.03,-3.49,-2.57,-117.29,-2.39,-2.81,-1.98,-140.233,-2.86,-3.32,-2.4,-164.326,-3.35,-3.81,-2.9,38,71.7,35,66,16,30.2,38,71.7,25,47.2,0,0,0,0,0,0,0,0,0,0,0,z,0,z,0,0,2,3.8,1,4,0,z,0,z,31,0.58,50,0.94,34.5,0.65,0,0,0,0,96,1.8,100,1.9,69,1.3,56.25,1.1,33,0.6,23.25,0.4,38,0.7,28,0.5
202223,Academic year,Local authority,E92000001,England,E13000002,Outer London,301,E09000002,Barking and Dagenham,Provisional,Alternative provision,2,68,1311.5,19.3,53,77.9,6,8.8,14,20.6,3,4.4,0,0,1,1.5,106.31,1.56,45,-102.772,-2.28,-2.7,-1.87,-87.915,-1.95,-2.43,-1.48,-65,-1.44,-1.88,-1.01,-109.377,-2.43,-2.91,-1.95,-131.274,-2.92,-3.39,-2.44,55,80.9,54,79.4,45,66.2,54,79.4,26,38.2,36,52.9,6,8.8,11,16.2,8,11.8,5,19.2,4,11.1,4,66.7,18,26.5,21,30.9,12,46.2,7,19.4,6,100,154,2.26,167,2.46,94.5,1.39,88,1.29,40,0.59,330,4.9,334,4.9,354,5.2,293.5,4.3,288,4.2,5.5,0.1,106,1.6,87,1.3
202223,Academic year,Local authority,E92000001,England,E13000002,Outer London,302,E09000003,Barnet,Provisional,Alternative provision,3,24,325,13.5,17,70.8,3,12.5,4,16.7,0,0,0,0,0,0,16.33,0.68,21,-61.332,-2.92,-3.52,-2.32,-55.13,-2.63,-3.32,-1.93,-43,-2.05,-2.68,-1.41,-67.038,-3.19,-3.89,-2.49,-71.959,-3.43,-4.12,-2.73,19,79.2,19,79.2,11,45.8,19,79.2,1,4.2,2,8.3,1,4.2,5,20.8,3,12.5,0,0,0,0,0,0,7,29.2,5,20.8,0,0,1,50,0,0,44,1.83,48,2,1,0.04,4,0.17,0,0,96,4,96,4,62,2.6,71,3,64,2.7,7,0.3,19,0.8,21,0.9
202223,Academic year,Local authority,E92000001,England,E13000002,Outer London,303,E09000004,Bexley,Provisional,Alternative provision,2,9,59,6.6,6,66.7,0,0,0,0,0,0,0,0,0,0,2,0.22,6,-16.882,-2.81,-3.94,-1.68,-17.4,-2.9,-4.21,-1.59,-9.515,-1.59,-2.78,-0.39,-17.434,-2.91,-4.21,-1.6,-20.903,-3.48,-4.78,-2.19,6,66.7,6,66.7,0,0,6,66.7,0,0,0,0,0,0,0,0,0,0,0,z,0,z,0,z,0,0,0,0,0,z,0,z,0,z,0,0,12,1.33,0,0,0,0,0,0,17,1.9,24,2.7,11,1.2,7,0.8,7,0.8,0,0,5,0.6,3,0.3
202223,Academic year,Local authority,E92000001,England,E13000002,Outer London,304,E09000005,Brent,Provisional,Alternative provision,3,66,311.75,4.7,18,27.3,1,1.5,2,3,0,0,0,0,0,0,15.49,0.23,29,-75.85,-2.62,-3.13,-2.1,-93.06,-3.21,-3.8,-2.61,-59.7,-2.06,-2.6,-1.52,-79.673,-2.75,-3.34,-2.15,-71.332,-2.46,-3.05,-1.87,21,31.8,20,30.3,4,6.1,19,28.8,2,3,14,21.2,0,0,0,0,2,3,1,50,0,0,0,z,1,1.5,5,7.6,2,100,0,0,0,z,12,0.18,45,0.68,9,0.14,18,0.27,0,0,51,0.8,90,1.4,58,0.9,112.75,1.7,43,0.7,69.75,1.1,24,0.4,30,0.5
202223,Academic year,Local authority,E92000001,England,E13000002,Outer London,305,E09000006,Bromley,Provisional,Alternative provision,2,36,238.25,6.6,17,47.2,1,2.8,2,5.6,0,0,0,0,0,0,11.67,0.32,31,-98.254,-3.17,-3.67,-2.67,-111.48,-3.6,-4.17,-3.02,-75.435,-2.43,-2.96,-1.91,-101.317,-3.27,-3.84,-2.69,-101.588,-3.28,-3.85,-2.71,21,58.3,21,58.3,1,2.8,19,52.8,1,2.8,1,2.8,1,2.8,1,2.8,1,2.8,0,0,1,100,1,100,1,2.8,4,11.1,1,100,1,100,1,100,6,0.17,42,1.17,4.5,0.13,5,0.14,8,0.22,44,1.2,84,2.3,41,1.1,69.25,1.9,63,1.8,6.25,0.2,11,0.3,20,0.6
202223,Academic year,Local authority,E92000001,England,E13000001,Inner London,202,E09000007,Camden,Provisional,Alternative provision,3,20,48,2.4,5,25,0,0,0,0,0,0,0,0,0,0,1.83,0.09,18,-63.256,-3.51,-4.17,-2.86,-61.405,-3.41,-4.17,-2.66,-57.705,-3.21,-3.89,-2.52,-62.184,-3.45,-4.21,-2.7,-69.27,-3.85,-4.6,-3.1,9,45,9,45,1,5,5,25,1,5,0,0,0,0,0,0,0,0,0,0,0,z,0,z,0,0,0,0,0,0,0,z,0,z,2,0.1,7,0.35,1,0.05,0,0,0,0,26,1.3,14,0.7,6,0.3,2,0.1,2,0.1,0,0,3,0.2,1,0.1
202223,Academic year,Local authority,E92000001,England,E13000002,Outer London,306,E09000008,Croydon,Provisional,Alternative provision,2,169,558,3.3,45,26.6,3,1.8,7,4.1,0,0,0,0,0,0,25.68,0.15,64,-215.507,-3.37,-3.71,-3.02,-228.49,-3.57,-3.97,-3.17,-169.34,-2.65,-3.01,-2.28,-225.087,-3.52,-3.92,-3.12,-228.06,-3.56,-3.96,-3.17,57,33.7,53,31.4,2,1.2,53,31.4,1,0.6,0,0,1,0.6,1,0.6,6,3.6,1,100,0,z,1,100,1,0.6,12,7.1,1,100,0,z,1,100,8,0.05,127,0.75,5,0.03,0,0,9,0.05,136,0.8,254,1.5,65,0.4,103,0.6,96,0.6,7,0,20,0.1,37,0.2
202223,Academic year,Local authority,E92000001,England,E13000002,Outer London,307,E09000009,Ealing,Provisional,Alternative provision,2,102,1331,13,50,49,13,12.7,24,23.5,0,0,0,0,0,0,100.34,0.98,47,-118.777,-2.53,-2.93,-2.12,-148.795,-3.17,-3.63,-2.7,-75,-1.6,-2.02,-1.17,-105.571,-2.25,-2.71,-1.78,-141.144,-3,-3.47,-2.54,53,52,50,49,1,1,52,51,44,43.1,2,2,1,1,1,1,23,22.5,18,40.9,0,0,0,0,1,1,29,28.4,26,59.1,2,100,0,0,7,0.07,214,2.1,186.5,1.83,8,0.08,0,0,200,2,428,4.2,388,3.8,315,3.1,315,3.1,0,0,81,0.8,67,0.7
202223,Academic year,Local authority,E92000001,England,E13000002,Outer London,308,E09000010,Enfield,Provisional,Alternative provision,2,42,108.5,2.6,6,14.3,0,0,1,2.4,0,0,0,0,0,0,5.68,0.14,36,-105.651,-2.93,-3.4,-2.47,-115.255,-3.2,-3.74,-2.67,-93.825,-2.61,-3.09,-2.12,-100.699,-2.8,-3.33,-2.26,-112.108,-3.11,-3.64,-2.58,15,35.7,15,35.7,2,4.8,7,16.7,4,9.5,2,4.8,0,0,0,0,1,2.4,0,0,0,0,0,z,0,0,1,2.4,1,25,0,0,0,z,5,0.12,14,0.33,7.5,0.18,0,0,0,0,31,0.7,28,0.7,19,0.5,30.5,0.7,29,0.7,1.5,0,5,0.1,10,0.2
202223,Academic year,Local authority,E92000001,England,E13000002,Outer London,203,E09000011,Greenwich,Provisional,Alternative provision,2,85,330,3.9,32,37.6,1,1.2,1,1.2,0,0,0,0,0,0,16.81,0.2,69,-212.653,-3.08,-3.42,-2.75,-232.115,-3.36,-3.75,-2.98,-157.935,-2.29,-2.64,-1.94,-216.555,-3.14,-3.52,-2.75,-232.282,-3.37,-3.75,-2.98,41,48.2,39,45.9,3,3.5,38,44.7,0,0,0,0,3,3.5,0,0,2,2.4,0,z,0,z,3,100,1,1.2,3,3.5,0,z,0,z,3,100,9,0.11,75,0.88,0,0,0,0,17,0.2,92,1.1,150,1.8,25,0.3,63,0.7,63,0.7,0,0,6,0.1,17,0.2
202223,Academic year,Local authority,E92000001,England,E13000001,Inner London,204,E09000012,Hackney,Provisional,Alternative provision,3,57,353.75,6.2,21,36.8,0,0,2,3.5,3,5.3,0,0,0,0,21.68,0.38,27,-76.401,-2.83,-3.36,-2.3,-87.725,-3.25,-3.87,-2.63,-53.63,-1.99,-2.55,-1.42,-76.274,-2.82,-3.44,-2.21,-84.16,-3.12,-3.73,-2.51,24,42.1,24,42.1,4,7,23,40.4,6,10.5,4,7,5,8.8,1,1.8,1,1.8,0,0,1,25,1,20,1,1.8,4,7,0,0,1,25,3,60,14,0.25,54,0.95,16,0.28,13,0.23,17,0.3,72,1.3,108,1.9,81,1.4,92.75,1.6,75,1.3,17.75,0.3,30,0.5,35,0.6
202223,Academic year,Local authority,E92000001,England,E13000001,Inner London,205,E09000013,Hammersmith and Fulham,Provisional,Alternative provision,3,34,406,11.9,24,70.6,1,2.9,4,11.8,0,0,0,0,0,0,28.01,0.82,34,-103.045,-3.03,-3.51,-2.56,-98.4,-2.89,-3.44,-2.34,-84.2,-2.48,-2.98,-1.98,-111.652,-3.28,-3.83,-2.73,-110.092,-3.24,-3.78,-2.69,27,79.4,26,76.5,18,52.9,26,76.5,17,50,0,0,0,0,3,8.8,1,2.9,1,5.9,0,z,0,z,5,14.7,4,11.8,2,11.8,0,z,0,z,50,1.47,55,1.62,31.5,0.93,0,0,0,0,116,3.4,110,3.2,72,2.1,108,3.2,93,2.7,15,0.4,31,0.9,40,1.2
202223,Academic year,Local authority,E92000001,England,E13000001,Inner London,309,E09000014,Haringey,Provisional,Alternative provision,2,30,307,10.2,18,60,3,10,6,20,1,3.3,0,0,0,0,24.33,0.81,23,-65.339,-2.84,-3.42,-2.26,-63.245,-2.75,-3.42,-2.08,-45.29,-1.97,-2.58,-1.36,-68.867,-2.99,-3.66,-2.33,-76.57,-3.33,-3.99,-2.67,22,73.3,20,66.7,5,16.7,19,63.3,8,26.7,3,10,3,10,2,6.7,4,13.3,1,12.5,1,33.3,2,66.7,3,10,6,20,2,25,1,33.3,2,66.7,22,0.73,48,1.6,25,0.83,12,0.4,14,0.47,81,2.7,96,3.2,68,2.3,62,2.1,62,2.1,0,0,20,0.7,17,0.6
202223,Academic year,Local authority,E92000001,England,E13000002,Outer London,310,E09000015,Harrow,Provisional,Alternative provision,3,22,183,8.3,13,59.1,1,4.5,3,13.6,0,0,0,0,0,0,9.84,0.45,17,-42.812,-2.52,-3.19,-1.85,-46.69,-2.75,-3.52,-1.97,-32.795,-1.93,-2.64,-1.22,-39.093,-2.3,-3.08,-1.52,-50.619,-2.98,-3.75,-2.21,14,63.6,12,54.5,2,9.1,14,63.6,2,9.1,3,13.6,0,0,1,4.5,1,4.5,0,0,2,66.7,0,z,2,9.1,3,13.6,0,0,3,100,0,z,9,0.41,25,1.14,3.5,0.16,18,0.82,0,0,42,1.9,50,2.3,53,2.4,38,1.7,38,1.7,0,0,17,0.8,13,0.6
202223,Academic year,Local authority,E92000001,England,E13000002,Outer London,311,E09000016,Havering,Provisional,Alternative provision,2,27,199,7.4,13,48.1,1,3.7,2,7.4,0,0,0,0,0,0,12.5,0.46,19,-57.868,-3.05,-3.68,-2.41,-58.13,-3.06,-3.79,-2.32,-44.59,-2.35,-3.02,-1.68,-59.828,-3.15,-3.88,-2.41,-64.587,-3.4,-4.13,-2.67,14,51.9,14,51.9,4,14.8,13,48.1,1,3.7,4,14.8,0,0,2,7.4,1,3.7,0,0,2,50,0,z,2,7.4,3,11.1,1,100,2,50,0,z,16,0.59,35,1.3,5,0.19,14,0.52,0,0,54,2,70,2.6,35,1.3,40,1.5,40,1.5,0,0,12,0.4,11,0.4
202223,Academic year,Local authority,E92000001,England,E13000002,Outer London,312,E09000017,Hillingdon,Provisional,Alternative provision,2,38,224,5.9,16,42.1,0,0,2,5.3,0,0,0,0,0,0,14.34,0.38,35,-126.234,-3.61,-4.07,-3.14,-123.895,-3.54,-4.08,-3,-107.085,-3.06,-3.55,-2.57,-125.491,-3.59,-4.13,-3.04,-141.304,-4.04,-4.57,-3.5,19,50,18,47.4,9,23.7,17,44.7,3,7.9,4,10.5,1,2.6,1,2.6,0,0,0,0,0,0,0,0,3,7.9,4,10.5,1,33.3,0,0,1,100,28,0.74,37,0.97,8.5,0.22,0,0,4,0.11,74,1.9,74,1.9,47,1.2,29,0.8,29,0.8,0,0,18,0.5,14,0.4
202223,Academic year,Local authority,E92000001,England,E13000002,Outer London,313,E09000018,Hounslow,Provisional,Alternative provision,2,50,151,3,1,2,0,0,0,0,0,0,0,0,0,0,13.17,0.26,43,-132.867,-3.09,-3.51,-2.67,-155.27,-3.61,-4.1,-3.12,-135.185,-3.14,-3.59,-2.7,-106.625,-2.48,-2.97,-1.99,-142.663,-3.32,-3.8,-2.83,17,34,15,30,0,0,1,2,4,8,4,8,1,2,0,0,0,0,3,75,1,25,1,100,0,0,0,0,4,100,3,75,1,100,0,0,3,0.06,24,0.48,19,0.38,9,0.18,17,0.3,6,0.1,94,1.9,34,0.7,34,0.7,0,0,22,0.4,6,0.1
202223,Academic year,Local authority,E92000001,England,E13000001,Inner London,206,E09000019,Islington,Provisional,Alternative provision,3,34,439,12.9,25,73.5,2,5.9,5,14.7,2,5.9,1,2.9,1,2.9,30.69,0.9,31,-83.123,-2.68,-3.18,-2.18,-80.695,-2.6,-3.18,-2.03,-54.13,-1.75,-2.27,-1.22,-92.22,-2.97,-3.55,-2.4,-94.972,-3.06,-3.63,-2.49,27,79.4,24,70.6,9,26.5,27,79.4,3,8.8,3,8.8,3,8.8,3,8.8,5,14.7,2,66.7,2,66.7,2,66.7,6,17.6,9,26.5,3,100,3,100,2,66.7,41,1.21,69,2.03,20,0.59,19,0.56,15,0.44,117,3.4,138,4.1,81,2.4,103,3,103,3,0,0,15,0.4,21,0.6
202223,Academic year,Local authority,E92000001,England,E13000001,Inner London,207,E09000020,Kensington and Chelsea,Provisional,Alternative provision,2,23,238,10.3,16,69.6,0,0,0,0,0,0,0,0,0,0,20.83,0.91,20,-53.817,-2.69,-3.31,-2.07,-53.91,-2.7,-3.41,-1.98,-43.97,-2.2,-2.85,-1.55,-50.852,-2.54,-3.26,-1.83,-63.287,-3.16,-3.87,-2.45,16,69.6,16,69.6,14,60.9,16,69.6,16,69.6,5,21.7,0,0,1,4.3,0,0,0,0,0,0,0,z,1,4.3,0,0,0,0,0,0,0,z,32,1.39,28,1.22,30,1.3,5,0.22,0,0,68,3,56,2.4,65,2.8,49,2.1,45,2,4,0.2,33,1.4,19,0.8
202223,Academic year,Local authority,E92000001,England,E13000002,Outer London,314,E09000021,Kingston upon Thames,Provisional,Alternative provision,2,33,150.5,4.6,3,9.1,0,0,1,3,0,0,0,0,0,0,7.68,0.23,28,-94.42,-3.37,-3.9,-2.85,-115.63,-4.13,-4.74,-3.52,-72.545,-2.59,-3.14,-2.04,-89.531,-3.2,-3.8,-2.59,-99.753,-3.56,-4.16,-2.96,21,63.6,18,54.5,0,0,19,57.6,1,3,3,9.1,1,3,0,0,1,3,0,0,0,0,0,0,0,0,3,9.1,0,0,1,33.3,0,0,0,0,33,1,2.5,0.08,5,0.15,3,0.09,8,0.2,66,2,40,1.2,36.5,1.1,23,0.7,13.5,0.4,17,0.5,15,0.5
202223,Academic year,Local authority,E92000001,England,E13000001,Inner London,208,E09000022,Lambeth,Provisional,Alternative provision,2,34,104,3.1,13,38.2,0,0,1,2.9,0,0,0,0,0,0,7.17,0.21,27,-81.296,-3.01,-3.54,-2.48,-88.55,-3.28,-3.9,-2.66,-59.04,-2.19,-2.75,-1.63,-79.007,-2.93,-3.54,-2.31,-93.577,-3.47,-4.08,-2.85,14,41.2,13,38.2,0,0,13,38.2,1,2.9,0,0,1,2.9,0,0,0,0,0,0,0,z,1,100,0,0,1,2.9,1,100,0,z,1,100,0,0,27,0.79,4.5,0.13,0,0,7,0.21,25,0.7,54,1.6,16,0.5,9,0.3,9,0.3,0,0,3,0.1,1,0
202223,Academic year,Local authority,E92000001,England,E13000001,Inner London,209,E09000023,Lewisham,Provisional,Alternative provision,2,86,866.75,10.1,43,50,6,7,14,16.3,0,0,0,0,0,0,35.86,0.42,65,-142.694,-2.2,-2.54,-1.85,-170.68,-2.63,-3.02,-2.23,-59.445,-0.91,-1.28,-0.55,-199.29,-3.07,-3.46,-2.67,-122.963,-1.89,-2.29,-1.5,49,57,49,57,6,7,45,52.3,0,0,0,0,4,4.7,4,4.7,15,17.4,0,z,0,z,2,50,4,4.7,30,34.9,0,z,0,z,3,75,27,0.31,165,1.92,0,0,0,0,23,0.27,164,1.9,330,3.8,27,0.3,345.75,4,76,0.9,269.75,3.1,6,0.1,79,0.9
202223,Academic year,Local authority,E92000001,England,E13000002,Outer London,315,E09000024,Merton,Provisional,Alternative provision,2,57,707,12.4,22,38.6,4,7,8,14,2,3.5,0,0,1,1.8,67.33,1.18,24,-60.34,-2.51,-3.08,-1.95,-70.745,-2.95,-3.6,-2.29,-41.425,-1.73,-2.32,-1.13,-50.624,-2.11,-2.76,-1.46,-75.734,-3.16,-3.8,-2.51,40,70.2,38,66.7,10,17.5,28,49.1,21,36.8,5,8.8,17,29.8,6,10.5,6,10.5,6,28.6,0,0,11,64.7,7,12.3,14,24.6,12,57.1,2,40,14,82.4,49,0.86,84,1.47,81.5,1.43,12,0.21,96,1.68,133,2.3,168,2.9,271,4.8,135,2.4,133,2.3,2,0,61,1.1,38,0.7
202223,Academic year,Local authority,E92000001,England,E13000001,Inner London,316,E09000025,Newham,Provisional,Alternative provision,4,148,1246.25,8.4,59,39.9,10,6.8,20,13.5,2,1.4,0,0,1,0.7,77,0.52,49,-143.591,-2.93,-3.33,-2.53,-151.49,-3.09,-3.55,-2.63,-99.72,-2.04,-2.45,-1.62,-156.057,-3.18,-3.64,-2.73,-155.126,-3.17,-3.62,-2.71,67,45.3,66,44.6,6,4.1,60,40.5,21,14.2,8,5.4,4,2.7,3,2,16,10.8,9,42.9,1,12.5,3,75,3,2,29,19.6,14,66.7,3,37.5,3,75,24,0.16,210,1.42,92.5,0.63,23,0.16,20,0.14,247,1.7,420,2.8,242,1.6,337.25,2.3,324,2.2,13.25,0.1,61,0.4,82,0.6
202223,Academic year,Local authority,E92000001,England,E13000002,Outer London,317,E09000026,Redbridge,Provisional,Alternative provision,4,71,499,7,24,33.8,3,4.2,4,5.6,1,1.4,0,0,0,0,40.5,0.57,33,-81.643,-2.47,-2.96,-1.99,-87.165,-2.64,-3.2,-2.08,-47.265,-1.43,-1.94,-0.92,-77.61,-2.35,-2.91,-1.79,-104.927,-3.18,-3.73,-2.63,28,39.4,28,39.4,8,11.3,27,38,14,19.7,9,12.7,2,2.8,3,4.2,4,5.6,5,35.7,2,22.2,1,50,4,5.6,6,8.5,6,42.9,3,33.3,2,100,33,0.46,78,1.1,49.5,0.7,22,0.31,11,0.15,112,1.6,156,2.2,146,2.1,85,1.2,85,1.2,0,0,41,0.6,30,0.4
202223,Academic year,Local authority,E92000001,England,E13000002,Outer London,318,E09000027,Richmond upon Thames,Provisional,Alternative provision,1,8,17,2.1,2,25,0,0,0,0,0,0,0,0,0,0,1.17,0.15,2,-10.319,-5.16,-7.12,-3.2,-9.53,-4.77,-7.03,-2.5,-9.14,-4.57,-6.63,-2.51,-10.913,-5.46,-7.72,-3.19,-11.036,-5.52,-7.76,-3.27,2,25,2,25,1,12.5,2,25,0,0,0,0,0,0,0,0,0,0,0,z,0,z,0,z,0,0,0,0,0,z,0,z,0,z,2,0.25,5,0.63,0,0,0,0,0,0,7,0.9,10,1.3,0,0,0,0,0,0,0,0,0,0,0,0
202223,Academic year,Local authority,E92000001,England,E13000001,Inner London,210,E09000028,Southwark,Provisional,Alternative provision,2,55,284,5.2,15,27.3,1,1.8,1,1.8,0,0,0,0,0,0,19.36,0.35,39,-118.682,-3.04,-3.49,-2.6,-139.14,-3.57,-4.08,-3.05,-87.36,-2.24,-2.71,-1.77,-106.797,-2.74,-3.25,-2.23,-137.808,-3.53,-4.04,-3.02,31,56.4,27,49.1,1,1.8,28,50.9,8,14.5,11,20,1,1.8,0,0,3,5.5,1,12.5,0,0,1,100,0,0,6,10.9,1,12.5,0,0,1,100,3,0.05,60,1.09,16,0.29,15,0.27,6,0.11,44,0.8,120,2.2,103,1.9,17,0.3,17,0.3,0,0,39,0.7,6,0.1
202223,Academic year,Local authority,E92000001,England,E13000002,Outer London,319,E09000029,Sutton,Provisional,Alternative provision,3,47,289.5,6.2,8,17,1,2.1,3,6.4,0,0,0,0,0,0,19.01,0.4,36,-122.229,-3.4,-3.86,-2.93,-144.295,-4.01,-4.54,-3.47,-90.47,-2.51,-3,-2.03,-119.89,-3.33,-3.86,-2.8,-131.056,-3.64,-4.17,-3.11,30,63.8,25,53.2,2,4.3,30,63.8,5,10.6,0,0,1,2.1,1,2.1,3,6.4,1,20,0,z,1,100,2,4.3,5,10.6,2,40,0,z,1,100,10,0.21,60,1.28,17.5,0.37,0,0,9,0.19,41,0.9,120,2.6,60,1.3,68.5,1.5,54,1.1,14.5,0.3,18,0.4,25,0.5
202223,Academic year,Local authority,E92000001,England,E13000001,Inner London,211,E09000030,Tower Hamlets,Provisional,Alternative provision,3,101,786.25,7.8,73,72.3,1,1,6,5.9,0,0,0,0,0,0,31.5,0.31,91,-283.182,-3.11,-3.4,-2.82,-285.45,-3.14,-3.47,-2.8,-198.705,-2.18,-2.49,-1.88,-333.674,-3.67,-4,-3.33,-287.515,-3.16,-3.49,-2.83,85,84.2,74,73.3,8,7.9,82,81.2,0,0,0,0,2,2,3,3,2,2,0,z,0,z,0,0,6,5.9,11,10.9,0,z,0,z,0,0,35,0.35,154,1.52,0,0,0,0,0,0,225,2.2,308,3,0,0,253.25,2.5,208,2.1,45.25,0.4,0,0,77,0.8
202223,Academic year,Local authority,E92000001,England,E13000002,Outer London,320,E09000031,Waltham Forest,Provisional,Alternative provision,2,57,685,12,25,43.9,6,10.5,9,15.8,0,0,0,0,0,0,70.49,1.24,11,-25.346,-2.3,-3.14,-1.47,-21.75,-1.98,-2.94,-1.01,-10.5,-0.95,-1.83,-0.07,-29.329,-2.67,-3.63,-1.7,-33.673,-3.06,-4.02,-2.1,42,73.7,41,71.9,3,5.3,41,71.9,30,52.6,15,26.3,1,1.8,1,1.8,12,21.1,5,16.7,6,40,1,100,3,5.3,19,33.3,9,30,7,46.7,1,100,14,0.25,142,2.49,101,1.77,60,1.05,5,0.09,100,1.8,284,5,279,4.9,22,0.4,22,0.4,0,0,79,1.4,8,0.1
202223,Academic year,Local authority,E92000001,England,E13000001,Inner London,212,E09000032,Wandsworth,Provisional,Alternative provision,3,52,531.5,10.2,29,55.8,3,5.8,6,11.5,0,0,0,0,0,0,38.66,0.74,40,-115.224,-2.88,-3.32,-2.44,-122.31,-3.06,-3.56,-2.55,-92.06,-2.3,-2.76,-1.84,-120.503,-3.01,-3.52,-2.51,-120.665,-3.02,-3.52,-2.51,36,69.2,34,65.4,10,19.2,34,65.4,25,48.1,2,3.8,3,5.8,3,5.8,4,7.7,3,12,2,100,2,66.7,5,9.6,6,11.5,4,16,2,100,3,100,39,0.75,73,1.4,44.5,0.86,13,0.25,18,0.35,122,2.3,146,2.8,120,2.3,143.5,2.8,127,2.4,16.5,0.3,37,0.7,52,1
202223,Academic year,Local authority,E92000001,England,E13000001,Inner London,213,E09000033,Westminster,Provisional,Alternative provision,2,35,246,7,25,71.4,0,0,0,0,0,0,0,0,0,0,21.69,0.62,32,-94.56,-2.96,-3.44,-2.47,-100.525,-3.14,-3.71,-2.57,-83.265,-2.6,-3.12,-2.09,-85.969,-2.69,-3.25,-2.12,-106.692,-3.33,-3.9,-2.77,26,74.3,24,68.6,17,48.6,25,71.4,23,65.7,10,28.6,0,0,0,0,0,0,0,0,0,0,0,z,0,0,1,2.9,1,4.3,0,0,0,z,26,0.74,30,0.86,32.5,0.93,9,0.26,0,0,63,1.8,60,1.7,74,2.1,49,1.4,49,1.4,0,0,43,1.2,27,0.8
202223,Academic year,Local authority,E92000001,England,E12000006,East of England,873,E10000003,Cambridgeshire,Provisional,Alternative provision,2,31,87,2.8,2,6.5,1,3.2,1,3.2,0,0,0,0,0,0,7.16,0.23,24,-70.217,-2.93,-3.49,-2.36,-79.03,-3.29,-3.95,-2.64,-61.505,-2.56,-3.16,-1.97,-64.334,-2.68,-3.33,-2.03,-76.056,-3.17,-3.82,-2.52,3,9.7,3,9.7,1,3.2,3,9.7,2,6.5,1,3.2,0,0,0,0,2,6.5,1,50,0,0,0,z,0,0,2,6.5,2,100,0,0,0,z,3,0.1,14,0.45,12,0.39,2,0.06,0,0,12,0.4,28,0.9,31,1,16,0.5,16,0.5,0,0,5,0.2,4,0.1
202223,Academic year,Local authority,E92000001,England,E12000004,East Midlands,830,E10000007,Derbyshire,Provisional,Alternative provision,4,92,267,2.9,31,33.7,1,1.1,2,2.2,0,0,0,0,0,0,17.52,0.19,80,-233.087,-2.91,-3.22,-2.6,-254.67,-3.18,-3.54,-2.83,-175.055,-2.19,-2.51,-1.86,-219.98,-2.75,-3.11,-2.39,-270.497,-3.38,-3.74,-3.03,33,35.9,32,34.8,1,1.1,33,35.9,6,6.5,2,2.2,0,0,0,0,1,1.1,1,16.7,0,0,0,z,0,0,3,3.3,1,16.7,0,0,0,z,2,0.02,66,0.72,16,0.17,5,0.05,0,0,76,0.8,132,1.4,52,0.6,7,0.1,7,0.1,0,0,21,0.2,4,0
202223,Academic year,Local authority,E92000001,England,E12000009,South West,878,E10000008,Devon,Provisional,Alternative provision,5,92,509,5.5,43,46.7,0,0,1,1.1,0,0,0,0,0,0,34.16,0.37,75,-216.861,-2.89,-3.21,-2.57,-233.27,-3.11,-3.48,-2.74,-162.775,-2.17,-2.51,-1.83,-202.008,-2.69,-3.06,-2.32,-256.861,-3.42,-3.79,-3.06,52,56.5,46,50,23,25,49,53.3,7,7.6,1,1.1,0,0,1,1.1,2,2.2,3,42.9,0,0,0,z,1,1.1,7,7.6,3,42.9,1,100,0,z,50,0.54,90,0.98,30.5,0.33,4,0.04,0,0,130,1.4,180,2,142,1.5,57,0.6,57,0.6,0,0,49,0.5,27,0.3
202223,Academic year,Local authority,E92000001,England,E12000008,South East,845,E10000011,East Sussex,Provisional,Alternative provision,3,22,70,3.2,8,36.4,0,0,0,0,0,0,0,0,0,0,2.85,0.13,18,-47.854,-2.66,-3.31,-2.01,-51.475,-2.86,-3.62,-2.1,-41.49,-2.31,-2.99,-1.62,-43.964,-2.44,-3.2,-1.69,-53.577,-2.98,-3.73,-2.23,11,50,11,50,1,4.5,8,36.4,1,4.5,0,0,0,0,0,0,0,0,0,0,0,z,0,z,1,4.5,0,0,0,0,0,z,0,z,4,0.18,7,0.32,3,0.14,0,0,0,0,19,0.9,14,0.6,14,0.6,23,1,17,0.8,6,0.3,8,0.4,7,0.3
202223,Academic year,Local authority,E92000001,England,E12000006,East of England,881,E10000012,Essex,Provisional,Alternative provision,6,122,433.5,3.6,30,24.6,1,0.8,4,3.3,0,0,0,0,0,0,19.33,0.16,103,-324.284,-3.15,-3.42,-2.88,-360.1,-3.5,-3.81,-3.18,-269.97,-2.62,-2.91,-2.33,-310.652,-3.02,-3.33,-2.7,-350.252,-3.4,-3.71,-3.09,61,50,57,46.7,10,8.2,36,29.5,2,1.6,1,0.8,0,0,1,0.8,2,1.6,0,0,0,0,0,z,2,1.6,5,4.1,0,0,0,0,0,z,28,0.23,77,0.63,5.5,0.05,0,0,0,0,95,0.8,154,1.3,94,0.8,90.5,0.7,60,0.5,30.5,0.3,45,0.4,33,0.3
202223,Academic year,Local authority,E92000001,England,E12000009,South West,916,E10000013,Gloucestershire,Provisional,Alternative provision,4,72,256,3.6,27,37.5,0,0,1,1.4,0,0,0,0,0,0,10.67,0.15,62,-194.995,-3.15,-3.5,-2.79,-214.6,-3.46,-3.87,-3.05,-163.98,-2.64,-3.02,-2.27,-194.954,-3.14,-3.55,-2.74,-202.658,-3.27,-3.67,-2.87,32,44.4,30,41.7,1,1.4,29,40.3,8,11.1,0,0,0,0,0,0,0,0,0,0,0,z,0,z,0,0,1,1.4,0,0,0,z,0,z,3,0.04,44,0.61,8.5,0.12,0,0,0,0,61,0.8,88,1.2,27,0.4,80,1.1,80,1.1,0,0,13,0.2,27,0.4
202223,Academic year,Local authority,E92000001,England,E12000008,South East,850,E10000014,Hampshire,Provisional,Alternative provision,8,83,416.5,5,33,39.8,0,0,2,2.4,0,0,0,0,0,0,32.82,0.4,61,-174.392,-2.86,-3.21,-2.5,-193.995,-3.18,-3.59,-2.77,-140.825,-2.31,-2.68,-1.94,-159.332,-2.61,-3.02,-2.2,-198.768,-3.26,-3.67,-2.85,40,48.2,38,45.8,6,7.2,36,43.4,23,27.7,3,3.6,0,0,0,0,0,0,1,4.3,0,0,0,z,0,0,3,3.6,4,17.4,0,0,0,z,13,0.16,67,0.81,57.5,0.69,2,0.02,0,0,91,1.1,134,1.6,132,1.6,59.5,0.7,52,0.6,7.5,0.1,49,0.6,24,0.3
202223,Academic year,Local authority,E92000001,England,E12000006,East of England,919,E10000015,Hertfordshire,Provisional,Alternative provision,8,65,675.5,10.4,27,41.5,6,9.2,8,12.3,0,0,0,0,0,0,37.99,0.58,55,-127.567,-2.32,-2.69,-1.95,-133.565,-2.43,-2.86,-2,-99.3,-1.81,-2.2,-1.41,-132.775,-2.41,-2.85,-1.98,-137.248,-2.5,-2.92,-2.07,41,63.1,39,60,12,18.5,30,46.2,6,9.2,4,6.2,0,0,6,9.2,7,10.8,5,83.3,3,75,0,z,7,10.8,10,15.4,6,100,3,75,0,z,51,0.78,84,1.29,35.5,0.55,22,0.34,0,0,170,2.6,168,2.6,146,2.2,191.5,2.9,145,2.2,46.5,0.7,35,0.5,44,0.7
202223,Academic year,Local authority,E92000001,England,E12000008,South East,886,E10000016,Kent,Provisional,Alternative provision,3,92,230.75,2.5,16,17.4,0,0,1,1.1,0,0,0,0,0,0,13.18,0.14,72,-236.16,-3.28,-3.61,-2.95,-252.565,-3.51,-3.89,-3.13,-199.89,-2.78,-3.12,-2.43,-231.99,-3.22,-3.6,-2.84,-253.593,-3.52,-3.9,-3.15,23,25,21,22.8,7,7.6,18,19.6,2,2.2,0,0,0,0,1,1.1,3,3.3,0,0,0,z,0,z,1,1.1,5,5.4,1,50,0,z,0,z,19,0.21,46,0.5,7,0.08,0,0,0,0,69,0.8,92,1,36,0.4,33.75,0.4,27,0.3,6.75,0.1,8,0.1,12,0.1
202223,Academic year,Local authority,E92000001,England,E12000002,North West,888,E10000017,Lancashire,Provisional,Alternative provision,8,258,1558,6,158,61.2,2,0.8,6,2.3,0,0,0,0,0,0,116.91,0.45,239,-745.303,-3.12,-3.3,-2.94,-803.56,-3.36,-3.57,-3.15,-555.375,-2.32,-2.51,-2.14,-706.059,-2.95,-3.16,-2.75,-872.37,-3.65,-3.86,-3.44,179,69.4,157,60.9,38,14.7,172,66.7,81,31.4,11,4.3,1,0.4,2,0.8,3,1.2,0,0,0,0,0,0,5,1.9,18,7,3,3.7,0,0,0,0,88,0.34,312,1.21,141.5,0.55,15,0.06,3,0.01,387,1.5,624,2.4,382,1.5,165,0.6,157,0.6,8,0,177,0.7,74,0.3
202223,Academic year,Local authority,E92000001,England,E12000004,East Midlands,855,E10000018,Leicestershire,Provisional,Alternative provision,1,25,69,2.8,1,4,1,4,1,4,0,0,0,0,0,0,3.83,0.15,12,-34.412,-2.87,-3.67,-2.07,-38.865,-3.24,-4.16,-2.31,-31.925,-2.66,-3.5,-1.82,-30.054,-2.5,-3.43,-1.58,-37.483,-3.12,-4.04,-2.21,4,16,4,16,0,0,2,8,0,0,1,4,1,4,0,0,1,4,0,z,1,100,1,100,0,0,1,4,0,z,1,100,1,100,0,0,8,0.32,0,0,6,0.24,9,0.36,9,0.4,16,0.6,30,1.2,14,0.6,14,0.6,0,0,4,0.2,2,0.1
202223,Academic year,Local authority,E92000001,England,E12000004,East Midlands,925,E10000019,Lincolnshire,Provisional,Alternative provision,6,105,209.25,2,32,30.5,0,0,1,1,0,0,0,0,0,0,11.67,0.11,96,-310.56,-3.24,-3.52,-2.95,-329.65,-3.43,-3.76,-3.11,-260.38,-2.71,-3.01,-2.41,-302.521,-3.15,-3.48,-2.82,-339.358,-3.53,-3.86,-3.21,36,34.3,31,29.5,2,1.9,34,32.4,1,1,1,1,0,0,0,0,0,0,0,0,0,0,0,z,1,1,1,1,1,100,1,100,0,z,7,0.07,51,0.49,4,0.04,4,0.04,0,0,80,0.8,102,1,12,0.1,15.25,0.1,8,0.1,7.25,0.1,3,0,5,0
202223,Academic year,Local authority,E92000001,England,E12000006,East of England,926,E10000020,Norfolk,Provisional,Alternative provision,3,166,633,3.8,60,36.1,2,1.2,3,1.8,0,0,0,0,0,0,45.51,0.27,135,-370.821,-2.75,-2.99,-2.51,-409.325,-3.03,-3.31,-2.76,-287.7,-2.13,-2.38,-1.88,-353.766,-2.62,-2.9,-2.34,-417.662,-3.09,-3.37,-2.82,71,42.8,68,41,12,7.2,65,39.2,43,25.9,1,0.6,0,0,1,0.6,3,1.8,1,2.3,0,0,0,z,4,2.4,6,3.6,2,4.7,0,0,0,z,36,0.22,115,0.69,61,0.37,0,0,0,0,160,1,230,1.4,135,0.8,108,0.7,108,0.7,0,0,71,0.4,42,0.3
202223,Academic year,Local authority,E92000001,England,E12000004,East Midlands,891,E10000024,Nottinghamshire,Provisional,Alternative provision,1,77,139,1.8,10,13,1,1.3,3,3.9,0,0,0,0,0,0,6.65,0.09,61,-185.397,-3.04,-3.39,-2.68,-209.135,-3.43,-3.84,-3.02,-157.255,-2.58,-2.95,-2.2,-170.821,-2.8,-3.21,-2.39,-202.94,-3.33,-3.73,-2.92,13,16.9,12,15.6,1,1.3,11,14.3,2,2.6,1,1.3,0,0,0,0,4,5.2,0,0,0,0,0,z,0,0,5,6.5,0,0,0,0,0,z,3,0.04,34,0.44,0,0,3,0.04,0,0,37,0.5,68,0.9,25,0.3,9,0.1,9,0.1,0,0,7,0.1,3,0
202223,Academic year,Local authority,E92000001,England,E12000008,South East,931,E10000025,Oxfordshire,Provisional,Alternative provision,2,14,13,0.9,2,14.3,0,0,0,0,0,0,0,0,0,0,0.34,0.02,11,-30.79,-2.8,-3.63,-1.96,-33.765,-3.07,-4.04,-2.1,-27.11,-2.46,-3.34,-1.58,-29.387,-2.67,-3.64,-1.71,-32.673,-2.97,-3.93,-2.01,3,21.4,3,21.4,0,0,2,14.3,0,0,0,0,0,0,0,0,0,0,0,z,0,z,0,z,0,0,0,0,0,z,0,z,0,z,0,0,2,0.14,0,0,0,0,0,0,5,0.4,4,0.3,0,0,4,0.3,4,0.3,0,0,0,0,2,0.1
202223,Academic year,Local authority,E92000001,England,E12000005,West Midlands,860,E10000028,Staffordshire,Provisional,Alternative provision,7,126,595.75,4.7,63,50,0,0,3,2.4,0,0,0,0,0,0,21.33,0.17,106,-319.227,-3.01,-3.28,-2.74,-343.93,-3.24,-3.56,-2.93,-239.085,-2.26,-2.54,-1.97,-328.829,-3.1,-3.41,-2.79,-346.594,-3.27,-3.58,-2.96,77,61.1,70,55.6,1,0.8,69,54.8,0,0,3,2.4,0,0,0,0,0,0,0,z,0,0,0,z,1,0.8,4,3.2,0,z,0,0,0,z,4,0.03,121,0.96,0,0,3,0.02,0,0,149,1.2,242,1.9,63,0.5,141.75,1.1,130,1,11.75,0.1,32,0.3,57,0.5
202223,Academic year,Local authority,E92000001,England,E12000006,East of England,935,E10000029,Suffolk,Provisional,Alternative provision,4,49,94,1.9,10,20.4,1,2,1,2,0,0,0,0,0,0,4.51,0.09,30,-95.124,-3.17,-3.68,-2.67,-104.755,-3.49,-4.08,-2.91,-80.92,-2.7,-3.23,-2.16,-90.634,-3.02,-3.61,-2.44,-102.682,-3.42,-4,-2.84,13,26.5,11,22.4,0,0,12,24.5,3,6.1,0,0,0,0,0,0,1,2,0,0,0,z,0,z,0,0,1,2,0,0,0,z,0,z,0,0,19,0.39,4,0.08,0,0,0,0,24,0.5,38,0.8,20,0.4,12,0.2,12,0.2,0,0,7,0.1,5,0.1
202223,Academic year,Local authority,E92000001,England,E12000008,South East,936,E10000030,Surrey,Provisional,Alternative provision,7,121,410.5,3.4,25,20.7,1,0.8,3,2.5,0,0,0,0,0,0,31.69,0.26,77,-242.983,-3.16,-3.47,-2.84,-272.83,-3.54,-3.91,-3.18,-200.315,-2.6,-2.93,-2.27,-228.92,-2.97,-3.34,-2.61,-265.617,-3.45,-3.81,-3.09,41,33.9,39,32.2,3,2.5,30,24.8,6,5,10,8.3,8,6.6,0,0,3,2.5,2,33.3,3,30,2,25,0,0,9,7.4,4,66.7,5,50,4,50,6,0.05,69,0.57,27,0.22,35,0.29,26,0.21,64,0.5,138,1.1,120,1,88.5,0.7,85,0.7,3.5,0,31,0.3,26,0.2
202223,Academic year,Local authority,E92000001,England,E12000005,West Midlands,937,E10000031,Warwickshire,Provisional,Alternative provision,1,22,86,3.9,11,50,1,4.5,2,9.1,0,0,0,0,0,0,4.83,0.22,17,-45.898,-2.7,-3.37,-2.03,-45.895,-2.7,-3.48,-1.92,-28.805,-1.69,-2.4,-0.99,-48.542,-2.86,-3.63,-2.08,-54.662,-3.22,-3.99,-2.44,11,50,11,50,1,4.5,11,50,0,0,1,4.5,0,0,0,0,1,4.5,0,z,0,0,0,z,0,0,2,9.1,0,z,0,0,0,z,3,0.14,24,1.09,0,0,2,0.09,0,0,32,1.5,48,2.2,2,0.1,4,0.2,4,0.2,0,0,1,0,1,0
202223,Academic year,Local authority,E92000001,England,E12000008,South East,938,E10000032,West Sussex,Provisional,Alternative provision,2,88,407.75,4.6,36,40.9,0,0,0,0,0,0,0,0,0,0,22.85,0.26,74,-220.848,-2.98,-3.31,-2.66,-256.42,-3.47,-3.84,-3.09,-177.045,-2.39,-2.73,-2.05,-216.069,-2.92,-3.29,-2.55,-231.159,-3.12,-3.49,-2.75,42,47.7,38,43.2,1,1.1,40,45.5,27,30.7,2,2.3,0,0,0,0,0,0,0,0,0,0,0,z,0,0,4,4.5,0,0,0,0,0,z,1,0.01,73,0.83,31.5,0.36,0,0,0,0,67,0.8,146,1.7,74,0.8,120.75,1.4,119,1.4,1.75,0,38,0.4,39,0.4
202223,Academic year,Local authority,E92000001,England,E12000005,West Midlands,885,E10000034,Worcestershire,Provisional,Alternative provision,5,79,350,4.4,48,60.8,1,1.3,1,1.3,0,0,0,0,0,0,15.5,0.2,70,-181.904,-2.6,-2.93,-2.27,-199.83,-2.85,-3.24,-2.47,-145.86,-2.08,-2.43,-1.73,-169.707,-2.42,-2.81,-2.04,-206.211,-2.95,-3.33,-2.57,50,63.3,49,62,8,10.1,48,60.8,3,3.8,16,20.3,0,0,0,0,1,1.3,0,0,0,0,0,z,0,0,1,1.3,0,0,0,0,0,z,14,0.18,57,0.72,3.5,0.04,15,0.19,0,0,96,1.2,114,1.4,77,1,63,0.8,63,0.8,0,0,51,0.6,33,0.4
