time_period,time_identifier,geographic_level,country_code,country_name,version,school_characteristic,breakdown,characteristic_years_open,predecessor_flag,t_schools,pupils,t_att8,avg_att8,t_entbasics,pt_entbasics,t_l2basics_94,pt_l2basics_94,t_l2basics_95,pt_l2basics_95,t_ebacc_e_ptq_ee,pt_ebacc_e_ptq_ee,t_ebacc_94,pt_ebacc_94,t_ebacc_95,pt_ebacc_95,t_ebaccaps,avg_ebaccaps,t_entry_1,pt_entry_1,t_anypass,pt_anypass
202021,Academic year,National,E92000001,England,Revised,Converter academy,Total,Total,0,1542,295143,16056734.98,54.4,292487,99.1,229571,77.8,170877,57.9,128127,43.4,102329,34.7,77116,26.1,1417488.46,4.8,293732,99.5,293228,99.4
202021,Academic year,National,E92000001,England,Revised,Converter academy,Total,1,0,23,3872,192620.75,49.7,3840,99.2,2742,70.8,1877,48.5,1353,34.9,1024,26.4,739,19.1,16653.52,4.3,3850,99.4,3840,99.2
202021,Academic year,National,E92000001,England,Revised,Converter academy,Total,2,0,59,10838,553374.5,51.1,10722,98.9,7918,73.1,5492,50.7,3945,36.4,2921,27,2114,19.5,47846.23,4.41,10780,99.5,10742,99.1
202021,Academic year,National,E92000001,England,Revised,Converter academy,Total,3,0,66,11454,589427.5,51.5,11336,99,8457,73.8,5978,52.2,4131,36.1,3035,26.5,2134,18.6,50872.35,4.44,11399,99.5,11371,99.3
202021,Academic year,National,E92000001,England,Revised,Converter academy,Total,4,0,75,13254,662544.03,50,13031,98.3,9401,70.9,6620,49.9,4900,37,3538,26.7,2418,18.2,57627.95,4.35,13137,99.1,13094,98.8
202021,Academic year,National,E92000001,England,Revised,Converter academy,Total,5,0,56,10487,545344.75,52,10386,99,7721,73.6,5483,52.3,4060,38.7,3042,29,2213,21.1,47453.69,4.53,10434,99.5,10407,99.2
202021,Academic year,National,E92000001,England,Revised,Converter academy,Total,6,0,45,8741,463145.17,53,8667,99.2,6630,75.8,4791,54.8,3400,38.9,2596,29.7,1933,22.1,40461.78,4.63,8702,99.6,8692,99.4
202021,Academic year,National,E92000001,England,Revised,Converter academy,Total,7,0,64,12564,668962.25,53.2,12456,99.1,9605,76.4,6942,55.3,4786,38.1,3815,30.4,2836,22.6,58461.1,4.65,12512,99.6,12490,99.4
202021,Academic year,National,E92000001,England,Revised,Converter academy,Total,8,0,143,26388,1385575.28,52.5,26107,98.9,19949,75.6,14356,54.4,11319,42.9,8551,32.4,6138,23.3,121833.29,4.62,26233,99.4,26193,99.3
202021,Academic year,National,E92000001,England,Revised,Converter academy,Total,9,0,357,67585,3627040.64,53.7,66943,99.1,51749,76.6,38185,56.5,28401,42,22489,33.3,16728,24.8,318986.38,4.72,67254,99.5,67122,99.3
202021,Academic year,National,E92000001,England,Revised,Converter academy,Total,10,0,629,124649,7050290.36,56.6,123718,99.3,100900,80.9,77520,62.2,59417,47.7,49218,39.5,38119,30.6,628850.52,5.04,124133,99.6,123982,99.5
202021,Academic year,National,E92000001,England,Revised,Converter academy,Total,11,0,25,5311,318409.75,60,5281,99.4,4499,84.7,3633,68.4,2415,45.5,2100,39.5,1744,32.8,28441.65,5.36,5298,99.8,5295,99.7
202021,Academic year,National,E92000001,England,Revised,Local authority maintained,Total,Total,0,728,129298,6660153.64,51.5,127685,98.8,94497,73.1,67132,51.9,47733,36.9,36411,28.2,26208,20.3,578943.61,4.48,128470,99.4,128150,99.1
202021,Academic year,National,E92000001,England,Revised,Sponsored academy,Total,Total,0,747,119982,5595012.51,46.6,118274,98.6,77380,64.5,50938,42.5,38547,32.1,25221,21,16492,13.7,477590.41,3.98,119057,99.2,118461,98.7
202021,Academic year,National,E92000001,England,Revised,Sponsored academy,Total,1,0,19,3009,134481.75,44.7,2971,98.7,1864,61.9,1223,40.6,803,26.7,513,17,335,11.1,11048.34,3.67,2986,99.2,2974,98.8
202021,Academic year,National,E92000001,England,Revised,Sponsored academy,Total,2,0,50,7777,353525.5,45.5,7666,98.6,4816,61.9,3176,40.8,2161,27.8,1318,16.9,830,10.7,30027.93,3.86,7720,99.3,7673,98.7
202021,Academic year,National,E92000001,England,Revised,Sponsored academy,Total,3,0,69,11089,522712.25,47.1,10947,98.7,7225,65.2,4828,43.5,3314,29.9,2239,20.2,1516,13.7,44382.31,4,11010,99.3,10954,98.8
202021,Academic year,National,E92000001,England,Revised,Sponsored academy,Total,4,0,65,9855,438990.75,44.5,9698,98.4,5968,60.6,3803,38.6,2866,29.1,1716,17.4,1074,10.9,36978.96,3.75,9764,99.1,9725,98.7
202021,Academic year,National,E92000001,England,Revised,Sponsored academy,Total,5,0,41,6317,288179,45.6,6216,98.4,3987,63.1,2619,41.5,2226,35.2,1319,20.9,813,12.9,24795.97,3.93,6251,99,6220,98.5
202021,Academic year,National,E92000001,England,Revised,Sponsored academy,Total,6,0,57,8449,400027.5,47.3,8343,98.7,5675,67.2,3758,44.5,2909,34.4,1934,22.9,1279,15.1,34240.54,4.05,8386,99.3,8350,98.8
202021,Academic year,National,E92000001,England,Revised,Sponsored academy,Total,7,0,55,8271,391365.5,47.3,8151,98.5,5421,65.5,3614,43.7,3107,37.6,2039,24.7,1364,16.5,34070.69,4.12,8208,99.2,8159,98.6
202021,Academic year,National,E92000001,England,Revised,Sponsored academy,Total,8,0,67,9911,455211.5,45.9,9776,98.6,6301,63.6,4068,41,3266,33,2122,21.4,1347,13.6,39234.64,3.96,9838,99.3,9801,98.9
202021,Academic year,National,E92000001,England,Revised,Sponsored academy,Total,9,0,51,8263,378457,45.8,8139,98.5,5273,63.8,3434,41.6,2228,27,1517,18.4,993,12,31957.62,3.87,8199,99.2,8140,98.5
202021,Academic year,National,E92000001,England,Revised,Sponsored academy,Total,10,0,44,7108,333821.51,47,6990,98.3,4693,66,3065,43.1,1970,27.7,1405,19.8,910,12.8,28251.71,3.97,7044,99.1,6994,98.4
202021,Academic year,National,E92000001,England,Revised,Sponsored academy,Total,11,0,55,9543,434936.5,45.6,9409,98.6,5965,62.5,3732,39.1,2126,22.3,1421,14.9,922,9.7,35990.23,3.77,9471,99.2,9432,98.8
202021,Academic year,National,E92000001,England,Revised,Sponsored academy,Total,12,0,174,30390,1463303.75,48.2,29968,98.6,20192,66.4,13618,44.8,11571,38.1,7678,25.3,5109,16.8,126611.47,4.17,30180,99.3,30039,98.8
