﻿time_period,time_identifier,geographic_level,country_code,country_name,region_code,region_name,lad_name,lad_code,version,t_schools,t_pupils,t_att8,avg_att8,t_entbasics,pt_entbasics,t_l2basics_95,pt_l2basics_95,t_l2basics_94,pt_l2basics_94,t_ebacc_e_ptq_ee,pt_ebacc_e_ptq_ee,t_ebaccaps,avg_ebaccaps,t_ebacc_95,pt_ebacc_95,t_ebacc_94,pt_ebacc_94,t_inp8calc,t_p8score,avg_p8score,p8score_ci_low,p8score_ci_upp
202021,Academic year,National,E92000001,England,,,,,Revised,3988,574950,29278220.52,50.9,558384,97.1,298706,52,415231,72.2,222541,38.7,2557773.07,4.45,123947,21.6,169796,29.5,:,:,:,:,:
202021,Academic year,Regional,E92000001,England,E12000001,North East,,,Revised,212,27063,1332912.75,49.3,26132,96.6,13487,49.8,19180,70.9,8679,32.1,113933.53,4.21,5078,18.8,6960,25.7,:,:,:,:,:
202021,Academic year,Regional,E92000001,England,E12000002,North West,,,Revised,608,79463,3938029.2,49.6,77112,97,39407,49.6,55822,70.2,27876,35.1,339827.9,4.28,15092,19,21028,26.5,:,:,:,:,:
202021,Academic year,Regional,E92000001,England,E12000003,Yorkshire and The Humber,,,Revised,448,58676,2885742.75,49.2,57109,97.3,29063,49.5,41097,70,20967,35.7,249229.69,4.25,11030,18.8,15650,26.7,:,:,:,:,:
202021,Academic year,Regional,E92000001,England,E12000004,East Midlands,,,Revised,510,50110,2483818.29,49.6,48709,97.2,25059,50,35424,70.7,17751,35.4,216461.79,4.32,9655,19.3,13543,27,:,:,:,:,:
202021,Academic year,Regional,E92000001,England,E12000005,West Midlands,,,Revised,540,65275,3229734.32,49.5,63364,97.1,31757,48.7,45379,69.5,23327,35.7,278768.72,4.27,11982,18.4,16966,26,:,:,:,:,:
202021,Academic year,Regional,E92000001,England,E12000006,East of England,,,Revised,705,64219,3273391.91,51,62453,97.3,33285,51.8,46550,72.5,24402,38,286011.28,4.45,13629,21.2,18877,29.4,:,:,:,:,:
202021,Academic year,Regional,E92000001,England,E12000008,South East,,,Revised,905,90351,4702853.26,52.1,87660,97,48991,54.2,67120,74.3,35438,39.2,412821.72,4.57,21389,23.7,28256,31.3,:,:,:,:,:
202021,Academic year,Regional,E92000001,England,E12000009,South West,,,Revised,441,53563,2749794.95,51.3,52078,97.2,28081,52.4,39244,73.3,17398,32.5,237545.29,4.43,10191,19,13735,25.6,:,:,:,:,:
202021,Academic year,Regional,E92000001,England,E13000001,Inner London,,,Revised,517,28000,1502620.51,53.7,27139,96.9,15584,55.7,20988,75,16054,57.3,136309.5,4.87,8262,29.5,11514,41.1,:,:,:,:,:
202021,Academic year,Regional,E92000001,England,E13000002,Outer London,,,Revised,749,58230,3179322.58,54.6,56628,97.2,33992,58.4,44427,76.3,30649,52.6,286863.65,4.93,17639,30.3,23267,40,:,:,:,:,:
202021,Academic year,Local authority district,E92000001,England,E12000001,North East,Hartlepool,E06000001,Revised,21,1079,51301.75,47.5,1045,96.8,508,47.1,756,70.1,344,31.9,4406.63,4.08,163,15.1,236,21.9,:,:,:,:,:
202021,Academic year,Local authority district,E92000001,England,E12000001,North East,Middlesbrough,E06000002,Revised,38,1742,82829,47.5,1687,96.8,778,44.7,1161,66.6,414,23.8,6821.03,3.92,257,14.8,341,19.6,:,:,:,:,:
202021,Academic year,Local authority district,E92000001,England,E12000001,North East,Redcar and Cleveland,E06000003,Revised,34,1413,67861.5,48,1368,96.8,713,50.5,1000,70.8,435,30.8,5668.34,4.01,249,17.6,340,24.1,:,:,:,:,:
202021,Academic year,Local authority district,E92000001,England,E12000001,North East,Stockton-on-Tees,E06000004,Revised,40,2195,110639.5,50.4,2124,96.8,1183,53.9,1628,74.2,805,36.7,9635.69,4.39,465,21.2,650,29.6,:,:,:,:,:
202021,Academic year,Local authority district,E92000001,England,E12000001,North East,Darlington,E06000005,Revised,34,1145,57217.75,50,1114,97.3,570,49.8,816,71.3,446,39,4939.7,4.31,237,20.7,338,29.5,:,:,:,:,:
202021,Academic year,Local authority district,E92000001,England,E12000002,North West,Halton,E06000006,Revised,44,1543,73848.5,47.9,1510,97.9,673,43.6,1007,65.3,498,32.3,6215.3,4.03,248,16.1,351,22.7,:,:,:,:,:
202021,Academic year,Local authority district,E92000001,England,E12000002,North West,Warrington,E06000007,Revised,50,2367,123826.75,52.3,2315,97.8,1347,56.9,1799,76,904,38.2,10816.84,4.57,546,23.1,722,30.5,:,:,:,:,:
202021,Academic year,Local authority district,E92000001,England,E12000002,North West,Blackburn with Darwen,E06000008,Revised,47,2079,105442.25,50.7,2031,97.7,1098,52.8,1541,74.1,835,40.2,9259.35,4.45,442,21.3,617,29.7,:,:,:,:,:
202021,Academic year,Local authority district,E92000001,England,E12000002,North West,Blackpool,E06000009,Revised,23,1490,63990.75,42.9,1436,96.4,551,37,897,60.2,288,19.3,5325.08,3.57,129,8.7,190,12.8,:,:,:,:,:
202021,Academic year,Local authority district,E92000001,England,E12000003,Yorkshire and The Humber,"Kingston upon Hull, City of",E06000010,Revised,33,2827,132556,46.9,2746,97.1,1226,43.4,1832,64.8,1131,40,11424.35,4.04,472,16.7,760,26.9,:,:,:,:,:
202021,Academic year,Local authority district,E92000001,England,E12000003,Yorkshire and The Humber,East Riding of Yorkshire,E06000011,Revised,59,3295,171176.75,52,3224,97.8,1806,54.8,2537,77,1137,34.5,14784.55,4.49,668,20.3,918,27.9,:,:,:,:,:
202021,Academic year,Local authority district,E92000001,England,E12000003,Yorkshire and The Humber,North East Lincolnshire,E06000012,Revised,26,1821,84878.25,46.6,1776,97.5,808,44.4,1234,67.8,613,33.7,7367.79,4.05,293,16.1,455,25,:,:,:,:,:
202021,Academic year,Local authority district,E92000001,England,E12000003,Yorkshire and The Humber,North Lincolnshire,E06000013,Revised,42,1847,89884,48.7,1815,98.3,947,51.3,1319,71.4,604,32.7,7738.41,4.19,332,18,482,26.1,:,:,:,:,:
202021,Academic year,Local authority district,E92000001,England,E12000003,Yorkshire and The Humber,York,E06000014,Revised,17,1726,95081.25,55.1,1702,98.6,1036,60,1363,79,735,42.6,8371.35,4.85,432,25,582,33.7,:,:,:,:,:
202021,Academic year,Local authority district,E92000001,England,E12000004,East Midlands,Derby,E06000015,Revised,48,2908,134105.4,46.1,2796,96.1,1236,42.5,1865,64.1,1163,40,11877.31,4.08,585,20.1,849,29.2,:,:,:,:,:
202021,Academic year,Local authority district,E92000001,England,E12000004,East Midlands,Leicester,E06000016,Revised,52,4529,214097.25,47.3,4318,95.3,2030,44.8,2920,64.5,1525,33.7,18653.73,4.12,746,16.5,1065,23.5,:,:,:,:,:
202021,Academic year,Local authority district,E92000001,England,E12000004,East Midlands,Rutland,E06000017,Revised,16,321,17430.5,54.3,309,96.3,176,54.8,249,77.6,153,47.7,1572.66,4.9,91,28.3,119,37.1,:,:,:,:,:
202021,Academic year,Local authority district,E92000001,England,E12000004,East Midlands,Nottingham,E06000018,Revised,64,3207,147754.25,46.1,3103,96.8,1370,42.7,2041,63.6,914,28.5,12742.9,3.97,467,14.6,649,20.2,:,:,:,:,:
202021,Academic year,Local authority district,E92000001,England,E12000005,West Midlands,"Herefordshire, County of",E06000019,Revised,33,1685,84983,50.4,1638,97.2,867,51.5,1236,73.4,613,36.4,7473.56,4.44,325,19.3,471,28,:,:,:,:,:
202021,Academic year,Local authority district,E92000001,England,E12000005,West Midlands,Telford and Wrekin,E06000020,Revised,36,2097,102028,48.7,2039,97.2,959,45.7,1365,65.1,704,33.6,8783.1,4.19,339,16.2,497,23.7,:,:,:,:,:
202021,Academic year,Local authority district,E92000001,England,E12000005,West Midlands,Stoke-on-Trent,E06000021,Revised,55,2957,133582.51,45.2,2865,96.9,1183,40,1861,62.9,834,28.2,11124.25,3.76,361,12.2,556,18.8,:,:,:,:,:
202021,Academic year,Local authority district,E92000001,England,E12000009,South West,Bath and North East Somerset,E06000022,Revised,41,1637,89482.75,54.7,1587,96.9,957,58.5,1269,77.5,697,42.6,7936.93,4.85,483,29.5,624,38.1,:,:,:,:,:
202021,Academic year,Local authority district,E92000001,England,E12000009,South West,"Bristol, City of",E06000023,Revised,63,4024,199341.75,49.5,3882,96.5,1919,47.7,2785,69.2,1281,31.8,17170.55,4.27,637,15.8,900,22.4,:,:,:,:,:
202021,Academic year,Local authority district,E92000001,England,E12000009,South West,North Somerset,E06000024,Revised,33,2189,114301,52.2,2131,97.4,1217,55.6,1651,75.4,829,37.9,9948.48,4.54,495,22.6,694,31.7,:,:,:,:,:
202021,Academic year,Local authority district,E92000001,England,E12000009,South West,South Gloucestershire,E06000025,Revised,64,2880,150837.25,52.4,2831,98.3,1588,55.1,2190,76,890,30.9,12876.78,4.47,572,19.9,742,25.8,:,:,:,:,:
202021,Academic year,Local authority district,E92000001,England,E12000009,South West,Plymouth,E06000026,Revised,37,2618,128494.25,49.1,2545,97.2,1277,48.8,1857,70.9,735,28.1,10863.48,4.15,426,16.3,583,22.3,:,:,:,:,:
202021,Academic year,Local authority district,E92000001,England,E12000009,South West,Torbay,E06000027,Revised,24,1436,71183.75,49.6,1361,94.8,747,52,1012,70.5,307,21.4,5984.75,4.17,212,14.8,256,17.8,:,:,:,:,:
202021,Academic year,Local authority district,E92000001,England,E12000009,South West,Swindon,E06000030,Revised,36,2570,129997.19,50.6,2490,96.9,1309,50.9,1872,72.8,743,28.9,11258.89,4.38,445,17.3,597,23.2,:,:,:,:,:
202021,Academic year,Local authority district,E92000001,England,E12000006,East of England,Peterborough,E06000031,Revised,33,2444,113886.5,46.6,2351,96.2,1041,42.6,1552,63.5,614,25.1,9722.18,3.98,344,14.1,486,19.9,:,:,:,:,:
202021,Academic year,Local authority district,E92000001,England,E12000006,East of England,Luton,E06000032,Revised,53,2970,141017.65,47.5,2854,96.1,1336,45,1938,65.3,879,29.6,12214.87,4.11,442,14.9,641,21.6,:,:,:,:,:
202021,Academic year,Local authority district,E92000001,England,E12000006,East of England,Southend-on-Sea,E06000033,Revised,50,1913,99045.75,51.8,1827,95.5,1022,53.4,1399,73.1,820,42.9,8683.19,4.54,464,24.3,655,34.2,:,:,:,:,:
202021,Academic year,Local authority district,E92000001,England,E12000006,East of England,Thurrock,E06000034,Revised,99,2241,114836,51.2,2198,98.1,1225,54.7,1640,73.2,889,39.7,9977.06,4.45,449,20,674,30.1,:,:,:,:,:
202021,Academic year,Local authority district,E92000001,England,E12000008,South East,Medway,E06000035,Revised,81,3107,150403.91,48.4,3036,97.7,1461,47,2127,68.5,950,30.6,13037.09,4.2,631,20.3,782,25.2,:,:,:,:,:
202021,Academic year,Local authority district,E92000001,England,E12000008,South East,Bracknell Forest,E06000036,Revised,48,1262,66040.25,52.3,1231,97.5,694,55,942,74.6,362,28.7,5654.24,4.48,215,17,292,23.1,:,:,:,:,:
202021,Academic year,Local authority district,E92000001,England,E12000008,South East,West Berkshire,E06000037,Revised,40,1553,82250.13,53,1523,98.1,889,57.2,1204,77.5,743,47.8,7325.91,4.72,419,27,585,37.7,:,:,:,:,:
202021,Academic year,Local authority district,E92000001,England,E12000008,South East,Reading,E06000038,Revised,41,1603,81233.25,50.7,1561,97.4,802,50,1120,69.9,481,30,7006.87,4.37,303,18.9,386,24.1,:,:,:,:,:
202021,Academic year,Local authority district,E92000001,England,E12000008,South East,Slough,E06000039,Revised,55,2058,109128.5,53,2013,97.8,1127,54.8,1493,72.5,885,43,9591.38,4.66,477,23.2,629,30.6,:,:,:,:,:
202021,Academic year,Local authority district,E92000001,England,E12000008,South East,Windsor and Maidenhead,E06000040,Revised,66,1449,82114.5,56.7,1415,97.7,885,61.1,1146,79.1,792,54.7,7474.58,5.16,486,33.5,644,44.4,:,:,:,:,:
202021,Academic year,Local authority district,E92000001,England,E12000008,South East,Wokingham,E06000041,Revised,51,1895,114378.75,60.4,1858,98,1340,70.7,1622,85.6,987,52.1,10359.12,5.47,714,37.7,873,46.1,:,:,:,:,:
202021,Academic year,Local authority district,E92000001,England,E12000008,South East,Milton Keynes,E06000042,Revised,49,3355,168296,50.2,3276,97.6,1623,48.4,2377,70.8,1300,38.7,14700.44,4.38,633,18.9,890,26.5,:,:,:,:,:
202021,Academic year,Local authority district,E92000001,England,E12000008,South East,Brighton and Hove,E06000043,Revised,29,2187,114522.65,52.4,2108,96.4,1227,56.1,1651,75.5,1048,47.9,10261.89,4.69,610,27.9,814,37.2,:,:,:,:,:
202021,Academic year,Local authority district,E92000001,England,E12000008,South East,Portsmouth,E06000044,Revised,34,1937,89678.5,46.3,1859,96,893,46.1,1310,67.6,697,36,7808.92,4.03,305,15.7,497,25.7,:,:,:,:,:
202021,Academic year,Local authority district,E92000001,England,E12000008,South East,Southampton,E06000045,Revised,40,2303,107968.75,46.9,2216,96.2,987,42.9,1505,65.3,676,29.4,9097.89,3.95,359,15.6,529,23,:,:,:,:,:
202021,Academic year,Local authority district,E92000001,England,E12000008,South East,Isle of Wight,E06000046,Revised,12,1257,59073.5,47,1205,95.9,557,44.3,849,67.5,494,39.3,5121.38,4.07,204,16.2,327,26,:,:,:,:,:
202021,Academic year,Local authority district,E92000001,England,E12000001,North East,County Durham,E06000047,Revised,97,5336,268894.5,50.4,5164,96.8,2704,50.7,3853,72.2,1544,28.9,22686.29,4.25,993,18.6,1333,25,:,:,:,:,:
202021,Academic year,Local authority district,E92000001,England,E12000002,North West,Cheshire East,E06000049,Revised,88,3830,201175.25,52.5,3728,97.3,2127,55.5,2903,75.8,1382,36.1,17343.74,4.53,799,20.9,1071,28,:,:,:,:,:
202021,Academic year,Local authority district,E92000001,England,E12000002,North West,Cheshire West and Chester,E06000050,Revised,76,3552,184540.5,52,3438,96.8,1939,54.6,2637,74.2,1609,45.3,16300.02,4.59,932,26.2,1269,35.7,:,:,:,:,:
202021,Academic year,Local authority district,E92000001,England,E12000005,West Midlands,Shropshire,E06000051,Revised,68,2915,146699.5,50.3,2854,97.9,1493,51.2,2147,73.7,1067,36.6,12898.77,4.42,579,19.9,808,27.7,:,:,:,:,:
202021,Academic year,Local authority district,E92000001,England,E12000009,South West,Cornwall,E06000052,Revised,61,5452,275507.25,50.5,5312,97.4,2618,48,3884,71.2,1408,25.8,23315.94,4.28,769,14.1,1101,20.2,:,:,:,:,:
202021,Academic year,Local authority district,E92000001,England,E12000009,South West,Isles of Scilly,E06000053,Revised,1,14,c,c,c,c,c,c,c,c,c,c,c,c,c,c,c,c,:,:,:,:,:
202021,Academic year,Local authority district,E92000001,England,E12000009,South West,Wiltshire,E06000054,Revised,90,4978,253220.5,50.9,4820,96.8,2579,51.8,3586,72,1627,32.7,21957.23,4.41,946,19,1271,25.5,:,:,:,:,:
202021,Academic year,Local authority district,E92000001,England,E12000006,East of England,Bedford,E06000055,Revised,45,1858,90001,48.4,1816,97.7,837,45,1273,68.5,674,36.3,7742.87,4.17,297,16,468,25.2,:,:,:,:,:
202021,Academic year,Local authority district,E92000001,England,E12000006,East of England,Central Bedfordshire,E06000056,Revised,86,2923,145974.5,49.9,2844,97.3,1472,50.4,2113,72.3,789,27,12405.05,4.24,390,13.3,545,18.6,:,:,:,:,:
202021,Academic year,Local authority district,E92000001,England,E12000001,North East,Northumberland,E06000057,Revised,52,3097,153893.5,49.7,2982,96.3,1529,49.4,2215,71.5,725,23.4,13009.84,4.2,433,14,583,18.8,:,:,:,:,:
202021,Academic year,Local authority district,E92000001,England,E12000009,South West,"Bournemouth,  Christchurch and Poole",E06000058,Revised,44,3484,186659.13,53.6,3401,97.6,2099,60.2,2681,77,1400,40.2,16444.65,4.72,870,25,1149,33,:,:,:,:,:
202021,Academic year,Local authority district,E92000001,England,E12000009,South West,Dorset,E06000059,Revised,64,3494,176722.75,50.6,3394,97.1,1823,52.2,2594,74.2,1355,38.8,15364,4.4,634,18.1,950,27.2,:,:,:,:,:
202021,Academic year,Local authority district,E92000001,England,E12000008,South East,Buckinghamshire,E06000060,Revised,141,5870,332761.75,56.7,5696,97,3661,62.4,4686,79.8,2534,43.2,29500.36,5.03,1790,30.5,2170,37,:,:,:,:,:
202021,Academic year,Local authority district,E92000001,England,E12000006,East of England,Cambridge,E07000008,Revised,29,847,47643,56.2,817,96.5,515,60.8,654,77.2,480,56.7,4425.64,5.23,314,37.1,387,45.7,:,:,:,:,:
202021,Academic year,Local authority district,E92000001,England,E12000006,East of England,East Cambridgeshire,E07000009,Revised,30,865,45170.75,52.2,835,96.5,454,52.5,629,72.7,276,31.9,3975.43,4.6,161,18.6,218,25.2,:,:,:,:,:
202021,Academic year,Local authority district,E92000001,England,E12000006,East of England,Fenland,E07000010,Revised,38,940,42567.25,45.3,898,95.5,397,42.2,594,63.2,209,22.2,3527.28,3.75,94,10,144,15.3,:,:,:,:,:
202021,Academic year,Local authority district,E92000001,England,E12000006,East of England,Huntingdonshire,E07000011,Revised,50,1814,90474.5,49.9,1763,97.2,916,50.5,1304,71.9,740,40.8,8060.57,4.44,373,20.6,582,32.1,:,:,:,:,:
202021,Academic year,Local authority district,E92000001,England,E12000006,East of England,South Cambridgeshire,E07000012,Revised,39,1711,99001.5,57.9,1677,98,1134,66.3,1406,82.2,890,52,9007.29,5.26,609,35.6,780,45.6,:,:,:,:,:
202021,Academic year,Local authority district,E92000001,England,E12000002,North West,Allerdale,E07000026,Revised,20,985,49919,50.7,959,97.4,529,53.7,744,75.5,368,37.4,4410.49,4.48,223,22.6,322,32.7,:,:,:,:,:
202021,Academic year,Local authority district,E92000001,England,E12000002,North West,Barrow-in-Furness,E07000027,Revised,11,730,33493.25,45.9,711,97.4,289,39.6,447,61.2,98,13.4,2785.77,3.82,57,7.8,82,11.2,:,:,:,:,:
202021,Academic year,Local authority district,E92000001,England,E12000002,North West,Carlisle,E07000028,Revised,13,1051,49714,47.3,1036,98.6,481,45.8,729,69.4,418,39.8,4392.28,4.18,174,16.6,291,27.7,:,:,:,:,:
202021,Academic year,Local authority district,E92000001,England,E12000002,North West,Copeland,E07000029,Revised,18,636,30230,47.5,627,98.6,293,46.1,425,66.8,148,23.3,2563.62,4.03,76,11.9,112,17.6,:,:,:,:,:
202021,Academic year,Local authority district,E92000001,England,E12000002,North West,Eden,E07000030,Revised,16,486,24895.75,51.2,475,97.7,249,51.2,368,75.7,152,31.3,2162.17,4.45,87,17.9,116,23.9,:,:,:,:,:
202021,Academic year,Local authority district,E92000001,England,E12000002,North West,South Lakeland,E07000031,Revised,21,971,51529.75,53.1,955,98.4,529,54.5,754,77.7,316,32.5,4456.83,4.59,213,21.9,282,29,:,:,:,:,:
202021,Academic year,Local authority district,E92000001,England,E12000004,East Midlands,Amber Valley,E07000032,Revised,47,1247,65356.75,52.4,1226,98.3,698,56,912,73.1,493,39.5,5763.79,4.62,320,25.7,423,33.9,:,:,:,:,:
202021,Academic year,Local authority district,E92000001,England,E12000004,East Midlands,Bolsover,E07000033,Revised,44,843,39989.25,47.4,833,98.8,364,43.2,555,65.8,266,31.6,3456.81,4.1,119,14.1,176,20.9,:,:,:,:,:
202021,Academic year,Local authority district,E92000001,England,E12000004,East Midlands,Chesterfield,E07000034,Revised,27,1035,50220,48.5,1000,96.6,498,48.1,742,71.7,305,29.5,4338.42,4.19,196,18.9,261,25.2,:,:,:,:,:
202021,Academic year,Local authority district,E92000001,England,E12000004,East Midlands,Derbyshire Dales,E07000035,Revised,24,696,36793.5,52.9,678,97.4,384,55.2,531,76.3,168,24.1,3115.39,4.48,111,15.9,143,20.5,:,:,:,:,:
202021,Academic year,Local authority district,E92000001,England,E12000004,East Midlands,Erewash,E07000036,Revised,42,1136,54338.5,47.8,1107,97.4,553,48.7,772,68,306,26.9,4685.36,4.12,162,14.3,231,20.3,:,:,:,:,:
202021,Academic year,Local authority district,E92000001,England,E12000004,East Midlands,High Peak,E07000037,Revised,34,945,46744,49.5,930,98.4,461,48.8,665,70.4,192,20.3,3901.39,4.13,113,12,143,15.1,:,:,:,:,:
202021,Academic year,Local authority district,E92000001,England,E12000004,East Midlands,North East Derbyshire,E07000038,Revised,39,953,47395.5,49.7,934,98,485,50.9,690,72.4,357,37.5,4161.5,4.37,218,22.9,305,32,:,:,:,:,:
202021,Academic year,Local authority district,E92000001,England,E12000004,East Midlands,South Derbyshire,E07000039,Revised,44,1115,57102.88,51.2,1088,97.6,650,58.3,854,76.6,268,24,4858.34,4.36,175,15.7,229,20.5,:,:,:,:,:
202021,Academic year,Local authority district,E92000001,England,E12000009,South West,East Devon,E07000040,Revised,31,1314,70752.25,53.8,1278,97.3,748,56.9,1023,77.9,395,30.1,6177.07,4.7,265,20.2,336,25.6,:,:,:,:,:
202021,Academic year,Local authority district,E92000001,England,E12000009,South West,Exeter,E07000041,Revised,30,1043,55091.75,52.8,1016,97.4,576,55.2,789,75.6,404,38.7,4878.51,4.68,249,23.9,308,29.5,:,:,:,:,:
202021,Academic year,Local authority district,E92000001,England,E12000009,South West,Mid Devon,E07000042,Revised,30,870,44121.25,50.7,843,96.9,443,50.9,624,71.7,269,30.9,3806.87,4.38,153,17.6,209,24,:,:,:,:,:
202021,Academic year,Local authority district,E92000001,England,E12000009,South West,North Devon,E07000043,Revised,13,1000,47531.25,47.5,964,96.4,456,45.6,672,67.2,299,29.9,4075.68,4.08,165,16.5,216,21.6,:,:,:,:,:
202021,Academic year,Local authority district,E92000001,England,E12000009,South West,South Hams,E07000044,Revised,40,847,46779.25,55.2,828,97.8,521,61.5,665,78.5,330,39,4124.51,4.87,224,26.4,282,33.3,:,:,:,:,:
202021,Academic year,Local authority district,E92000001,England,E12000009,South West,Teignbridge,E07000045,Revised,35,1232,62594.75,50.8,1188,96.4,609,49.4,891,72.3,387,31.4,5408.19,4.39,245,19.9,316,25.6,:,:,:,:,:
202021,Academic year,Local authority district,E92000001,England,E12000009,South West,Torridge,E07000046,Revised,19,565,27323.25,48.4,550,97.3,255,45.1,392,69.4,255,45.1,2406.29,4.26,95,16.8,168,29.7,:,:,:,:,:
202021,Academic year,Local authority district,E92000001,England,E12000009,South West,West Devon,E07000047,Revised,29,486,25773,53,471,96.9,250,51.4,354,72.8,185,38.1,2223.2,4.57,99,20.4,137,28.2,:,:,:,:,:
202021,Academic year,Local authority district,E92000001,England,E12000008,South East,Eastbourne,E07000061,Revised,24,944,46779.75,49.6,912,96.6,446,47.2,658,69.7,312,33.1,4050.81,4.29,173,18.3,231,24.5,:,:,:,:,:
202021,Academic year,Local authority district,E92000001,England,E12000008,South East,Hastings,E07000062,Revised,24,934,41851,44.8,888,95.1,407,43.6,584,62.5,313,33.5,3703.88,3.97,160,17.1,227,24.3,:,:,:,:,:
202021,Academic year,Local authority district,E92000001,England,E12000008,South East,Lewes,E07000063,Revised,31,960,48407.75,50.4,929,96.8,505,52.6,705,73.4,490,51,4352.26,4.53,249,25.9,354,36.9,:,:,:,:,:
202021,Academic year,Local authority district,E92000001,England,E12000008,South East,Rother,E07000064,Revised,37,752,37217,49.5,731,97.2,377,50.1,524,69.7,228,30.3,3272.11,4.35,148,19.7,192,25.5,:,:,:,:,:
202021,Academic year,Local authority district,E92000001,England,E12000008,South East,Wealden,E07000065,Revised,51,1430,76232,53.3,1405,98.3,796,55.7,1096,76.6,605,42.3,6684.93,4.67,353,24.7,487,34.1,:,:,:,:,:
202021,Academic year,Local authority district,E92000001,England,E12000006,East of England,Basildon,E07000066,Revised,75,2067,99028.25,47.9,1999,96.7,941,45.5,1368,66.2,997,48.2,8757.59,4.24,448,21.7,668,32.3,:,:,:,:,:
202021,Academic year,Local authority district,E92000001,England,E12000006,East of England,Braintree,E07000067,Revised,63,1680,84643.5,50.4,1636,97.4,805,47.9,1208,71.9,616,36.7,7301.24,4.35,314,18.7,460,27.4,:,:,:,:,:
202021,Academic year,Local authority district,E92000001,England,E12000006,East of England,Brentwood,E07000068,Revised,49,786,43369.88,55.2,766,97.5,473,60.2,632,80.4,275,35,3751.96,4.77,190,24.2,236,30,:,:,:,:,:
202021,Academic year,Local authority district,E92000001,England,E12000006,East of England,Castle Point,E07000069,Revised,41,933,44991.5,48.2,905,97,428,45.9,632,67.7,407,43.6,3935.96,4.22,205,22,319,34.2,:,:,:,:,:
202021,Academic year,Local authority district,E92000001,England,E12000006,East of England,Chelmsford,E07000070,Revised,68,1922,105326.38,54.8,1871,97.3,1125,58.5,1535,79.9,715,37.2,9182.3,4.78,481,25,613,31.9,:,:,:,:,:
202021,Academic year,Local authority district,E92000001,England,E12000006,East of England,Colchester,E07000071,Revised,44,1910,98575.5,51.6,1867,97.7,1024,53.6,1386,72.6,588,30.8,8500.31,4.45,381,19.9,508,26.6,:,:,:,:,:
202021,Academic year,Local authority district,E92000001,England,E12000006,East of England,Epping Forest,E07000072,Revised,81,1243,65194,52.4,1216,97.8,706,56.8,933,75.1,476,38.3,5674.68,4.57,276,22.2,371,29.8,:,:,:,:,:
202021,Academic year,Local authority district,E92000001,England,E12000006,East of England,Harlow,E07000073,Revised,45,1028,48098.75,46.8,994,96.7,465,45.2,686,66.7,345,33.6,4160.7,4.05,194,18.9,273,26.6,:,:,:,:,:
202021,Academic year,Local authority district,E92000001,England,E12000006,East of England,Maldon,E07000074,Revised,34,690,35034,50.8,675,97.8,338,49,494,71.6,177,25.7,2911.9,4.22,113,16.4,148,21.4,:,:,:,:,:
202021,Academic year,Local authority district,E92000001,England,E12000006,East of England,Rochford,E07000075,Revised,37,899,47295.5,52.6,879,97.8,470,52.3,703,78.2,405,45.1,4171.85,4.64,235,26.1,356,39.6,:,:,:,:,:
202021,Academic year,Local authority district,E92000001,England,E12000006,East of England,Tendring,E07000076,Revised,26,1318,60362.75,45.8,1275,96.7,522,39.6,823,62.4,183,13.9,4856.91,3.69,111,8.4,145,11,:,:,:,:,:
202021,Academic year,Local authority district,E92000001,England,E12000006,East of England,Uttlesford,E07000077,Revised,35,882,48969.75,55.5,872,98.9,524,59.4,691,78.3,476,54,4420.67,5.01,298,33.8,402,45.6,:,:,:,:,:
202021,Academic year,Local authority district,E92000001,England,E12000009,South West,Cheltenham,E07000078,Revised,27,950,53391,56.2,924,97.3,592,62.3,728,76.6,423,44.5,4735.68,4.98,297,31.3,342,36,:,:,:,:,:
202021,Academic year,Local authority district,E92000001,England,E12000009,South West,Cotswold,E07000079,Revised,35,808,44875.75,55.5,794,98.3,473,58.5,644,79.7,355,43.9,4005.71,4.96,234,29,300,37.1,:,:,:,:,:
202021,Academic year,Local authority district,E92000001,England,E12000009,South West,Forest of Dean,E07000080,Revised,34,777,39748,51.2,766,98.6,390,50.2,550,70.8,255,32.8,3427.17,4.41,148,19,205,26.4,:,:,:,:,:
202021,Academic year,Local authority district,E92000001,England,E12000009,South West,Gloucester,E07000081,Revised,36,1381,70046,50.7,1331,96.4,694,50.3,964,69.8,387,28,6059.45,4.39,231,16.7,302,21.9,:,:,:,:,:
202021,Academic year,Local authority district,E92000001,England,E12000009,South West,Stroud,E07000082,Revised,35,1169,64417.25,55.1,1143,97.8,700,59.9,920,78.7,346,29.6,5531.62,4.73,243,20.8,296,25.3,:,:,:,:,:
202021,Academic year,Local authority district,E92000001,England,E12000009,South West,Tewkesbury,E07000083,Revised,35,905,48949.5,54.1,882,97.5,504,55.7,694,76.7,301,33.3,4261.32,4.71,198,21.9,254,28.1,:,:,:,:,:
202021,Academic year,Local authority district,E92000001,England,E12000008,South East,Basingstoke and Deane,E07000084,Revised,46,1796,91001,50.7,1744,97.1,968,53.9,1336,74.4,704,39.2,8072.11,4.49,386,21.5,553,30.8,:,:,:,:,:
202021,Academic year,Local authority district,E92000001,England,E12000008,South East,East Hampshire,E07000085,Revised,41,1185,64052,54.1,1157,97.6,668,56.4,938,79.2,448,37.8,5594.75,4.72,299,25.2,384,32.4,:,:,:,:,:
202021,Academic year,Local authority district,E92000001,England,E12000008,South East,Eastleigh,E07000086,Revised,39,1430,76183.25,53.3,1401,98,806,56.4,1115,78,656,45.9,6896.79,4.82,417,29.2,542,37.9,:,:,:,:,:
202021,Academic year,Local authority district,E92000001,England,E12000008,South East,Fareham,E07000087,Revised,43,1125,60652.75,53.9,1095,97.3,663,58.9,888,78.9,359,31.9,5246.25,4.66,220,19.6,273,24.3,:,:,:,:,:
202021,Academic year,Local authority district,E92000001,England,E12000008,South East,Gosport,E07000088,Revised,21,830,35465.75,42.7,799,96.3,273,32.9,502,60.5,307,37,2982.43,3.59,65,7.8,152,18.3,:,:,:,:,:
202021,Academic year,Local authority district,E92000001,England,E12000008,South East,Hart,E07000089,Revised,38,1052,59743.5,56.8,1038,98.7,687,65.3,872,82.9,272,25.9,5147.06,4.89,197,18.7,244,23.2,:,:,:,:,:
202021,Academic year,Local authority district,E92000001,England,E12000008,South East,Havant,E07000090,Revised,40,1252,58047.25,46.4,1199,95.8,563,45,812,64.9,297,23.7,4871.97,3.89,162,12.9,228,18.2,:,:,:,:,:
202021,Academic year,Local authority district,E92000001,England,E12000008,South East,New Forest,E07000091,Revised,40,1632,85528.75,52.4,1591,97.5,909,55.7,1246,76.3,557,34.1,7467.94,4.58,368,22.5,474,29,:,:,:,:,:
202021,Academic year,Local authority district,E92000001,England,E12000008,South East,Rushmoor,E07000092,Revised,35,984,48364.88,49.2,969,98.5,459,46.6,691,70.2,335,34,4275.14,4.34,186,18.9,253,25.7,:,:,:,:,:
202021,Academic year,Local authority district,E92000001,England,E12000008,South East,Test Valley,E07000093,Revised,45,1206,63800,52.9,1178,97.7,667,55.3,926,76.8,464,38.5,5593.42,4.64,273,22.6,376,31.2,:,:,:,:,:
202021,Academic year,Local authority district,E92000001,England,E12000008,South East,Winchester,E07000094,Revised,44,1193,68284.25,57.2,1170,98.1,753,63.1,977,81.9,516,43.3,6129.56,5.14,387,32.4,461,38.6,:,:,:,:,:
202021,Academic year,Local authority district,E92000001,England,E12000006,East of England,Broxbourne,E07000095,Revised,66,1060,53929.5,50.9,1036,97.7,566,53.4,772,72.8,551,52,4774.27,4.5,268,25.3,381,35.9,:,:,:,:,:
202021,Academic year,Local authority district,E92000001,England,E12000006,East of England,Dacorum,E07000096,Revised,56,1562,82225.5,52.6,1511,96.7,887,56.8,1170,74.9,578,37,7164.72,4.59,353,22.6,453,29,:,:,:,:,:
202021,Academic year,Local authority district,E92000001,England,E12000006,East of England,Hertsmere,E07000098,Revised,83,1156,64180,55.5,1141,98.7,719,62.2,907,78.5,576,49.8,5711.13,4.94,346,29.9,442,38.2,:,:,:,:,:
202021,Academic year,Local authority district,E92000001,England,E12000006,East of England,North Hertfordshire,E07000099,Revised,55,1388,74808,53.9,1348,97.1,813,58.6,1067,76.9,499,36,6601.46,4.76,353,25.4,451,32.5,:,:,:,:,:
202021,Academic year,Local authority district,E92000001,England,E12000006,East of England,Three Rivers,E07000102,Revised,65,1045,57886,55.4,1014,97,648,62,840,80.4,524,50.1,5187.76,4.96,314,30,416,39.8,:,:,:,:,:
202021,Academic year,Local authority district,E92000001,England,E12000006,East of England,Watford,E07000103,Revised,55,1130,61964.25,54.8,1113,98.5,670,59.3,884,78.2,631,55.8,5608.87,4.96,317,28.1,457,40.4,:,:,:,:,:
202021,Academic year,Local authority district,E92000001,England,E12000008,South East,Ashford,E07000105,Revised,49,1441,73068.5,50.7,1409,97.8,746,51.8,1009,70,734,50.9,6610.02,4.59,432,30,578,40.1,:,:,:,:,:
202021,Academic year,Local authority district,E92000001,England,E12000008,South East,Canterbury,E07000106,Revised,51,1446,71180.38,49.2,1395,96.5,722,49.9,1017,70.3,528,36.5,6181.82,4.28,299,20.7,414,28.6,:,:,:,:,:
202021,Academic year,Local authority district,E92000001,England,E12000008,South East,Dartford,E07000107,Revised,77,1381,73939.75,53.5,1346,97.5,753,54.5,1046,75.7,535,38.7,6470.62,4.69,381,27.6,467,33.8,:,:,:,:,:
202021,Academic year,Local authority district,E92000001,England,E12000008,South East,Dover,E07000108,Revised,40,1268,61078,48.2,1230,97,582,45.9,874,68.9,497,39.2,5376.77,4.24,292,23,399,31.5,:,:,:,:,:
202021,Academic year,Local authority district,E92000001,England,E12000008,South East,Gravesham,E07000109,Revised,65,1294,64348.76,49.7,1248,96.4,653,50.5,891,68.9,450,34.8,5556.17,4.29,291,22.5,361,27.9,:,:,:,:,:
202021,Academic year,Local authority district,E92000001,England,E12000008,South East,Maidstone,E07000110,Revised,67,1803,97162,53.9,1763,97.8,1033,57.3,1394,77.3,817,45.3,8644.31,4.79,553,30.7,692,38.4,:,:,:,:,:
202021,Academic year,Local authority district,E92000001,England,E12000008,South East,Sevenoaks,E07000111,Revised,82,1148,64467.5,56.2,1113,97,702,61.1,892,77.7,553,48.2,5770.04,5.03,373,32.5,464,40.4,:,:,:,:,:
202021,Academic year,Local authority district,E92000001,England,E12000008,South East,Folkestone and Hythe,E07000112,Revised,34,1071,51625.5,48.2,1030,96.2,511,47.7,733,68.4,414,38.7,4431.33,4.14,223,20.8,306,28.6,:,:,:,:,:
202021,Academic year,Local authority district,E92000001,England,E12000008,South East,Swale,E07000113,Revised,56,1632,74312.88,45.5,1566,96,668,40.9,1045,64,452,27.7,6226.83,3.82,255,15.6,368,22.5,:,:,:,:,:
202021,Academic year,Local authority district,E92000001,England,E12000008,South East,Thanet,E07000114,Revised,33,1458,63924.75,43.8,1375,94.3,563,38.6,878,60.2,351,24.1,5249.9,3.6,188,12.9,275,18.9,:,:,:,:,:
202021,Academic year,Local authority district,E92000001,England,E12000008,South East,Tonbridge and Malling,E07000115,Revised,62,1394,77273.4,55.4,1360,97.6,842,60.4,1072,76.9,593,42.5,6784.15,4.87,440,31.6,517,37.1,:,:,:,:,:
202021,Academic year,Local authority district,E92000001,England,E12000008,South East,Tunbridge Wells,E07000116,Revised,37,1224,72666,59.4,1191,97.3,856,69.9,1021,83.4,766,62.6,6647.9,5.43,516,42.2,615,50.2,:,:,:,:,:
202021,Academic year,Local authority district,E92000001,England,E12000002,North West,Burnley,E07000117,Revised,37,1096,50746.25,46.3,1051,95.9,501,45.7,739,67.4,406,37,4394.7,4.01,170,15.5,260,23.7,:,:,:,:,:
202021,Academic year,Local authority district,E92000001,England,E12000002,North West,Chorley,E07000118,Revised,42,1186,62054,52.3,1148,96.8,687,57.9,903,76.1,374,31.5,5390.2,4.54,245,20.7,318,26.8,:,:,:,:,:
202021,Academic year,Local authority district,E92000001,England,E12000002,North West,Fylde,E07000119,Revised,26,708,37211.25,52.6,691,97.6,406,57.3,528,74.6,186,26.3,3147.79,4.45,120,16.9,152,21.5,:,:,:,:,:
202021,Academic year,Local authority district,E92000001,England,E12000002,North West,Hyndburn,E07000120,Revised,35,1007,45869.5,45.6,973,96.6,432,42.9,647,64.3,188,18.7,3750.75,3.72,101,10,143,14.2,:,:,:,:,:
202021,Academic year,Local authority district,E92000001,England,E12000002,North West,Lancaster,E07000121,Revised,24,1354,68126.75,50.3,1306,96.5,687,50.7,946,69.9,461,34,5908.09,4.36,255,18.8,324,23.9,:,:,:,:,:
202021,Academic year,Local authority district,E92000001,England,E12000002,North West,Pendle,E07000122,Revised,33,1197,56012.5,46.8,1163,97.2,530,44.3,777,64.9,326,27.2,4761.32,3.98,134,11.2,208,17.4,:,:,:,:,:
202021,Academic year,Local authority district,E92000001,England,E12000002,North West,Preston,E07000123,Revised,42,1653,88311.75,53.4,1611,97.5,932,56.4,1239,75,653,39.5,7813.02,4.73,408,24.7,536,32.4,:,:,:,:,:
202021,Academic year,Local authority district,E92000001,England,E12000002,North West,Ribble Valley,E07000124,Revised,36,623,35797.25,57.5,616,98.9,409,65.7,507,81.4,209,33.5,3082.96,4.95,152,24.4,190,30.5,:,:,:,:,:
202021,Academic year,Local authority district,E92000001,England,E12000002,North West,Rossendale,E07000125,Revised,50,804,41203.75,51.2,780,97,448,55.7,605,75.2,314,39.1,3550.19,4.42,141,17.5,208,25.9,:,:,:,:,:
202021,Academic year,Local authority district,E92000001,England,E12000002,North West,South Ribble,E07000126,Revised,45,1169,60236.25,51.5,1147,98.1,641,54.8,897,76.7,339,29,5164.49,4.42,207,17.7,281,24,:,:,:,:,:
202021,Academic year,Local authority district,E92000001,England,E12000002,North West,West Lancashire,E07000127,Revised,54,1194,59166.5,49.6,1167,97.7,587,49.2,870,72.9,413,34.6,5133.27,4.3,210,17.6,303,25.4,:,:,:,:,:
202021,Academic year,Local authority district,E92000001,England,E12000002,North West,Wyre,E07000128,Revised,36,1037,51079.5,49.3,1009,97.3,533,51.4,757,73,269,25.9,4368.53,4.21,145,14,214,20.6,:,:,:,:,:
202021,Academic year,Local authority district,E92000001,England,E12000004,East Midlands,Blaby,E07000129,Revised,47,1098,56360.5,51.3,1080,98.4,608,55.4,828,75.4,404,36.8,4873.96,4.44,194,17.7,294,26.8,:,:,:,:,:
202021,Academic year,Local authority district,E92000001,England,E12000004,East Midlands,Charnwood,E07000130,Revised,47,1631,81698,50.1,1593,97.7,833,51.1,1205,73.9,665,40.8,7169.01,4.4,322,19.7,475,29.1,:,:,:,:,:
202021,Academic year,Local authority district,E92000001,England,E12000004,East Midlands,Harborough,E07000131,Revised,36,958,51601.75,53.9,942,98.3,597,62.3,761,79.4,396,41.3,4533.28,4.73,230,24,303,31.6,:,:,:,:,:
202021,Academic year,Local authority district,E92000001,England,E12000004,East Midlands,Hinckley and Bosworth,E07000132,Revised,42,1122,57804.25,51.5,1089,97.1,628,56,846,75.4,436,38.9,5043.57,4.5,243,21.7,339,30.2,:,:,:,:,:
202021,Academic year,Local authority district,E92000001,England,E12000004,East Midlands,Melton,E07000133,Revised,26,510,27394,53.7,499,97.8,307,60.2,408,80,199,39,2400.99,4.71,113,22.2,154,30.2,:,:,:,:,:
202021,Academic year,Local authority district,E92000001,England,E12000004,East Midlands,North West Leicestershire,E07000134,Revised,41,1075,50428.5,46.9,1044,97.1,505,47,729,67.8,335,31.2,4369.1,4.06,159,14.8,226,21,:,:,:,:,:
202021,Academic year,Local authority district,E92000001,England,E12000004,East Midlands,Oadby and Wigston,E07000135,Revised,32,639,32588,51,619,96.9,361,56.5,466,72.9,347,54.3,2960.57,4.63,184,28.8,264,41.3,:,:,:,:,:
202021,Academic year,Local authority district,E92000001,England,E12000004,East Midlands,Boston,E07000136,Revised,25,791,36728.25,46.4,774,97.9,318,40.2,528,66.8,242,30.6,3158.19,3.99,113,14.3,176,22.3,:,:,:,:,:
202021,Academic year,Local authority district,E92000001,England,E12000004,East Midlands,East Lindsey,E07000137,Revised,44,1335,63392.5,47.5,1297,97.2,579,43.4,883,66.1,478,35.8,5444.46,4.08,220,16.5,324,24.3,:,:,:,:,:
202021,Academic year,Local authority district,E92000001,England,E12000004,East Midlands,Lincoln,E07000138,Revised,22,905,40368.75,44.6,867,95.8,339,37.5,549,60.7,308,34,3470.39,3.83,148,16.4,220,24.3,:,:,:,:,:
202021,Academic year,Local authority district,E92000001,England,E12000004,East Midlands,North Kesteven,E07000139,Revised,40,1202,60929.75,50.7,1174,97.7,603,50.2,904,75.2,508,42.3,5372.81,4.47,284,23.6,431,35.9,:,:,:,:,:
202021,Academic year,Local authority district,E92000001,England,E12000004,East Midlands,South Holland,E07000140,Revised,38,901,44096,48.9,878,97.4,420,46.6,615,68.3,426,47.3,3865.05,4.29,183,20.3,310,34.4,:,:,:,:,:
202021,Academic year,Local authority district,E92000001,England,E12000004,East Midlands,South Kesteven,E07000141,Revised,43,1459,78066.25,53.5,1431,98.1,842,57.7,1116,76.5,489,33.5,6773.88,4.64,359,24.6,435,29.8,:,:,:,:,:
202021,Academic year,Local authority district,E92000001,England,E12000004,East Midlands,West Lindsey,E07000142,Revised,43,978,49947.01,51.1,948,96.9,489,50,692,70.8,339,34.7,4325.43,4.42,207,21.2,290,29.7,:,:,:,:,:
202021,Academic year,Local authority district,E92000001,England,E12000006,East of England,Breckland,E07000143,Revised,44,1279,63700.25,49.8,1256,98.2,629,49.2,935,73.1,446,34.9,5597.24,4.38,234,18.3,339,26.5,:,:,:,:,:
202021,Academic year,Local authority district,E92000001,England,E12000006,East of England,Broadland,E07000144,Revised,33,1259,65834,52.3,1236,98.2,691,54.9,983,78.1,455,36.1,5757.89,4.57,262,20.8,364,28.9,:,:,:,:,:
202021,Academic year,Local authority district,E92000001,England,E12000006,East of England,Great Yarmouth,E07000145,Revised,25,990,47101,47.6,960,97,432,43.6,660,66.7,324,32.7,4022.84,4.06,152,15.4,222,22.4,:,:,:,:,:
202021,Academic year,Local authority district,E92000001,England,E12000006,East of England,King's Lynn and West Norfolk,E07000146,Revised,38,1350,63645.5,47.1,1311,97.1,603,44.7,910,67.4,435,32.2,5513.54,4.08,178,13.2,279,20.7,:,:,:,:,:
202021,Academic year,Local authority district,E92000001,England,E12000006,East of England,North Norfolk,E07000147,Revised,27,820,39830.25,48.6,804,98,380,46.3,578,70.5,355,43.3,3549.06,4.33,183,22.3,278,33.9,:,:,:,:,:
202021,Academic year,Local authority district,E92000001,England,E12000006,East of England,Norwich,E07000148,Revised,27,1161,55010.75,47.4,1129,97.2,513,44.2,753,64.9,427,36.8,4723.74,4.07,222,19.1,302,26,:,:,:,:,:
202021,Academic year,Local authority district,E92000001,England,E12000006,East of England,South Norfolk,E07000149,Revised,40,1313,69782,53.1,1288,98.1,734,55.9,999,76.1,727,55.4,6266.36,4.77,361,27.5,504,38.4,:,:,:,:,:
202021,Academic year,Local authority district,E92000001,England,E12000004,East Midlands,Corby,E07000150,Revised,22,838,38463.75,45.9,817,97.5,352,42,524,62.5,239,28.5,3325.3,3.97,120,14.3,181,21.6,:,:,:,:,:
202021,Academic year,Local authority district,E92000001,England,E12000004,East Midlands,Daventry,E07000151,Revised,45,879,44531.5,50.7,856,97.4,467,53.1,678,77.1,305,34.7,3872.78,4.41,181,20.6,243,27.6,:,:,:,:,:
202021,Academic year,Local authority district,E92000001,England,E12000004,East Midlands,East Northamptonshire,E07000152,Revised,49,973,47122,48.4,934,96,465,47.8,678,69.7,295,30.3,4035.18,4.15,156,16,220,22.6,:,:,:,:,:
202021,Academic year,Local authority district,E92000001,England,E12000004,East Midlands,Kettering,E07000153,Revised,33,1166,58177.25,49.9,1117,95.8,600,51.5,861,73.8,649,55.7,5334.58,4.58,324,27.8,496,42.5,:,:,:,:,:
202021,Academic year,Local authority district,E92000001,England,E12000004,East Midlands,Northampton,E07000154,Revised,40,2619,133890.75,51.1,2553,97.5,1390,53.1,1870,71.4,1028,39.3,11755.74,4.49,539,20.6,751,28.7,:,:,:,:,:
202021,Academic year,Local authority district,E92000001,England,E12000004,East Midlands,South Northamptonshire,E07000155,Revised,38,986,53159.25,53.9,968,98.2,604,61.3,796,80.7,333,33.8,4589.15,4.65,213,21.6,283,28.7,:,:,:,:,:
202021,Academic year,Local authority district,E92000001,England,E12000004,East Midlands,Wellingborough,E07000156,Revised,35,921,44433.5,48.2,891,96.7,418,45.4,634,68.8,268,29.1,3859.14,4.19,163,17.7,216,23.5,:,:,:,:,:
202021,Academic year,Local authority district,E92000001,England,E12000003,Yorkshire and The Humber,Craven,E07000163,Revised,22,499,27351.75,54.8,489,98,280,56.1,383,76.8,131,26.3,2350.29,4.71,100,20,117,23.4,:,:,:,:,:
202021,Academic year,Local authority district,E92000001,England,E12000003,Yorkshire and The Humber,Hambleton,E07000164,Revised,34,779,41410.5,53.2,759,97.4,442,56.7,599,76.9,363,46.6,3718.1,4.77,219,28.1,298,38.3,:,:,:,:,:
202021,Academic year,Local authority district,E92000001,England,E12000003,Yorkshire and The Humber,Harrogate,E07000165,Revised,37,1661,91210.5,54.9,1615,97.2,1019,61.3,1345,81,761,45.8,8110.99,4.88,494,29.7,661,39.8,:,:,:,:,:
202021,Academic year,Local authority district,E92000001,England,E12000003,Yorkshire and The Humber,Richmondshire,E07000166,Revised,17,467,23107,49.5,455,97.4,212,45.4,326,69.8,247,52.9,2073.73,4.44,99,21.2,168,36,:,:,:,:,:
202021,Academic year,Local authority district,E92000001,England,E12000003,Yorkshire and The Humber,Ryedale,E07000167,Revised,20,475,25113.75,52.9,459,96.6,254,53.5,357,75.2,215,45.3,2235.38,4.71,121,25.5,174,36.6,:,:,:,:,:
202021,Academic year,Local authority district,E92000001,England,E12000003,Yorkshire and The Humber,Scarborough,E07000168,Revised,21,1047,48759.75,46.6,1015,96.9,481,45.9,690,65.9,362,34.6,4224.27,4.03,176,16.8,275,26.3,:,:,:,:,:
202021,Academic year,Local authority district,E92000001,England,E12000003,Yorkshire and The Humber,Selby,E07000169,Revised,35,862,44186.75,51.3,840,97.4,470,54.5,648,75.2,365,42.3,3909.36,4.54,182,21.1,269,31.2,:,:,:,:,:
202021,Academic year,Local authority district,E92000001,England,E12000004,East Midlands,Ashfield,E07000170,Revised,42,1325,61421.75,46.4,1299,98,553,41.7,854,64.5,451,34,5253.94,3.97,181,13.7,300,22.6,:,:,:,:,:
202021,Academic year,Local authority district,E92000001,England,E12000004,East Midlands,Bassetlaw,E07000171,Revised,39,1197,60759.5,50.8,1171,97.8,673,56.2,918,76.7,375,31.3,5233.19,4.37,221,18.5,305,25.5,:,:,:,:,:
202021,Academic year,Local authority district,E92000001,England,E12000004,East Midlands,Broxtowe,E07000172,Revised,39,952,50876.5,53.4,931,97.8,559,58.7,727,76.4,324,34,4495.28,4.72,219,23,273,28.7,:,:,:,:,:
202021,Academic year,Local authority district,E92000001,England,E12000004,East Midlands,Gedling,E07000173,Revised,48,1194,61630.75,51.6,1172,98.2,627,52.5,902,75.5,478,40,5475.15,4.59,270,22.6,380,31.8,:,:,:,:,:
202021,Academic year,Local authority district,E92000001,England,E12000004,East Midlands,Mansfield,E07000174,Revised,33,1104,50806.75,46,1074,97.3,466,42.2,719,65.1,341,30.9,4320.8,3.91,149,13.5,228,20.7,:,:,:,:,:
202021,Academic year,Local authority district,E92000001,England,E12000004,East Midlands,Newark and Sherwood,E07000175,Revised,40,1201,61618,51.3,1173,97.7,638,53.1,879,73.2,434,36.1,5363.74,4.47,250,20.8,347,28.9,:,:,:,:,:
202021,Academic year,Local authority district,E92000001,England,E12000004,East Midlands,Rushcliffe,E07000176,Revised,35,1216,74195.75,61,1196,98.4,913,75.1,1058,87,549,45.1,6659.53,5.48,407,33.5,486,40,:,:,:,:,:
202021,Academic year,Local authority district,E92000001,England,E12000008,South East,Cherwell,E07000177,Revised,49,1598,80441.75,50.3,1562,97.7,792,49.6,1139,71.3,673,42.1,7068.03,4.42,341,21.3,479,30,:,:,:,:,:
202021,Academic year,Local authority district,E92000001,England,E12000008,South East,Oxford,E07000178,Revised,28,1242,61410.5,49.4,1174,94.5,641,51.6,849,68.4,472,38,5349.65,4.31,262,21.1,343,27.6,:,:,:,:,:
202021,Academic year,Local authority district,E92000001,England,E12000008,South East,South Oxfordshire,E07000179,Revised,50,1312,69984.5,53.3,1267,96.6,783,59.7,1029,78.4,499,38,6217.06,4.74,347,26.4,444,33.8,:,:,:,:,:
202021,Academic year,Local authority district,E92000001,England,E12000008,South East,Vale of White Horse,E07000180,Revised,30,1262,65440,51.9,1204,95.4,713,56.5,958,75.9,433,34.3,5645.72,4.47,279,22.1,361,28.6,:,:,:,:,:
202021,Academic year,Local authority district,E92000001,England,E12000008,South East,West Oxfordshire,E07000181,Revised,29,1067,54991,51.5,1022,95.8,588,55.1,804,75.4,266,24.9,4737.34,4.44,179,16.8,231,21.6,:,:,:,:,:
202021,Academic year,Local authority district,E92000001,England,E12000009,South West,Mendip,E07000187,Revised,35,1136,59026.38,52,1111,97.8,617,54.3,866,76.2,415,36.5,5114.57,4.5,249,21.9,340,29.9,:,:,:,:,:
202021,Academic year,Local authority district,E92000001,England,E12000009,South West,Sedgemoor,E07000188,Revised,23,1256,62517.75,49.8,1237,98.5,628,50,895,71.3,355,28.3,5365.76,4.27,178,14.2,265,21.1,:,:,:,:,:
202021,Academic year,Local authority district,E92000001,England,E12000009,South West,South Somerset,E07000189,Revised,38,1684,82179.5,48.8,1638,97.3,813,48.3,1200,71.3,464,27.6,7032.08,4.18,268,15.9,351,20.8,:,:,:,:,:
202021,Academic year,Local authority district,E92000001,England,E12000005,West Midlands,Cannock Chase,E07000192,Revised,41,995,47777.75,48,957,96.2,432,43.4,644,64.7,109,11,3851.45,3.87,54,5.4,77,7.7,:,:,:,:,:
202021,Academic year,Local authority district,E92000001,England,E12000005,West Midlands,East Staffordshire,E07000193,Revised,35,1328,64525,48.6,1286,96.8,660,49.7,918,69.1,379,28.5,5572.46,4.2,216,16.3,300,22.6,:,:,:,:,:
202021,Academic year,Local authority district,E92000001,England,E12000005,West Midlands,Lichfield,E07000194,Revised,45,1014,55454.25,54.7,988,97.4,591,58.3,795,78.4,305,30.1,4734.44,4.67,224,22.1,274,27,:,:,:,:,:
202021,Academic year,Local authority district,E92000001,England,E12000005,West Midlands,Newcastle-under-Lyme,E07000195,Revised,47,1265,62107.75,49.1,1229,97.2,617,48.8,900,71.1,476,37.6,5332.31,4.22,228,18,322,25.5,:,:,:,:,:
202021,Academic year,Local authority district,E92000001,England,E12000005,West Midlands,South Staffordshire,E07000196,Revised,63,1018,53312,52.4,1005,98.7,538,52.8,759,74.6,306,30.1,4506.92,4.43,176,17.3,236,23.2,:,:,:,:,:
202021,Academic year,Local authority district,E92000001,England,E12000005,West Midlands,Stafford,E07000197,Revised,48,1299,67386,51.9,1271,97.8,692,53.3,979,75.4,376,28.9,5745.24,4.42,201,15.5,282,21.7,:,:,:,:,:
202021,Academic year,Local authority district,E92000001,England,E12000005,West Midlands,Staffordshire Moorlands,E07000198,Revised,39,990,49538.75,50,963,97.3,497,50.2,720,72.7,463,46.8,4194.77,4.24,214,21.6,338,34.1,:,:,:,:,:
202021,Academic year,Local authority district,E92000001,England,E12000005,West Midlands,Tamworth,E07000199,Revised,28,813,38332.5,47.1,780,95.9,364,44.8,537,66.1,212,26.1,3236.09,3.98,117,14.4,163,20,:,:,:,:,:
202021,Academic year,Local authority district,E92000001,England,E12000006,East of England,Babergh,E07000200,Revised,38,922,45430,49.3,900,97.6,456,49.5,664,72,265,28.7,3891.73,4.22,167,18.1,220,23.9,:,:,:,:,:
202021,Academic year,Local authority district,E92000001,England,E12000006,East of England,Ipswich,E07000202,Revised,32,1507,71396,47.4,1443,95.8,678,45,1007,66.8,417,27.7,6131.42,4.07,201,13.3,293,19.4,:,:,:,:,:
202021,Academic year,Local authority district,E92000001,England,E12000006,East of England,Mid Suffolk,E07000203,Revised,34,1009,52479.25,52,985,97.6,551,54.6,763,75.6,327,32.4,4515.69,4.48,184,18.2,253,25.1,:,:,:,:,:
202021,Academic year,Local authority district,E92000001,England,E12000008,South East,Elmbridge,E07000207,Revised,58,1056,62161.75,58.9,1033,97.8,727,68.8,881,83.4,513,48.6,5605,5.31,364,34.5,443,42,:,:,:,:,:
202021,Academic year,Local authority district,E92000001,England,E12000008,South East,Epsom and Ewell,E07000208,Revised,48,882,52072,59,856,97.1,606,68.7,735,83.3,437,49.5,4669.77,5.29,315,35.7,386,43.8,:,:,:,:,:
202021,Academic year,Local authority district,E92000001,England,E12000008,South East,Guildford,E07000209,Revised,52,1135,62782.5,55.3,1094,96.4,705,62.1,889,78.3,539,47.5,5632.11,4.96,303,26.7,404,35.6,:,:,:,:,:
202021,Academic year,Local authority district,E92000001,England,E12000008,South East,Mole Valley,E07000210,Revised,43,831,45905.25,55.2,802,96.5,505,60.8,668,80.4,392,47.2,4127.2,4.97,256,30.8,341,41,:,:,:,:,:
202021,Academic year,Local authority district,E92000001,England,E12000008,South East,Reigate and Banstead,E07000211,Revised,64,1387,73957,53.3,1342,96.8,798,57.5,1101,79.4,657,47.4,6595.32,4.76,335,24.2,478,34.5,:,:,:,:,:
202021,Academic year,Local authority district,E92000001,England,E12000008,South East,Runnymede,E07000212,Revised,41,684,35397.5,51.8,657,96.1,378,55.3,494,72.2,266,38.9,3041.96,4.45,118,17.3,163,23.8,:,:,:,:,:
202021,Academic year,Local authority district,E92000001,England,E12000008,South East,Spelthorne,E07000213,Revised,67,980,52283.75,53.4,950,96.9,529,54,734,74.9,262,26.7,4491.69,4.58,167,17,216,22,:,:,:,:,:
202021,Academic year,Local authority district,E92000001,England,E12000008,South East,Surrey Heath,E07000214,Revised,34,952,51167,53.7,935,98.2,528,55.5,761,79.9,328,34.5,4428.29,4.65,188,19.7,265,27.8,:,:,:,:,:
202021,Academic year,Local authority district,E92000001,England,E12000008,South East,Tandridge,E07000215,Revised,53,799,41928.75,52.5,764,95.6,428,53.6,619,77.5,317,39.7,3668.47,4.59,173,21.7,246,30.8,:,:,:,:,:
202021,Academic year,Local authority district,E92000001,England,E12000008,South East,Waverley,E07000216,Revised,36,1034,59389.25,57.4,1002,96.9,684,66.2,847,81.9,427,41.3,5290.78,5.12,319,30.9,391,37.8,:,:,:,:,:
202021,Academic year,Local authority district,E92000001,England,E12000008,South East,Woking,E07000217,Revised,33,984,53593.75,54.5,955,97.1,604,61.4,783,79.6,523,53.2,4810.53,4.89,282,28.7,380,38.6,:,:,:,:,:
202021,Academic year,Local authority district,E92000001,England,E12000005,West Midlands,North Warwickshire,E07000218,Revised,52,666,32504,48.8,648,97.3,312,46.8,475,71.3,209,31.4,2783.08,4.18,103,15.5,159,23.9,:,:,:,:,:
202021,Academic year,Local authority district,E92000001,England,E12000005,West Midlands,Nuneaton and Bedworth,E07000219,Revised,63,1394,66640.25,47.8,1336,95.8,680,48.8,960,68.9,443,31.8,5691.75,4.08,212,15.2,324,23.2,:,:,:,:,:
202021,Academic year,Local authority district,E92000001,England,E12000005,West Midlands,Rugby,E07000220,Revised,37,1214,64147.5,52.8,1180,97.2,685,56.4,910,75,481,39.6,5657.9,4.66,312,25.7,390,32.1,:,:,:,:,:
202021,Academic year,Local authority district,E92000001,England,E12000005,West Midlands,Stratford-on-Avon,E07000221,Revised,49,1180,66028.75,56,1152,97.6,741,62.8,946,80.2,457,38.7,5850.27,4.96,322,27.3,404,34.2,:,:,:,:,:
202021,Academic year,Local authority district,E92000001,England,E12000005,West Midlands,Warwick,E07000222,Revised,38,1351,75046.25,55.5,1307,96.7,864,64,1097,81.2,635,47,6704.73,4.96,396,29.3,518,38.3,:,:,:,:,:
202021,Academic year,Local authority district,E92000001,England,E12000008,South East,Adur,E07000223,Revised,24,594,30404.5,51.2,569,95.8,316,53.2,449,75.6,322,54.2,2734.94,4.6,164,27.6,237,39.9,:,:,:,:,:
202021,Academic year,Local authority district,E92000001,England,E12000008,South East,Arun,E07000224,Revised,32,1398,67705,48.4,1350,96.6,677,48.4,992,71,365,26.1,5716,4.09,194,13.9,282,20.2,:,:,:,:,:
202021,Academic year,Local authority district,E92000001,England,E12000008,South East,Chichester,E07000225,Revised,31,955,48641.75,50.9,932,97.6,482,50.5,709,74.2,273,28.6,4156.39,4.35,187,19.6,241,25.2,:,:,:,:,:
202021,Academic year,Local authority district,E92000001,England,E12000008,South East,Crawley,E07000226,Revised,27,1257,60120.26,47.8,1224,97.4,556,44.2,852,67.8,347,27.6,5166.05,4.11,192,15.3,268,21.3,:,:,:,:,:
202021,Academic year,Local authority district,E92000001,England,E12000008,South East,Horsham,E07000227,Revised,39,1384,76992.5,55.6,1355,97.9,845,61.1,1137,82.2,580,41.9,6744.65,4.87,367,26.5,493,35.6,:,:,:,:,:
202021,Academic year,Local authority district,E92000001,England,E12000008,South East,Mid Sussex,E07000228,Revised,38,1403,75722.51,54,1362,97.1,807,57.5,1109,79,683,48.7,6819.33,4.86,406,28.9,560,39.9,:,:,:,:,:
202021,Academic year,Local authority district,E92000001,England,E12000008,South East,Worthing,E07000229,Revised,23,1054,55851.75,53,1020,96.8,575,54.6,807,76.6,362,34.3,4874.1,4.62,219,20.8,299,28.4,:,:,:,:,:
202021,Academic year,Local authority district,E92000001,England,E12000005,West Midlands,Bromsgrove,E07000234,Revised,56,967,51246.5,53,948,98,519,53.7,722,74.7,514,53.2,4651.4,4.81,287,29.7,417,43.1,:,:,:,:,:
202021,Academic year,Local authority district,E92000001,England,E12000005,West Midlands,Malvern Hills,E07000235,Revised,32,720,37063.25,51.5,698,96.9,353,49,519,72.1,237,32.9,3207.9,4.46,139,19.3,185,25.7,:,:,:,:,:
202021,Academic year,Local authority district,E92000001,England,E12000005,West Midlands,Redditch,E07000236,Revised,35,985,46209.5,46.9,957,97.2,469,47.6,677,68.7,219,22.2,3758.39,3.82,97,9.8,145,14.7,:,:,:,:,:
202021,Academic year,Local authority district,E92000001,England,E12000005,West Midlands,Worcester,E07000237,Revised,18,992,50765.13,51.2,968,97.6,508,51.2,709,71.5,368,37.1,4431.69,4.47,197,19.9,274,27.6,:,:,:,:,:
202021,Academic year,Local authority district,E92000001,England,E12000005,West Midlands,Wychavon,E07000238,Revised,58,1204,60778.13,50.5,1175,97.6,619,51.4,893,74.2,390,32.4,5238.32,4.35,204,16.9,288,23.9,:,:,:,:,:
202021,Academic year,Local authority district,E92000001,England,E12000005,West Midlands,Wyre Forest,E07000239,Revised,36,968,46195.25,47.7,932,96.3,429,44.3,657,67.9,446,46.1,4090.31,4.23,200,20.7,289,29.9,:,:,:,:,:
202021,Academic year,Local authority district,E92000001,England,E12000006,East of England,St Albans,E07000240,Revised,44,1676,101214.25,60.4,1637,97.7,1175,70.1,1458,87,918,54.8,9187.31,5.48,653,39,811,48.4,:,:,:,:,:
202021,Academic year,Local authority district,E92000001,England,E12000006,East of England,Welwyn Hatfield,E07000241,Revised,55,1123,59402.5,52.9,1104,98.3,623,55.5,856,76.2,504,44.9,5218.22,4.65,312,27.8,413,36.8,:,:,:,:,:
202021,Academic year,Local authority district,E92000001,England,E12000006,East of England,East Hertfordshire,E07000242,Revised,54,1623,91032.25,56.1,1595,98.3,1013,62.4,1313,80.9,927,57.1,8384.06,5.17,608,37.5,795,49,:,:,:,:,:
202021,Academic year,Local authority district,E92000001,England,E12000006,East of England,Stevenage,E07000243,Revised,44,949,46165.5,48.6,902,95,447,47.1,638,67.2,231,24.3,3855.57,4.06,126,13.3,176,18.5,:,:,:,:,:
202021,Academic year,Local authority district,E92000001,England,E12000006,East of England,East Suffolk,E07000244,Revised,47,2383,116841.25,49,2307,96.8,1152,48.3,1694,71.1,599,25.1,9918.75,4.16,327,13.7,459,19.3,:,:,:,:,:
202021,Academic year,Local authority district,E92000001,England,E12000006,East of England,West Suffolk,E07000245,Revised,37,1630,79025.75,48.5,1598,98,735,45.1,1106,67.9,766,47,7062.15,4.33,325,19.9,490,30.1,:,:,:,:,:
202021,Academic year,Local authority district,E92000001,England,E12000009,South West,Somerset West and Taunton,E07000246,Revised,27,1364,68166.5,50,1346,98.7,673,49.3,980,71.8,295,21.6,5722.44,4.2,156,11.4,235,17.2,:,:,:,:,:
202021,Academic year,Local authority district,E92000001,England,E12000002,North West,Bolton,E08000001,Revised,68,3532,172251.75,48.8,3432,97.2,1766,50,2421,68.5,1151,32.6,14797.67,4.19,659,18.7,914,25.9,:,:,:,:,:
202021,Academic year,Local authority district,E92000001,England,E12000002,North West,Bury,E08000002,Revised,54,2139,106930,50,2081,97.3,1096,51.2,1558,72.8,883,41.3,9441.38,4.41,450,21,666,31.1,:,:,:,:,:
202021,Academic year,Local authority district,E92000001,England,E12000002,North West,Manchester,E08000003,Revised,120,6073,293393.63,48.3,5837,96.1,2753,45.3,3963,65.3,2204,36.3,25534.71,4.2,1081,17.8,1573,25.9,:,:,:,:,:
202021,Academic year,Local authority district,E92000001,England,E12000002,North West,Oldham,E08000004,Revised,55,3131,144357.75,46.1,3022,96.5,1335,42.6,2052,65.5,765,24.4,12059.03,3.85,351,11.2,536,17.1,:,:,:,:,:
202021,Academic year,Local authority district,E92000001,England,E12000002,North West,Rochdale,E08000005,Revised,65,2805,130654.5,46.6,2719,96.9,1164,41.5,1800,64.2,850,30.3,11080.94,3.95,378,13.5,561,20,:,:,:,:,:
202021,Academic year,Local authority district,E92000001,England,E12000002,North West,Salford,E08000006,Revised,83,2534,116874.25,46.1,2416,95.3,1135,44.8,1641,64.8,951,37.5,10047.94,3.97,406,16,625,24.7,:,:,:,:,:
202021,Academic year,Local authority district,E92000001,England,E12000002,North West,Stockport,E08000007,Revised,69,2988,160300.15,53.6,2918,97.7,1738,58.2,2271,76,1451,48.6,14269.51,4.78,924,30.9,1205,40.3,:,:,:,:,:
202021,Academic year,Local authority district,E92000001,England,E12000002,North West,Tameside,E08000008,Revised,65,2521,122314.5,48.5,2449,97.1,1200,47.6,1763,69.9,853,33.8,10512.68,4.17,434,17.2,632,25.1,:,:,:,:,:
202021,Academic year,Local authority district,E92000001,England,E12000002,North West,Trafford,E08000009,Revised,61,2738,158948.92,58.1,2691,98.3,1814,66.3,2253,82.3,1307,47.7,14201.61,5.19,898,32.8,1099,40.1,:,:,:,:,:
202021,Academic year,Local authority district,E92000001,England,E12000002,North West,Wigan,E08000010,Revised,72,3598,177883.25,49.4,3530,98.1,1772,49.2,2512,69.8,1071,29.8,15048.95,4.18,540,15,768,21.3,:,:,:,:,:
202021,Academic year,Local authority district,E92000001,England,E12000002,North West,Knowsley,E08000011,Revised,72,1837,80371.5,43.8,1764,96,682,37.1,1137,61.9,483,26.3,6722.53,3.66,194,10.6,321,17.5,:,:,:,:,:
202021,Academic year,Local authority district,E92000001,England,E12000002,North West,Liverpool,E08000012,Revised,79,4651,214860.25,46.2,4447,95.6,1959,42.1,2975,64,1417,30.5,18162.82,3.91,756,16.3,1076,23.1,:,:,:,:,:
202021,Academic year,Local authority district,E92000001,England,E12000002,North West,St. Helens,E08000013,Revised,52,1930,93906.5,48.7,1855,96.1,907,47,1297,67.2,657,34,7956.78,4.12,359,18.6,500,25.9,:,:,:,:,:
202021,Academic year,Local authority district,E92000001,England,E12000002,North West,Sefton,E08000014,Revised,59,2669,134056,50.2,2596,97.3,1363,51.1,1933,72.4,858,32.1,11451.16,4.29,471,17.6,649,24.3,:,:,:,:,:
202021,Academic year,Local authority district,E92000001,England,E12000002,North West,Wirral,E08000015,Revised,46,3569,182505.25,51.1,3472,97.3,1825,51.1,2580,72.3,1821,51,16043.39,4.5,977,27.4,1341,37.6,:,:,:,:,:
202021,Academic year,Local authority district,E92000001,England,E12000003,Yorkshire and The Humber,Barnsley,E08000016,Revised,57,2573,121134,47.1,2512,97.6,1204,46.8,1736,67.5,904,35.1,10361.49,4.03,395,15.4,596,23.2,:,:,:,:,:
202021,Academic year,Local authority district,E92000001,England,E12000003,Yorkshire and The Humber,Doncaster,E08000017,Revised,55,3242,152495.5,47,3129,96.5,1510,46.6,2158,66.6,726,22.4,12738.87,3.93,416,12.8,577,17.8,:,:,:,:,:
202021,Academic year,Local authority district,E92000001,England,E12000003,Yorkshire and The Humber,Rotherham,E08000018,Revised,64,2923,142922.75,48.9,2856,97.7,1390,47.6,2052,70.2,659,22.5,11852.75,4.05,365,12.5,516,17.7,:,:,:,:,:
202021,Academic year,Local authority district,E92000001,England,E12000003,Yorkshire and The Humber,Sheffield,E08000019,Revised,63,5761,276990.5,48.1,5582,96.9,2727,47.3,3858,67,2236,38.8,24015.53,4.17,1150,20,1623,28.2,:,:,:,:,:
202021,Academic year,Local authority district,E92000001,England,E12000001,North East,Newcastle upon Tyne,E08000021,Revised,44,2573,122120.5,47.5,2476,96.2,1233,47.9,1751,68.1,983,38.2,10618.15,4.13,550,21.4,749,29.1,:,:,:,:,:
202021,Academic year,Local authority district,E92000001,England,E12000001,North East,North Tyneside,E08000022,Revised,42,2208,111132.5,50.3,2133,96.6,1175,53.2,1599,72.4,795,36,9689.78,4.39,451,20.4,633,28.7,:,:,:,:,:
202021,Academic year,Local authority district,E92000001,England,E12000001,North East,South Tyneside,E08000023,Revised,36,1536,71469.75,46.5,1436,93.5,683,44.5,1036,67.4,337,21.9,6019.56,3.92,194,12.6,275,17.9,:,:,:,:,:
202021,Academic year,Local authority district,E92000001,England,E12000001,North East,Sunderland,E08000024,Revised,60,2900,142524.5,49.1,2828,97.5,1441,49.7,2029,70,1094,37.7,12289.64,4.24,631,21.8,862,29.7,:,:,:,:,:
202021,Academic year,Local authority district,E92000001,England,E12000005,West Midlands,Birmingham,E08000025,Revised,186,14592,717402.67,49.2,14091,96.6,6977,47.8,10004,68.6,6347,43.5,63241.11,4.33,2979,20.4,4315,29.6,:,:,:,:,:
202021,Academic year,Local authority district,E92000001,England,E12000005,West Midlands,Coventry,E08000026,Revised,57,3811,183980,48.3,3690,96.8,1794,47.1,2603,68.3,1279,33.6,15965.42,4.19,636,16.7,899,23.6,:,:,:,:,:
202021,Academic year,Local authority district,E92000001,England,E12000005,West Midlands,Dudley,E08000027,Revised,92,3633,177214,48.8,3552,97.8,1752,48.2,2475,68.1,1095,30.1,15069.6,4.15,591,16.3,827,22.8,:,:,:,:,:
202021,Academic year,Local authority district,E92000001,England,E12000005,West Midlands,Sandwell,E08000028,Revised,121,4276,206859,48.4,4187,97.9,1862,43.5,2739,64.1,1389,32.5,17435.91,4.08,680,15.9,976,22.8,:,:,:,:,:
202021,Academic year,Local authority district,E92000001,England,E12000005,West Midlands,Solihull,E08000029,Revised,82,2311,123097.63,53.3,2237,96.8,1342,58.1,1785,77.2,1065,46.1,10879.34,4.71,643,27.8,870,37.6,:,:,:,:,:
202021,Academic year,Local authority district,E92000001,England,E12000005,West Midlands,Walsall,E08000030,Revised,113,3455,162109.5,46.9,3344,96.8,1472,42.6,2201,63.7,992,28.7,13618.91,3.94,479,13.9,706,20.4,:,:,:,:,:
202021,Academic year,Local authority district,E92000001,England,E12000005,West Midlands,Wolverhampton,E08000031,Revised,86,3180,156720,49.3,3087,97.1,1486,46.7,2146,67.5,917,28.8,13039.33,4.1,471,14.8,656,20.6,:,:,:,:,:
202021,Academic year,Local authority district,E92000001,England,E12000003,Yorkshire and The Humber,Bradford,E08000032,Revised,90,7421,347550.75,46.8,7157,96.4,3338,45,4836,65.2,2936,39.6,30039.58,4.05,1334,18,1903,25.6,:,:,:,:,:
202021,Academic year,Local authority district,E92000001,England,E12000003,Yorkshire and The Humber,Calderdale,E08000033,Revised,49,2473,127029,51.4,2411,97.5,1280,51.8,1777,71.9,639,25.8,10748.71,4.35,422,17.1,552,22.3,:,:,:,:,:
202021,Academic year,Local authority district,E92000001,England,E12000003,Yorkshire and The Humber,Kirklees,E08000034,Revised,71,5099,253009.5,49.6,4981,97.7,2568,50.4,3635,71.3,1854,36.4,21925.62,4.3,939,18.4,1383,27.1,:,:,:,:,:
202021,Academic year,Local authority district,E92000001,England,E12000003,Yorkshire and The Humber,Leeds,E08000035,Revised,102,8282,411635,49.7,8065,97.4,4228,51.1,5815,70.2,3173,38.3,35945.46,4.34,1778,21.5,2434,29.4,:,:,:,:,:
202021,Academic year,Local authority district,E92000001,England,E12000003,Yorkshire and The Humber,Wakefield,E08000036,Revised,65,3596,178259.5,49.6,3521,97.9,1837,51.1,2597,72.2,1176,32.7,15293.11,4.25,643,17.9,907,25.2,:,:,:,:,:
202021,Academic year,Local authority district,E92000001,England,E12000001,North East,Gateshead,E08000037,Revised,41,1839,93028,50.6,1775,96.5,970,52.7,1336,72.6,757,41.2,8148.88,4.43,455,24.7,620,33.7,:,:,:,:,:
202021,Academic year,Local authority district,E92000001,England,E13000001,Inner London,City of London,E09000001,Revised,14,22,1179.5,53.6,22,100,11,50,16,72.7,10,45.5,104.99,4.77,7,31.8,8,36.4,:,:,:,:,:
202021,Academic year,Local authority district,E92000001,England,E13000002,Outer London,Barking and Dagenham,E09000002,Revised,153,3254,167245.75,51.4,3147,96.7,1668,51.3,2330,71.6,1541,47.4,14839.39,4.56,770,23.7,1073,33,:,:,:,:,:
202021,Academic year,Local authority district,E92000001,England,E13000002,Outer London,Barnet,E09000003,Revised,128,3769,222628.25,59.1,3657,97,2527,67,3099,82.2,2189,58.1,20345.28,5.4,1454,38.6,1796,47.7,:,:,:,:,:
202021,Academic year,Local authority district,E92000001,England,E13000002,Outer London,Bexley,E09000004,Revised,93,2877,151920,52.8,2816,97.9,1599,55.6,2142,74.5,1146,39.8,13300.3,4.62,746,25.9,941,32.7,:,:,:,:,:
202021,Academic year,Local authority district,E92000001,England,E13000002,Outer London,Brent,E09000005,Revised,152,3612,192333.5,53.2,3530,97.7,2017,55.8,2701,74.8,2256,62.5,17757.45,4.92,1182,32.7,1591,44,:,:,:,:,:
202021,Academic year,Local authority district,E92000001,England,E13000002,Outer London,Bromley,E09000006,Revised,135,3317,185548,55.9,3226,97.3,2048,61.7,2647,79.8,1903,57.4,16874.35,5.09,1174,35.4,1534,46.2,:,:,:,:,:
202021,Academic year,Local authority district,E92000001,England,E13000001,Inner London,Camden,E09000007,Revised,92,1431,77539.5,54.2,1374,96,827,57.8,1114,77.8,769,53.7,7034.54,4.92,405,28.3,576,40.3,:,:,:,:,:
202021,Academic year,Local authority district,E92000001,England,E13000002,Outer London,Croydon,E09000008,Revised,157,4352,227038.25,52.2,4212,96.8,2345,53.9,3158,72.6,1878,43.2,20106.93,4.62,1018,23.4,1352,31.1,:,:,:,:,:
202021,Academic year,Local authority district,E92000001,England,E13000002,Outer London,Ealing,E09000009,Revised,139,3775,207182.25,54.9,3685,97.6,2263,59.9,2946,78,2218,58.8,19051.01,5.05,1269,33.6,1719,45.5,:,:,:,:,:
202021,Academic year,Local authority district,E92000001,England,E13000002,Outer London,Enfield,E09000010,Revised,148,4291,221383.29,51.6,4158,96.9,2264,52.8,3089,72,2704,63,20301.38,4.73,1179,27.5,1671,38.9,:,:,:,:,:
202021,Academic year,Local authority district,E92000001,England,E13000002,Outer London,Greenwich,E09000011,Revised,122,2961,153266,51.8,2891,97.6,1571,53.1,2109,71.2,1297,43.8,13556.54,4.58,725,24.5,966,32.6,:,:,:,:,:
202021,Academic year,Local authority district,E92000001,England,E13000001,Inner London,Hackney,E09000012,Revised,119,2336,125235.75,53.6,2259,96.7,1271,54.4,1699,72.7,1497,64.1,11503.87,4.92,764,32.7,1067,45.7,:,:,:,:,:
202021,Academic year,Local authority district,E92000001,England,E13000001,Inner London,Hammersmith and Fulham,E09000013,Revised,71,1147,63301.75,55.2,1112,96.9,688,60,897,78.2,690,60.2,5766.15,5.03,382,33.3,525,45.8,:,:,:,:,:
202021,Academic year,Local authority district,E92000001,England,E13000001,Inner London,Haringey,E09000014,Revised,124,2589,137199.63,53,2509,96.9,1438,55.5,1917,74,1241,47.9,12349.44,4.77,701,27.1,914,35.3,:,:,:,:,:
202021,Academic year,Local authority district,E92000001,England,E13000002,Outer London,Harrow,E09000015,Revised,107,2740,157842.5,57.6,2682,97.9,1752,63.9,2182,79.6,1759,64.2,14548.8,5.31,1038,37.9,1375,50.2,:,:,:,:,:
202021,Academic year,Local authority district,E92000001,England,E13000002,Outer London,Havering,E09000016,Revised,122,2934,154826.5,52.8,2861,97.5,1634,55.7,2235,76.2,1604,54.7,13819.1,4.71,772,26.3,1140,38.9,:,:,:,:,:
202021,Academic year,Local authority district,E92000001,England,E13000002,Outer London,Hillingdon,E09000017,Revised,139,3452,188070.25,54.5,3345,96.9,1988,57.6,2612,75.7,1666,48.3,16773.9,4.86,1016,29.4,1324,38.4,:,:,:,:,:
202021,Academic year,Local authority district,E92000001,England,E13000002,Outer London,Hounslow,E09000018,Revised,115,2969,160952.63,54.2,2877,96.9,1681,56.6,2238,75.4,1542,51.9,14524.43,4.89,860,29,1165,39.2,:,:,:,:,:
202021,Academic year,Local authority district,E92000001,England,E13000001,Inner London,Islington,E09000019,Revised,93,1500,79733,53.2,1450,96.7,838,55.9,1120,74.7,732,48.8,7161.29,4.77,424,28.3,566,37.7,:,:,:,:,:
202021,Academic year,Local authority district,E92000001,England,E13000001,Inner London,Kensington and Chelsea,E09000020,Revised,53,588,32900.5,56,565,96.1,339,57.7,457,77.7,301,51.2,2945.72,5.01,180,30.6,237,40.3,:,:,:,:,:
202021,Academic year,Local authority district,E92000001,England,E13000002,Outer London,Kingston upon Thames,E09000021,Revised,59,1644,95955.75,58.4,1586,96.5,1089,66.2,1345,81.8,978,59.5,8782.11,5.34,660,40.1,806,49,:,:,:,:,:
202021,Academic year,Local authority district,E92000001,England,E13000001,Inner London,Lambeth,E09000022,Revised,138,2560,136052.25,53.1,2486,97.1,1392,54.4,1892,73.9,1413,55.2,12369.06,4.83,759,29.6,1062,41.5,:,:,:,:,:
202021,Academic year,Local authority district,E92000001,England,E13000001,Inner London,Lewisham,E09000023,Revised,148,2978,155277,52.1,2891,97.1,1596,53.6,2133,71.6,1512,50.8,13957.37,4.69,798,26.8,1097,36.8,:,:,:,:,:
202021,Academic year,Local authority district,E92000001,England,E13000002,Outer London,Merton,E09000024,Revised,103,1924,108138.25,56.2,1871,97.2,1141,59.3,1469,76.4,981,51,9783.1,5.08,645,33.5,805,41.8,:,:,:,:,:
202021,Academic year,Local authority district,E92000001,England,E13000001,Inner London,Newham,E09000025,Revised,161,4226,229860.25,54.4,4130,97.7,2285,54.1,3126,74,2858,67.6,21014.44,4.97,1245,29.5,1799,42.6,:,:,:,:,:
202021,Academic year,Local authority district,E92000001,England,E13000002,Outer London,Redbridge,E09000026,Revised,147,3675,208357.5,56.7,3589,97.7,2342,63.7,2902,79,1675,45.6,18614.29,5.07,1092,29.7,1374,37.4,:,:,:,:,:
202021,Academic year,Local authority district,E92000001,England,E13000002,Outer London,Richmond upon Thames,E09000027,Revised,72,1500,91404.03,60.9,1473,98.2,1093,72.9,1298,86.5,903,60.2,8392,5.59,639,42.6,778,51.9,:,:,:,:,:
202021,Academic year,Local authority district,E92000001,England,E13000001,Inner London,Southwark,E09000028,Revised,120,2739,146665.5,53.5,2666,97.3,1512,55.2,2082,76,1625,59.3,13325.2,4.86,814,29.7,1176,42.9,:,:,:,:,:
202021,Academic year,Local authority district,E92000001,England,E13000002,Outer London,Sutton,E09000029,Revised,77,2251,129609.75,57.6,2189,97.2,1407,62.5,1830,81.3,1038,46.1,11626.27,5.16,713,31.7,890,39.5,:,:,:,:,:
202021,Academic year,Local authority district,E92000001,England,E13000001,Inner London,Tower Hamlets,E09000030,Revised,101,2877,153729.25,53.4,2783,96.7,1613,56.1,2200,76.5,1675,58.2,13812.98,4.8,815,28.3,1183,41.1,:,:,:,:,:
202021,Academic year,Local authority district,E92000001,England,E13000002,Outer London,Waltham Forest,E09000031,Revised,122,2933,155620.13,53.1,2833,96.6,1563,53.3,2095,71.4,1371,46.7,13867.02,4.73,687,23.4,967,33,:,:,:,:,:
202021,Academic year,Local authority district,E92000001,England,E13000001,Inner London,Wandsworth,E09000032,Revised,111,1848,100137.13,54.2,1768,95.7,1077,58.3,1417,76.7,1015,54.9,9124.81,4.94,585,31.7,779,42.2,:,:,:,:,:
202021,Academic year,Local authority district,E92000001,England,E13000001,Inner London,Westminster,E09000033,Revised,88,1159,63809.5,55.1,1124,97,697,60.1,918,79.2,716,61.8,5839.64,5.04,383,33,525,45.3,:,:,:,:,:
