time_period,time_identifier,version,geographic_level,country_code,country_name,school_characteristic,subject,qualification_type,subject_entry,total_level_1_pass,total_level_2_pass,percentage_achieving_level_1_pass,percentage_achieving_level_2_pass
202021,Academic year,Revised,National,E92000001,England,Alternative Provision,Animal Care,Vocational,12,11,11,92,92
202021,Academic year,Revised,National,E92000001,England,Alternative Provision,Any subject,Vocational,792,701,421,89,53
202021,Academic year,Revised,National,E92000001,England,Alternative Provision,Art & Design,Vocational,23,22,14,96,61
202021,Academic year,Revised,National,E92000001,England,Alternative Provision,Business,Vocational,88,79,32,90,36
202021,Academic year,Revised,National,E92000001,England,Alternative Provision,Childcare,Vocational,78,66,43,85,55
202021,Academic year,Revised,National,E92000001,England,Alternative Provision,Construction,Vocational,47,47,26,100,55
202021,Academic year,Revised,National,E92000001,England,Alternative Provision,Dance,Vocational,3,3,3,100,100
202021,Academic year,Revised,National,E92000001,England,Alternative Provision,Engineering,Vocational,13,11,3,85,23
202021,Academic year,Revised,National,E92000001,England,Alternative Provision,Hair/Personal Care,Vocational,1,1,1,100,100
202021,Academic year,Revised,National,E92000001,England,Alternative Provision,Health,Vocational,63,58,33,92,52
202021,Academic year,Revised,National,E92000001,England,Alternative Provision,Hospitality and Catering,Vocational,144,111,78,77,54
202021,Academic year,Revised,National,E92000001,England,Alternative Provision,Information and Communication Technology,Vocational,22,16,7,73,32
202021,Academic year,Revised,National,E92000001,England,Alternative Provision,Land Based Studies,Vocational,1,1,1,100,100
202021,Academic year,Revised,National,E92000001,England,Alternative Provision,Multimedia,Vocational,69,63,24,91,35
202021,Academic year,Revised,National,E92000001,England,Alternative Provision,Music,Vocational,36,32,29,89,81
202021,Academic year,Revised,National,E92000001,England,Alternative Provision,Speech & Drama,Vocational,17,16,6,94,35
202021,Academic year,Revised,National,E92000001,England,Alternative Provision,Sports,Vocational,303,275,160,91,53
202021,Academic year,Revised,National,E92000001,England,Alternative Provision,Tourism,Vocational,28,24,17,86,61
