﻿time_period,time_identifier,version,geographic_level,country_code,country_name,table,school_type,school_admission_type,school_religious_denomination,subject,2021_overall,2021_final_year,2021_penultimate_year,percentage_final_of_overall,percentage_penultimate_of_overall
202021,Academic year,Revised,National,E92000001,England,S6,All schools,Total,Total,Total,4533315,4432381,8765,97.8,0.2
202021,Academic year,Revised,National,E92000001,England,S6,All schools,Total,Total,Ancient History,1081,1078,0,99.7,0
202021,Academic year,Revised,National,E92000001,England,S6,All schools,Total,Total,Art and Design,194169,189396,717,97.5,0.4
202021,Academic year,Revised,National,E92000001,England,S6,All schools,Total,Total,Biblical Hebrew,609,106,0,17.4,0
202021,Academic year,Revised,National,E92000001,England,S6,All schools,Total,Total,Biology,167301,166342,104,99.4,0.1
202021,Academic year,Revised,National,E92000001,England,S6,All schools,Total,Total,Business,95150,93884,205,98.7,0.2
202021,Academic year,Revised,National,E92000001,England,S6,All schools,Total,Total,Chemistry,163901,163157,103,99.5,0.1
202021,Academic year,Revised,National,E92000001,England,S6,All schools,Total,Total,Classical Civilisation,3439,3423,1,99.5,0
202021,Academic year,Revised,National,E92000001,England,S6,All schools,Total,Total,Classical Greek,993,950,0,95.7,0
202021,Academic year,Revised,National,E92000001,England,S6,All schools,Total,Total,Combined Science,416858,416603,5,99.9,0
202021,Academic year,Revised,National,E92000001,England,S6,All schools,Total,Total,Computer Science,77154,75881,72,98.4,0.1
202021,Academic year,Revised,National,E92000001,England,S6,All schools,Total,Total,Dance,8832,8330,79,94.3,0.9
202021,Academic year,Revised,National,E92000001,England,S6,All schools,Total,Total,Design & Technology,82460,81035,109,98.3,0.1
202021,Academic year,Revised,National,E92000001,England,S6,All schools,Total,Total,Drama,57141,56247,170,98.4,0.3
202021,Academic year,Revised,National,E92000001,England,S6,All schools,Total,Total,Economics,6541,6291,0,96.2,0
202021,Academic year,Revised,National,E92000001,England,S6,All schools,Total,Total,Engineering,2512,2500,2,99.5,0.1
202021,Academic year,Revised,National,E92000001,England,S6,All schools,Total,Total,English Language,588889,582481,33,98.9,0
202021,Academic year,Revised,National,E92000001,England,S6,All schools,Total,Total,English Literature,574593,550159,26,95.7,0
202021,Academic year,Revised,National,E92000001,England,S6,All schools,Total,Total,Film Studies,4974,4804,44,96.6,0.9
202021,Academic year,Revised,National,E92000001,England,S6,All schools,Total,Total,Food Preparation & Nutrition,49591,48725,138,98.3,0.3
202021,Academic year,Revised,National,E92000001,England,S6,All schools,Total,Total,French,125075,122767,1036,98.2,0.8
202021,Academic year,Revised,National,E92000001,England,S6,All schools,Total,Total,Geography,267434,265897,263,99.4,0.1
202021,Academic year,Revised,National,E92000001,England,S6,All schools,Total,Total,German,37114,36448,272,98.2,0.7
202021,Academic year,Revised,National,E92000001,England,S6,All schools,Total,Total,History,277837,276119,163,99.4,0.1
202021,Academic year,Revised,National,E92000001,England,S6,All schools,Total,Total,Latin,8949,8515,46,95.2,0.5
202021,Academic year,Revised,National,E92000001,England,S6,All schools,Total,Total,Mathematics,584942,582966,180,99.7,0
202021,Academic year,Revised,National,E92000001,England,S6,All schools,Total,Total,Media/Film/TV,27514,26773,71,97.3,0.3
202021,Academic year,Revised,National,E92000001,England,S6,All schools,Total,Total,Music,35468,34797,114,98.1,0.3
202021,Academic year,Revised,National,E92000001,England,S6,All schools,Total,Total,Other Modern Languages,24610,17846,1802,72.5,7.3
202021,Academic year,Revised,National,E92000001,England,S6,All schools,Total,Total,Other Sciences,2513,1868,115,74.3,4.6
202021,Academic year,Revised,National,E92000001,England,S6,All schools,Total,Total,Physical Education,70877,69804,31,98.5,0
202021,Academic year,Revised,National,E92000001,England,S6,All schools,Total,Total,Physics,162932,162558,75,99.8,0
202021,Academic year,Revised,National,E92000001,England,S6,All schools,Total,Total,Religious Studies,223827,203535,459,90.9,0.2
202021,Academic year,Revised,National,E92000001,England,S6,All schools,Total,Total,Social Studies,57752,52923,568,91.6,1
202021,Academic year,Revised,National,E92000001,England,S6,All schools,Total,Total,Spanish,109764,107061,1012,97.5,0.9
202021,Academic year,Revised,National,E92000001,England,S6,All schools,Total,Total,Statistics,20519,11112,750,54.2,3.7
