time_period,time_identifier,version,geographic_level,country_code,country_name,school_characteristic,subject,qualification_type,total_exam_entries,9,8,7,6,5,4,3,2,1,99,98,88,87,77,76,66,65,55,54,44,43,33,32,22,21,11,U,X
202021,Academic year,Revised,National,E92000001,England,Alternative Provision,Any classical study,GCSE,8,2,3,0,0,0,1,0,0,2,0,0,0,0,0,0,0,0,0,0,0,0,0,0,0,0,0,0,0
202021,Academic year,Revised,National,E92000001,England,Alternative Provision,Any design & technology,GCSE,187,1,0,2,15,24,30,35,26,28,0,0,0,0,0,0,0,0,0,0,0,0,0,0,0,0,0,17,9
202021,Academic year,Revised,National,E92000001,England,Alternative Provision,Any English,GCSE,5573,12,55,74,233,496,947,1108,1040,841,0,0,0,0,0,0,0,0,0,0,0,0,0,0,0,0,0,357,410
202021,Academic year,Revised,National,E92000001,England,Alternative Provision,Any mathematics,GCSE,4745,8,21,49,78,449,883,928,1002,779,0,0,0,0,0,0,0,0,0,0,0,0,0,0,0,0,0,279,269
202021,Academic year,Revised,National,E92000001,England,Alternative Provision,Any modern language,GCSE,104,24,20,11,10,16,12,1,3,1,0,0,0,0,0,0,0,0,0,0,0,0,0,0,0,0,0,2,4
202021,Academic year,Revised,National,E92000001,England,Alternative Provision,Any science,GCSE,2743,22,16,35,33,127,249,311,288,181,6,3,5,5,19,19,25,13,90,51,132,122,140,119,142,95,130,199,166
202021,Academic year,Revised,National,E92000001,England,Alternative Provision,Any subject,GCSE,5035,0,0,0,0,0,0,0,0,0,0,0,0,0,0,0,0,0,0,0,0,0,0,0,0,0,0,0,0
202021,Academic year,Revised,National,E92000001,England,Alternative Provision,Art and Design,GCSE,1470,6,16,48,125,172,349,283,231,168,0,0,0,0,0,0,0,0,0,0,0,0,0,0,0,0,0,32,40
202021,Academic year,Revised,National,E92000001,England,Alternative Provision,Biology,GCSE,1157,6,6,11,17,100,191,258,255,157,0,0,0,0,0,0,0,0,0,0,0,0,0,0,0,0,0,74,82
202021,Academic year,Revised,National,E92000001,England,Alternative Provision,Business,GCSE,111,2,7,8,5,9,20,14,12,14,0,0,0,0,0,0,0,0,0,0,0,0,0,0,0,0,0,16,4
202021,Academic year,Revised,National,E92000001,England,Alternative Provision,Chemistry,GCSE,155,8,4,12,9,13,17,23,21,14,0,0,0,0,0,0,0,0,0,0,0,0,0,0,0,0,0,27,7
202021,Academic year,Revised,National,E92000001,England,Alternative Provision,Classical Civilisation,GCSE,5,1,1,0,0,0,1,0,0,2,0,0,0,0,0,0,0,0,0,0,0,0,0,0,0,0,0,0,0
202021,Academic year,Revised,National,E92000001,England,Alternative Provision,Combined Science,GCSE,1269,0,0,0,0,0,0,0,0,0,6,3,5,5,19,19,25,13,90,51,132,122,140,119,142,95,130,85,68
202021,Academic year,Revised,National,E92000001,England,Alternative Provision,Computer Science,GCSE,29,2,1,4,1,0,9,2,3,5,0,0,0,0,0,0,0,0,0,0,0,0,0,0,0,0,0,1,1
202021,Academic year,Revised,National,E92000001,England,Alternative Provision,Dance,GCSE,1,0,0,0,1,0,0,0,0,0,0,0,0,0,0,0,0,0,0,0,0,0,0,0,0,0,0,0,0
202021,Academic year,Revised,National,E92000001,England,Alternative Provision,Design & Technology,GCSE,64,1,0,0,4,9,10,6,15,10,0,0,0,0,0,0,0,0,0,0,0,0,0,0,0,0,0,3,6
202021,Academic year,Revised,National,E92000001,England,Alternative Provision,Drama,GCSE,23,0,0,2,2,3,1,2,5,5,0,0,0,0,0,0,0,0,0,0,0,0,0,0,0,0,0,2,1
202021,Academic year,Revised,National,E92000001,England,Alternative Provision,Economics,GCSE,1,0,0,0,0,0,0,0,0,1,0,0,0,0,0,0,0,0,0,0,0,0,0,0,0,0,0,0,0
202021,Academic year,Revised,National,E92000001,England,Alternative Provision,Engineering,GCSE,4,0,0,0,0,1,1,2,0,0,0,0,0,0,0,0,0,0,0,0,0,0,0,0,0,0,0,0,0
202021,Academic year,Revised,National,E92000001,England,Alternative Provision,English & mathematics,GCSE,4124,0,0,0,0,0,0,0,0,0,0,0,0,0,0,0,0,0,0,0,0,0,0,0,0,0,0,0,0
202021,Academic year,Revised,National,E92000001,England,Alternative Provision,English Language,GCSE,4288,6,45,55,169,377,724,898,819,628,0,0,0,0,0,0,0,0,0,0,0,0,0,0,0,0,0,283,284
202021,Academic year,Revised,National,E92000001,England,Alternative Provision,English Literature,GCSE,1285,6,10,19,64,119,223,210,221,213,0,0,0,0,0,0,0,0,0,0,0,0,0,0,0,0,0,74,126
202021,Academic year,Revised,National,E92000001,England,Alternative Provision,"English, mathematics & science",GCSE,2248,0,0,0,0,0,0,0,0,0,0,0,0,0,0,0,0,0,0,0,0,0,0,0,0,0,0,0,0
202021,Academic year,Revised,National,E92000001,England,Alternative Provision,Film Studies,GCSE,7,1,0,0,1,2,0,0,2,0,0,0,0,0,0,0,0,0,0,0,0,0,0,0,0,0,0,1,0
202021,Academic year,Revised,National,E92000001,England,Alternative Provision,Food Preparation & Nutrition,GCSE,123,0,0,2,11,15,20,29,11,18,0,0,0,0,0,0,0,0,0,0,0,0,0,0,0,0,0,14,3
202021,Academic year,Revised,National,E92000001,England,Alternative Provision,French,GCSE,24,4,4,4,2,4,2,0,1,0,0,0,0,0,0,0,0,0,0,0,0,0,0,0,0,0,0,1,2
202021,Academic year,Revised,National,E92000001,England,Alternative Provision,Geography,GCSE,174,3,3,4,13,15,28,26,30,32,0,0,0,0,0,0,0,0,0,0,0,0,0,0,0,0,0,14,6
202021,Academic year,Revised,National,E92000001,England,Alternative Provision,German,GCSE,6,0,0,2,0,2,2,0,0,0,0,0,0,0,0,0,0,0,0,0,0,0,0,0,0,0,0,0,0
202021,Academic year,Revised,National,E92000001,England,Alternative Provision,History,GCSE,260,3,7,8,22,36,34,47,43,25,0,0,0,0,0,0,0,0,0,0,0,0,0,0,0,0,0,13,22
202021,Academic year,Revised,National,E92000001,England,Alternative Provision,Latin,GCSE,3,1,2,0,0,0,0,0,0,0,0,0,0,0,0,0,0,0,0,0,0,0,0,0,0,0,0,0,0
202021,Academic year,Revised,National,E92000001,England,Alternative Provision,Mathematics,GCSE,4745,8,21,49,78,449,883,928,1002,779,0,0,0,0,0,0,0,0,0,0,0,0,0,0,0,0,0,279,269
202021,Academic year,Revised,National,E92000001,England,Alternative Provision,Mathematics & science,GCSE,2405,0,0,0,0,0,0,0,0,0,0,0,0,0,0,0,0,0,0,0,0,0,0,0,0,0,0,0,0
202021,Academic year,Revised,National,E92000001,England,Alternative Provision,Media/Film/TV,GCSE,48,0,1,1,3,6,14,11,7,0,0,0,0,0,0,0,0,0,0,0,0,0,0,0,0,0,0,1,4
202021,Academic year,Revised,National,E92000001,England,Alternative Provision,Music,GCSE,21,1,1,0,3,4,1,0,5,3,0,0,0,0,0,0,0,0,0,0,0,0,0,0,0,0,0,2,1
202021,Academic year,Revised,National,E92000001,England,Alternative Provision,Other Modern Languages,GCSE,35,13,11,1,4,2,2,0,1,0,0,0,0,0,0,0,0,0,0,0,0,0,0,0,0,0,0,0,1
202021,Academic year,Revised,National,E92000001,England,Alternative Provision,Physical Education,GCSE,53,0,0,1,4,5,12,11,9,6,0,0,0,0,0,0,0,0,0,0,0,0,0,0,0,0,0,1,4
202021,Academic year,Revised,National,E92000001,England,Alternative Provision,Physics,GCSE,133,6,5,8,6,14,32,28,9,5,0,0,0,0,0,0,0,0,0,0,0,0,0,0,0,0,0,12,8
202021,Academic year,Revised,National,E92000001,England,Alternative Provision,Religious Studies,GCSE,191,5,4,10,19,22,31,36,25,12,0,0,0,0,0,0,0,0,0,0,0,0,0,0,0,0,0,13,14
202021,Academic year,Revised,National,E92000001,England,Alternative Provision,Social Studies,GCSE,582,6,15,24,32,52,112,95,101,73,0,0,0,0,0,0,0,0,0,0,0,0,0,0,0,0,0,50,22
202021,Academic year,Revised,National,E92000001,England,Alternative Provision,Spanish,GCSE,39,7,5,4,4,8,6,1,1,1,0,0,0,0,0,0,0,0,0,0,0,0,0,0,0,0,0,1,1
202021,Academic year,Revised,National,E92000001,England,Alternative Provision,Statistics,GCSE,227,2,5,2,0,22,49,31,35,37,0,0,0,0,0,0,0,0,0,0,0,0,0,0,0,0,0,24,20
