﻿time_period,time_identifier,geographic_level,country_code,country_name,region_code,region_name,old_la_code,new_la_code,la_name,version,school_characteristic,breakdown,characteristic_gender,characteristic_admission_type,characteristic_religious_denomination,t_schools,t_pupils,t_att8,avg_att8,t_entbasics,pt_entbasics,t_l2basics_95,pt_l2basics_95,t_l2basics_94,pt_l2basics_94,t_ebacc_e_ptq_ee,pt_ebacc_e_ptq_ee,t_ebacc_95,pt_ebacc_95,t_ebacc_94,pt_ebacc_94,t_ebaccaps,avg_ebaccaps,t_inp8calc,t_p8score,avg_p8score,p8score_ci_low,p8score_ci_upp,t_p8eng,avg_p8eng,p8eng_ci_low,p8eng_ci_upp,t_p8mat,avg_p8mat,p8mat_ci_low,p8mat_ci_upp,t_p8ebac,avg_p8ebac,p8ebac_ci_low,p8ebac_ci_upp,t_p8open,avg_p8open,p8open_ci_low,p8open_ci_upp,t_entry_1,pt_entry_1,t_anypass,pt_anypass,t_ebaceng_e,pt_ebaceng_e,t_ebacmat_e,pt_ebacmat_e,t_ebac2sci_e,pt_ebac2sci_e,t_ebachum_e,pt_ebachum_e,t_ebaclan_e,pt_ebaclan_e,t_ebaceng_95,pt_ebaceng_95,t_ebacmat_95,pt_ebacmat_95,t_ebac2sci_95,pt_ebac2sci_95,t_ebachum_95,pt_ebachum_95,t_ebaclan_95,pt_ebaclan_95,t_ebaceng_94,pt_ebaceng_94,t_ebacmat_94,pt_ebacmat_94,t_ebac2sci_94,pt_ebac2sci_94,t_ebachum_94,pt_ebachum_94,t_ebaclan_94,pt_ebaclan_94,t_ebptseng_ll,avg_ebptseng_ll,t_ebptsmat,avg_ebptsmat,t_ebptssci,avg_ebptssci,t_ebptshum,avg_ebptshum,t_ebptslan,avg_ebptslan,t_att8_eng,avg_att8_eng,t_att8_mat,avg_att8_mat,t_att8_ebac,avg_att8_ebac,t_att8_open,avg_att8_open,t_att8_open_g,avg_att8_open_g,t_att8_open_ng,avg_att8_open_ng,t_ebac_fill,avg_ebac_fill,t_open_fill,avg_open_fill
202021,Academic year,National,E92000001,England,,,,,,Revised,Alternative Provision,Total,Total,Total,Total,413,7803,68853.13,8.8,3873,49.6,344,4.4,962,12.3,19,0.2,6,0.1,11,0.1,4326.54,0.55,:,:,:,:,:,:,:,:,:,:,:,:,:,:,:,:,:,:,:,:,:,4911,62.9,4691,60.1,1090,14,4478,57.4,1265,16.2,389,5,91,1.2,322,4.1,607,7.8,212,16.8,109,28,74,81.3,570,7.3,1490,19.1,403,31.9,168,43.2,86,94.5,4003,0.51,12416.5,1.59,3820.5,0.49,1295,0.17,600,0.08,15972,2,24833,3.2,12884.75,1.7,15163.38,1.9,12437.88,1.6,2725.5,0.3,3907,0.5,4344,0.6
202021,Academic year,Regional,E92000001,England,E12000001,North East,,,,Revised,Alternative Provision,Total,Total,Total,Total,24,591,5964.25,10.1,378,64,28,4.7,80,13.5,2,0.3,2,0.3,2,0.3,391.23,0.66,:,:,:,:,:,:,:,:,:,:,:,:,:,:,:,:,:,:,:,:,:,430,72.8,419,70.9,140,23.7,406,68.7,148,25,14,2.4,2,0.3,33,5.6,46,7.8,14,9.5,5,35.7,2,100,65,11,112,19,29,19.6,5,35.7,2,100,482,0.82,1078,1.82,365.5,0.62,43,0.07,13,0.02,1565,2.6,2156,3.6,868,1.5,1375.25,2.3,980,1.7,395.25,0.7,303,0.5,443,0.7
202021,Academic year,Regional,E92000001,England,E12000002,North West,,,,Revised,Alternative Provision,Total,Total,Total,Total,61,1330,10385.25,7.8,715,53.8,48,3.6,159,12,2,0.2,0,0,1,0.1,621.83,0.47,:,:,:,:,:,:,:,:,:,:,:,:,:,:,:,:,:,:,:,:,:,859,64.6,797,59.9,142,10.7,814,61.2,162,12.2,32,2.4,6,0.5,42,3.2,93,7,22,13.6,11,34.4,4,66.7,72,5.4,253,19,51,31.5,13,40.6,6,100,518,0.39,2121,1.59,481,0.36,95,0.07,34,0.03,2566,1.9,4242,3.2,1721.5,1.3,1855.75,1.4,1571.5,1.2,284.25,0.2,561,0.4,553,0.4
202021,Academic year,Regional,E92000001,England,E12000003,Yorkshire and The Humber,,,,Revised,Alternative Provision,Total,Total,Total,Total,43,680,5646.75,8.3,396,58.2,17,2.5,61,9,1,0.1,0,0,0,0,319.42,0.47,:,:,:,:,:,:,:,:,:,:,:,:,:,:,:,:,:,:,:,:,:,454,66.8,439,64.6,136,20,421,61.9,57,8.4,37,5.4,6,0.9,23,3.4,25,3.7,13,22.8,6,16.2,4,66.7,46,6.8,98,14.4,24,42.1,10,27,5,83.3,395,0.58,1013,1.49,186,0.27,98,0.14,38,0.06,1416,2.1,2026,3,826,1.2,1378.75,2,1194,1.8,184.75,0.3,258,0.4,473,0.7
202021,Academic year,Regional,E92000001,England,E12000004,East Midlands,,,,Revised,Alternative Provision,Total,Total,Total,Total,24,519,3585.63,6.9,223,43,10,1.9,37,7.1,0,0,0,0,0,0,211.22,0.41,:,:,:,:,:,:,:,:,:,:,:,:,:,:,:,:,:,:,:,:,:,264,50.9,257,49.5,88,17,239,46.1,44,8.5,34,6.6,2,0.4,17,3.3,16,3.1,4,9.1,4,11.8,2,100,36,6.9,65,12.5,8,18.2,10,29.4,2,100,295,0.57,626,1.21,114,0.22,101,0.19,17,0.03,956,1.8,1252,2.4,461,0.9,916.63,1.8,776.88,1.5,139.75,0.3,161,0.3,267,0.5
202021,Academic year,Regional,E92000001,England,E12000005,West Midlands,,,,Revised,Alternative Provision,Total,Total,Total,Total,48,818,6719.5,8.2,412,50.4,33,4,99,12.1,0,0,0,0,0,0,432.33,0.53,:,:,:,:,:,:,:,:,:,:,:,:,:,:,:,:,:,:,:,:,:,524,64.1,490,59.9,79,9.7,455,55.6,206,25.2,48,5.9,4,0.5,26,3.2,63,7.7,16,7.8,10,20.8,4,100,43,5.3,153,18.7,39,18.9,17,35.4,4,100,292,0.36,1210,1.48,466.5,0.57,129,0.16,30,0.04,1519,1.9,2420,3,1381,1.7,1399.5,1.7,1044,1.3,355.5,0.4,497,0.6,423,0.5
202021,Academic year,Regional,E92000001,England,E12000006,East of England,,,,Revised,Alternative Provision,Total,Total,Total,Total,41,662,6292,9.5,327,49.4,31,4.7,91,13.7,0,0,0,0,0,0,386.97,0.58,:,:,:,:,:,:,:,:,:,:,:,:,:,:,:,:,:,:,:,:,:,457,69,439,66.3,91,13.7,388,58.6,109,16.5,20,3,7,1.1,34,5.1,58,8.8,17,15.6,9,45,6,85.7,64,9.7,146,22.1,43,39.4,10,50,6,85.7,402,0.61,1107,1.67,346.5,0.52,75,0.11,44,0.07,1451,2.2,2214,3.3,1295,2,1332,2,949,1.4,383,0.6,393,0.6,332,0.5
202021,Academic year,Regional,E92000001,England,E13000001,Inner London,,,,Revised,Alternative Provision,Total,Total,Total,Total,32,715,7580.75,10.6,337,47.1,46,6.4,125,17.5,1,0.1,0,0,1,0.1,480.36,0.67,:,:,:,:,:,:,:,:,:,:,:,:,:,:,:,:,:,:,:,:,:,441,61.7,436,61,96,13.4,407,56.9,130,18.2,35,4.9,15,2.1,29,4.1,77,10.8,35,26.9,15,42.9,12,80,54,7.6,171,23.9,60,46.2,23,65.7,14,93.3,366,0.51,1311,1.83,484,0.68,149,0.21,88,0.12,1633,2.3,2622,3.7,1360.5,1.9,1965.25,2.7,1627.5,2.3,337.75,0.5,353,0.5,512,0.7
202021,Academic year,Regional,E92000001,England,E13000002,Outer London,,,,Revised,Alternative Provision,Total,Total,Total,Total,42,901,8746.75,9.7,305,33.9,57,6.3,113,12.5,8,0.9,3,0.3,4,0.4,599.58,0.67,:,:,:,:,:,:,:,:,:,:,:,:,:,:,:,:,:,:,:,:,:,494,54.8,480,53.3,126,14,444,49.3,130,14.4,82,9.1,26,2.9,56,6.2,105,11.7,55,42.3,20,24.4,24,92.3,86,9.5,194,21.5,74,56.9,36,43.9,24,92.3,539,0.6,1457,1.62,565,0.63,279,0.31,192,0.21,1673,1.9,2914,3.2,2024,2.2,2135.75,2.4,1859,2.1,276.75,0.3,481,0.5,543,0.6
202021,Academic year,Regional,E92000001,England,E12000008,South East,,,,Revised,Alternative Provision,Total,Total,Total,Total,51,840,6878,8.2,369,43.9,33,3.9,82,9.8,2,0.2,0,0,1,0.1,468.75,0.56,:,:,:,:,:,:,:,:,:,:,:,:,:,:,:,:,:,:,:,:,:,489,58.2,464,55.2,83,9.9,438,52.1,163,19.4,49,5.8,19,2.3,21,2.5,59,7,23,14.1,22,44.9,15,78.9,38,4.5,131,15.6,47,28.8,28,57.1,19,100,279,0.33,1178.5,1.4,511,0.61,207,0.25,126,0.15,1440,1.7,2357,2.8,1614.75,1.9,1466.25,1.7,1226,1.5,240.25,0.3,475,0.6,415,0.5
202021,Academic year,Regional,E92000001,England,E12000009,South West,,,,Revised,Alternative Provision,Total,Total,Total,Total,47,747,7054.25,9.4,411,55,41,5.5,115,15.4,3,0.4,1,0.1,2,0.3,414.85,0.56,:,:,:,:,:,:,:,:,:,:,:,:,:,:,:,:,:,:,:,:,:,499,66.8,470,62.9,109,14.6,466,62.4,116,15.5,38,5.1,4,0.5,41,5.5,65,8.7,13,11.2,7,18.4,1,25,66,8.8,167,22.4,28,24.1,16,42.1,4,100,435,0.58,1315,1.76,301,0.4,119,0.16,18,0.02,1753,2.3,2630,3.5,1333,1.8,1338.25,1.8,1210,1.6,128.25,0.2,425,0.6,383,0.5
202021,Academic year,Local authority,E92000001,England,E12000001,North East,929,E06000057,Northumberland,Revised,Alternative Provision,Total,Total,Total,Total,1,84,c,c,c,c,c,c,c,c,c,c,c,c,c,c,c,c,:,:,:,:,:,:,:,:,:,:,:,:,:,:,:,:,:,:,:,:,:,c,c,c,c,c,c,c,c,c,c,c,c,c,c,c,c,c,c,c,c,c,c,c,c,c,c,c,c,c,c,c,c,c,c,c,c,c,c,c,c,c,c,c,c,c,c,c,c,c,c,c,c,c,c,c,c,c,c,c,c
202021,Academic year,Local authority,E92000001,England,E12000001,North East,840,E06000047,County Durham,Revised,Alternative Provision,Total,Total,Total,Total,3,86,646,7.5,45,52.3,2,2.3,10,11.6,0,0,0,0,0,0,44.35,0.52,:,:,:,:,:,:,:,:,:,:,:,:,:,:,:,:,:,:,:,:,:,56,65.1,56,65.1,7,8.1,56,65.1,17,19.8,0,0,0,0,3,3.5,4,4.7,0,0,0,0,0,0,6,7,12,14,5,29.4,0,0,0,0,32,0.37,132,1.53,51,0.59,0,0,0,0,156,1.8,264,3.1,131,1.5,95,1.1,95,1.1,0,0,44,0.5,34,0.4
202021,Academic year,Local authority,E92000001,England,E12000001,North East,841,E06000005,Darlington,Revised,Alternative Provision,Total,Total,Total,Total,2,20,134.5,6.7,9,45,0,0,2,10,0,0,0,0,0,0,6.85,0.34,:,:,:,:,:,:,:,:,:,:,:,:,:,:,:,:,:,:,:,:,:,12,60,12,60,3,15,10,50,0,0,0,0,0,0,1,5,0,0,0,0,0,0,0,0,3,15,4,20,0,0,0,0,0,0,14,0.7,27,1.35,0,0,0,0,0,0,43,2.1,54,2.7,10,0.5,27.5,1.4,26,1.3,1.5,0.1,2,0.1,9,0.5
202021,Academic year,Local authority,E92000001,England,E12000001,North East,805,E06000001,Hartlepool,Revised,Alternative Provision,Total,Total,Total,Total,2,15,192,12.8,9,60,0,0,2,13.3,0,0,0,0,0,0,13.84,0.92,:,:,:,:,:,:,:,:,:,:,:,:,:,:,:,:,:,:,:,:,:,9,60,9,60,7,46.7,9,60,7,46.7,0,0,0,0,3,20,0,0,0,0,0,0,0,0,3,20,2,13.3,0,0,0,0,0,0,22,1.47,24,1.6,18.5,1.23,0,0,0,0,47,3.1,48,3.2,41,2.7,56,3.7,56,3.7,0,0,15,1,19,1.3
202021,Academic year,Local authority,E92000001,England,E12000001,North East,806,E06000002,Middlesbrough,Revised,Alternative Provision,Total,Total,Total,Total,2,53,860.25,16.2,33,62.3,5,9.4,11,20.8,0,0,0,0,0,0,59.17,1.12,:,:,:,:,:,:,:,:,:,:,:,:,:,:,:,:,:,:,:,:,:,35,66,34,64.2,30,56.6,34,64.2,29,54.7,1,1.9,0,0,5,9.4,10,18.9,3,10.3,1,100,0,0,13,24.5,13,24.5,6,20.7,1,100,0,0,98,1.85,113,2.13,69.5,1.31,5,0.09,0,0,201,3.8,226,4.3,144,2.7,289.25,5.5,146,2.8,143.25,2.7,59,1.1,81,1.5
202021,Academic year,Local authority,E92000001,England,E12000001,North East,807,E06000003,Redcar and Cleveland,Revised,Alternative Provision,Total,Total,Total,Total,2,40,452.75,11.3,34,85,0,0,5,12.5,0,0,0,0,0,0,21.33,0.53,:,:,:,:,:,:,:,:,:,:,:,:,:,:,:,:,:,:,:,:,:,36,90,34,85,12,30,34,85,0,0,6,15,0,0,0,0,1,2.5,0,0,0,0,0,0,7,17.5,9,22.5,0,0,0,0,0,0,43,1.07,76,1.9,0,0,9,0.23,0,0,131,3.3,152,3.8,19,0.5,150.75,3.8,62,1.6,88.75,2.2,11,0.3,53,1.3
202021,Academic year,Local authority,E92000001,England,E12000001,North East,808,E06000004,Stockton-on-Tees,Revised,Alternative Provision,Total,Total,Total,Total,2,38,329,8.7,24,63.2,0,0,1,2.6,0,0,0,0,0,0,28.99,0.76,:,:,:,:,:,:,:,:,:,:,:,:,:,:,:,:,:,:,:,:,:,24,63.2,21,55.3,10,26.3,24,63.2,21,55.3,0,0,0,0,1,2.6,0,0,1,4.8,0,0,0,0,3,7.9,1,2.6,3,14.3,0,0,0,0,25,0.66,51,1.34,49,1.29,0,0,0,0,67,1.8,102,2.7,98,2.6,62,1.6,62,1.6,0,0,36,0.9,28,0.7
202021,Academic year,Local authority,E92000001,England,E12000001,North East,393,E08000023,South Tyneside,Revised,Alternative Provision,Total,Total,Total,Total,1,13,c,c,c,c,c,c,c,c,c,c,c,c,c,c,c,c,:,:,:,:,:,:,:,:,:,:,:,:,:,:,:,:,:,:,:,:,:,c,c,c,c,c,c,c,c,c,c,c,c,c,c,c,c,c,c,c,c,c,c,c,c,c,c,c,c,c,c,c,c,c,c,c,c,c,c,c,c,c,c,c,c,c,c,c,c,c,c,c,c,c,c,c,c,c,c,c,c
202021,Academic year,Local authority,E92000001,England,E12000001,North East,394,E08000024,Sunderland,Revised,Alternative Provision,Total,Total,Total,Total,2,50,647.5,12.9,44,88,2,4,5,10,0,0,0,0,0,0,52.66,1.05,:,:,:,:,:,:,:,:,:,:,:,:,:,:,:,:,:,:,:,:,:,44,88,44,88,30,60,44,88,25,50,0,0,0,0,2,4,3,6,1,4,0,0,0,0,5,10,8,16,3,12,0,0,0,0,77,1.54,106,2.12,66.5,1.33,0,0,0,0,178,3.6,212,4.2,133,2.7,124.5,2.5,111,2.2,13.5,0.3,50,1,57,1.1
202021,Academic year,Local authority,E92000001,England,E12000001,North East,390,E08000037,Gateshead,Revised,Alternative Provision,Total,Total,Total,Total,2,54,704.25,13,41,75.9,4,7.4,7,13,1,1.9,1,1.9,1,1.9,54.7,1.01,:,:,:,:,:,:,:,:,:,:,:,:,:,:,:,:,:,:,:,:,:,43,79.6,43,79.6,15,27.8,42,77.8,37,68.5,2,3.7,1,1.9,4,7.4,9,16.7,4,10.8,1,50,1,100,9,16.7,10,18.5,7,18.9,1,50,1,100,55,1.02,117,2.17,69.5,1.29,9,0.17,8,0.15,144,2.7,234,4.3,148,2.7,178.25,3.3,133,2.5,45.25,0.8,49,0.9,55,1
202021,Academic year,Local authority,E92000001,England,E12000001,North East,391,E08000021,Newcastle upon Tyne,Revised,Alternative Provision,Total,Total,Total,Total,3,57,558,9.8,25,43.9,4,7,7,12.3,1,1.8,1,1.8,1,1.8,29.66,0.52,:,:,:,:,:,:,:,:,:,:,:,:,:,:,:,:,:,:,:,:,:,42,73.7,42,73.7,10,17.5,30,52.6,1,1.8,4,7,1,1.8,8,14,5,8.8,1,100,3,75,1,100,9,15.8,10,17.5,1,100,3,75,1,100,55,0.96,85,1.49,6.5,0.11,20,0.35,5,0.09,199,3.5,170,3,70,1.2,119,2.1,86,1.5,33,0.6,17,0.3,27,0.5
202021,Academic year,Local authority,E92000001,England,E12000001,North East,392,E08000022,North Tyneside,Revised,Alternative Provision,Total,Total,Total,Total,2,81,820.75,10.1,61,75.3,5,6.2,18,22.2,0,0,0,0,0,0,41.04,0.51,:,:,:,:,:,:,:,:,:,:,:,:,:,:,:,:,:,:,:,:,:,71,87.7,67,82.7,6,7.4,69,85.2,7,8.6,1,1.2,0,0,3,3.7,7,8.6,1,14.3,0,0,0,0,4,4.9,26,32.1,1,14.3,0,0,0,0,24,0.3,197,2.43,12.5,0.15,0,0,0,0,215,2.7,394,4.9,25,0.3,186.75,2.3,159,2,27.75,0.3,10,0.1,50,0.6
202021,Academic year,Local authority,E92000001,England,E12000002,North West,340,E08000011,Knowsley,Revised,Alternative Provision,Total,Total,Total,Total,2,21,103,4.9,8,38.1,0,0,1,4.8,0,0,0,0,0,0,4.35,0.21,:,:,:,:,:,:,:,:,:,:,:,:,:,:,:,:,:,:,:,:,:,12,57.1,11,52.4,1,4.8,11,52.4,1,4.8,0,0,0,0,0,0,0,0,0,0,0,0,0,0,0,0,2,9.5,0,0,0,0,0,0,3,0.14,21,1,1,0.05,0,0,0,0,27,1.3,42,2,2,0.1,32,1.5,32,1.5,0,0,2,0.1,11,0.5
202021,Academic year,Local authority,E92000001,England,E12000002,North West,341,E08000012,Liverpool,Revised,Alternative Provision,Total,Total,Total,Total,5,79,805.75,10.2,45,57,4,5.1,10,12.7,0,0,0,0,0,0,56.85,0.72,:,:,:,:,:,:,:,:,:,:,:,:,:,:,:,:,:,:,:,:,:,48,60.8,44,55.7,9,11.4,45,57,26,32.9,0,0,1,1.3,4,5.1,5,6.3,4,15.4,0,0,1,100,6,7.6,16,20.3,12,46.2,0,0,1,100,38,0.48,129,1.63,83,1.05,0,0,8,0.1,186,2.4,258,3.3,225,2.8,136.75,1.7,92,1.2,44.75,0.6,68,0.9,44,0.6
202021,Academic year,Local authority,E92000001,England,E12000002,North West,342,E08000013,St. Helens,Revised,Alternative Provision,Total,Total,Total,Total,2,23,46,2,0,0,0,0,0,0,0,0,0,0,0,0,1.17,0.05,:,:,:,:,:,:,:,:,:,:,:,:,:,:,:,:,:,:,:,:,:,3,13,3,13,0,0,2,8.7,0,0,0,0,0,0,0,0,0,0,0,0,0,0,0,0,0,0,1,4.3,0,0,0,0,0,0,0,0,7,0.3,0,0,0,0,0,0,0,0,14,0.6,6,0.3,26,1.1,26,1.1,0,0,2,0.1,5,0.2
202021,Academic year,Local authority,E92000001,England,E12000002,North West,343,E08000014,Sefton,Revised,Alternative Provision,Total,Total,Total,Total,2,36,228,6.3,22,61.1,1,2.8,3,8.3,0,0,0,0,0,0,14.35,0.4,:,:,:,:,:,:,:,:,:,:,:,:,:,:,:,:,:,:,:,:,:,25,69.4,22,61.1,3,8.3,25,69.4,3,8.3,1,2.8,0,0,1,2.8,2,5.6,1,33.3,0,0,0,0,2,5.6,4,11.1,1,33.3,0,0,0,0,13,0.36,52,1.44,10.5,0.29,0,0,0,0,73,2,104,2.9,25,0.7,26,0.7,16,0.4,10,0.3,7,0.2,11,0.3
202021,Academic year,Local authority,E92000001,England,E12000002,North West,344,E08000015,Wirral,Revised,Alternative Provision,Total,Total,Total,Total,1,45,c,c,c,c,c,c,c,c,c,c,c,c,c,c,c,c,:,:,:,:,:,:,:,:,:,:,:,:,:,:,:,:,:,:,:,:,:,c,c,c,c,c,c,c,c,c,c,c,c,c,c,c,c,c,c,c,c,c,c,c,c,c,c,c,c,c,c,c,c,c,c,c,c,c,c,c,c,c,c,c,c,c,c,c,c,c,c,c,c,c,c,c,c,c,c,c,c
202021,Academic year,Local authority,E92000001,England,E12000002,North West,350,E08000001,Bolton,Revised,Alternative Provision,Total,Total,Total,Total,4,53,330,6.2,27,50.9,0,0,1,1.9,0,0,0,0,0,0,17.32,0.33,:,:,:,:,:,:,:,:,:,:,:,:,:,:,:,:,:,:,:,:,:,33,62.3,33,62.3,9,17,30,56.6,0,0,2,3.8,0,0,3,5.7,1,1.9,0,0,0,0,0,0,4,7.5,2,3.8,0,0,0,0,0,0,32,0.6,69,1.3,0,0,3,0.06,0,0,114,2.2,138,2.6,30,0.6,48,0.9,48,0.9,0,0,12,0.2,17,0.3
202021,Academic year,Local authority,E92000001,England,E12000002,North West,351,E08000002,Bury,Revised,Alternative Provision,Total,Total,Total,Total,2,62,431,7,26,41.9,2,3.2,6,9.7,0,0,0,0,0,0,26.83,0.43,:,:,:,:,:,:,:,:,:,:,:,:,:,:,:,:,:,:,:,:,:,41,66.1,41,66.1,2,3.2,39,62.9,3,4.8,1,1.6,0,0,1,1.6,5,8.1,1,33.3,1,100,0,0,1,1.6,12,19.4,1,33.3,1,100,0,0,7,0.11,123,1.98,12,0.19,7,0.11,0,0,98,1.6,246,4,57,0.9,30,0.5,30,0.5,0,0,16,0.3,9,0.1
202021,Academic year,Local authority,E92000001,England,E12000002,North West,352,E08000003,Manchester,Revised,Alternative Provision,Total,Total,Total,Total,2,80,1341.5,16.8,61,76.3,5,6.3,18,22.5,0,0,0,0,0,0,54.29,0.68,:,:,:,:,:,:,:,:,:,:,:,:,:,:,:,:,:,:,:,:,:,66,82.5,66,82.5,33,41.3,62,77.5,2,2.5,1,1.3,0,0,7,8.8,10,12.5,1,50,1,100,0,0,16,20,25,31.3,2,100,1,100,0,0,117,1.46,185,2.31,9,0.11,6,0.08,0,0,319,4,370,4.6,197,2.5,455.5,5.7,389,4.9,66.5,0.8,66,0.8,137,1.7
202021,Academic year,Local authority,E92000001,England,E12000002,North West,353,E08000004,Oldham,Revised,Alternative Provision,Total,Total,Total,Total,2,50,170,3.4,20,40,1,2,1,2,0,0,0,0,0,0,9.34,0.19,:,:,:,:,:,:,:,:,:,:,:,:,:,:,:,:,:,:,:,:,:,27,54,25,50,2,4,25,50,0,0,0,0,0,0,1,2,1,2,0,0,0,0,0,0,1,2,2,4,0,0,0,0,0,0,7,0.14,49,0.98,0,0,0,0,0,0,65,1.3,98,2,2,0,5,0.1,5,0.1,0,0,2,0,2,0
202021,Academic year,Local authority,E92000001,England,E12000002,North West,354,E08000005,Rochdale,Revised,Alternative Provision,Total,Total,Total,Total,2,53,313,5.9,3,5.7,2,3.8,3,5.7,0,0,0,0,0,0,19.51,0.37,:,:,:,:,:,:,:,:,:,:,:,:,:,:,:,:,:,:,:,:,:,32,60.4,32,60.4,2,3.8,32,60.4,1,1.9,1,1.9,0,0,2,3.8,4,7.5,1,100,1,100,0,0,2,3.8,10,18.9,1,100,1,100,0,0,12,0.23,89,1.68,5,0.09,6,0.11,0,0,28,0.5,178,3.4,16,0.3,91,1.7,91,1.7,0,0,3,0.1,21,0.4
202021,Academic year,Local authority,E92000001,England,E12000002,North West,355,E08000006,Salford,Revised,Alternative Provision,Total,Total,Total,Total,3,37,396.75,10.7,27,73,3,8.1,10,27,0,0,0,0,0,0,21.5,0.58,:,:,:,:,:,:,:,:,:,:,:,:,:,:,:,:,:,:,:,:,:,28,75.7,28,75.7,6,16.2,28,75.7,2,5.4,1,2.7,0,0,2,5.4,5,13.5,0,0,0,0,0,0,4,10.8,12,32.4,1,50,0,0,0,0,25,0.68,90,2.43,6,0.16,2,0.05,0,0,108,2.9,180,4.9,15,0.4,93.75,2.5,89,2.4,4.75,0.1,6,0.2,26,0.7
202021,Academic year,Local authority,E92000001,England,E12000002,North West,356,E08000007,Stockport,Revised,Alternative Provision,Total,Total,Total,Total,3,54,245,4.5,40,74.1,0,0,1,1.9,0,0,0,0,0,0,13.36,0.25,:,:,:,:,:,:,:,:,:,:,:,:,:,:,:,:,:,:,:,:,:,42,77.8,38,70.4,1,1.9,42,77.8,1,1.9,1,1.9,0,0,0,0,2,3.7,0,0,0,0,0,0,0,0,5,9.3,0,0,0,0,0,0,2,0.04,71,1.31,3,0.06,1,0.02,0,0,85,1.6,142,2.6,7,0.1,11,0.2,11,0.2,0,0,3,0.1,4,0.1
202021,Academic year,Local authority,E92000001,England,E12000002,North West,357,E08000008,Tameside,Revised,Alternative Provision,Total,Total,Total,Total,2,69,71.25,1,2,2.9,0,0,0,0,0,0,0,0,0,0,5.83,0.08,:,:,:,:,:,:,:,:,:,:,:,:,:,:,:,:,:,:,:,:,:,7,10.1,7,10.1,2,2.9,7,10.1,1,1.4,0,0,0,0,0,0,1,1.4,0,0,0,0,0,0,0,0,3,4.3,1,100,0,0,0,0,4,0.06,23,0.33,4,0.06,0,0,0,0,8,0.1,46,0.7,8,0.1,9.25,0.1,8,0.1,1.25,0,2,0,4,0.1
202021,Academic year,Local authority,E92000001,England,E12000002,North West,358,E08000009,Trafford,Revised,Alternative Provision,Total,Total,Total,Total,2,24,388,16.2,19,79.2,3,12.5,10,41.7,0,0,0,0,0,0,35.15,1.46,:,:,:,:,:,:,:,:,:,:,:,:,:,:,:,:,:,:,:,:,:,20,83.3,20,83.3,1,4.2,20,83.3,19,79.2,0,0,0,0,1,4.2,4,16.7,1,5.3,0,0,0,0,1,4.2,13,54.2,6,31.6,0,0,0,0,6,0.25,76,3.17,64.5,2.69,0,0,0,0,82,3.4,152,6.3,129,5.4,25,1,25,1,0,0,38,1.6,5,0.2
202021,Academic year,Local authority,E92000001,England,E12000002,North West,359,E08000010,Wigan,Revised,Alternative Provision,Total,Total,Total,Total,2,89,490,5.5,52,58.4,0,0,3,3.4,0,0,0,0,0,0,28.36,0.32,:,:,:,:,:,:,:,:,:,:,:,:,:,:,:,:,:,:,:,:,:,60,67.4,49,55.1,21,23.6,54,60.7,2,2.2,0,0,0,0,3,3.4,1,1.1,0,0,0,0,0,0,7,7.9,5,5.6,1,50,0,0,0,0,64,0.72,95,1.07,5.5,0.06,0,0,0,0,167,1.9,190,2.1,19,0.2,114,1.3,84,0.9,30,0.3,7,0.1,41,0.5
202021,Academic year,Local authority,E92000001,England,E12000002,North West,876,E06000006,Halton,Revised,Alternative Provision,Total,Total,Total,Total,2,24,155,6.5,18,75,0,0,1,4.2,0,0,0,0,0,0,6.83,0.28,:,:,:,:,:,:,:,:,:,:,:,:,:,:,:,:,:,:,:,:,:,18,75,18,75,0,0,18,75,1,4.2,0,0,0,0,0,0,0,0,0,0,0,0,0,0,0,0,1,4.2,1,100,0,0,0,0,0,0,33,1.38,4,0.17,0,0,0,0,51,2.1,66,2.8,38,1.6,0,0,0,0,0,0,16,0.7,0,0
202021,Academic year,Local authority,E92000001,England,E12000002,North West,895,E06000049,Cheshire East,Revised,Alternative Provision,Total,Total,Total,Total,3,38,166.5,4.4,22,57.9,0,0,2,5.3,0,0,0,0,0,0,9,0.24,:,:,:,:,:,:,:,:,:,:,:,:,:,:,:,:,:,:,:,:,:,24,63.2,17,44.7,4,10.5,22,57.9,0,0,4,10.5,0,0,0,0,1,2.6,0,0,0,0,0,0,0,0,5,13.2,0,0,0,0,0,0,6,0.16,44,1.16,0,0,4,0.11,0,0,37,1,88,2.3,25,0.7,16.5,0.4,15,0.4,1.5,0,13,0.3,11,0.3
202021,Academic year,Local authority,E92000001,England,E12000002,North West,896,E06000050,Cheshire West and Chester,Revised,Alternative Provision,Total,Total,Total,Total,2,26,345,13.3,19,73.1,3,11.5,9,34.6,0,0,0,0,0,0,23.68,0.91,:,:,:,:,:,:,:,:,:,:,:,:,:,:,:,:,:,:,:,:,:,20,76.9,18,69.2,9,34.6,20,76.9,2,7.7,2,7.7,1,3.8,6,23.1,7,26.9,2,100,2,100,1,100,7,26.9,12,46.2,2,100,2,100,1,100,41,1.58,65,2.5,10,0.38,11,0.42,5,0.19,96,3.7,130,5,58,2.2,61,2.3,59,2.3,2,0.1,16,0.6,15,0.6
202021,Academic year,Local authority,E92000001,England,E12000002,North West,909,E10000006,Cumbria,Revised,Alternative Provision,Total,Total,Total,Total,4,62,543.5,8.8,32,51.6,3,4.8,10,16.1,0,0,0,0,0,0,25.54,0.41,:,:,:,:,:,:,:,:,:,:,:,:,:,:,:,:,:,:,:,:,:,40,64.5,38,61.3,1,1.6,37,59.7,7,11.3,1,1.6,0,0,1,1.6,6,9.7,1,14.3,1,100,0,0,1,1.6,20,32.3,2,28.6,1,100,0,0,7,0.11,116,1.87,12.5,0.2,5,0.08,0,0,104,1.7,232,3.7,67,1.1,140.5,2.3,93,1.5,47.5,0.8,21,0.3,38,0.6
202021,Academic year,Local authority,E92000001,England,E12000002,North West,877,E06000007,Warrington,Revised,Alternative Provision,Total,Total,Total,Total,2,7,9,1.3,3,42.9,0,0,0,0,0,0,0,0,0,0,0.67,0.1,:,:,:,:,:,:,:,:,:,:,:,:,:,:,:,:,:,:,:,:,:,3,42.9,1,14.3,1,14.3,3,42.9,2,28.6,0,0,0,0,0,0,0,0,0,0,0,0,0,0,0,0,0,0,0,0,0,0,0,0,0,0,2,0.29,1,0.14,0,0,0,0,3,0.4,4,0.6,2,0.3,0,0,0,0,0,0,2,0.3,0,0
202021,Academic year,Local authority,E92000001,England,E12000002,North West,888,E10000017,Lancashire,Revised,Alternative Provision,Total,Total,Total,Total,8,265,2408,9.1,180,67.9,16,6,49,18.5,0,0,0,0,0,0,165.7,0.63,:,:,:,:,:,:,:,:,:,:,:,:,:,:,:,:,:,:,:,:,:,204,77,189,71.3,29,10.9,194,73.2,61,23,15,5.7,0,0,7,2.6,27,10.2,7,11.5,4,26.7,0,0,16,6,67,25.3,15,24.6,5,33.3,0,0,107,0.4,520,1.96,163,0.62,41,0.15,0,0,626,2.4,1040,3.9,492,1.9,250,0.9,237,0.9,13,0,167,0.6,83,0.3
202021,Academic year,Local authority,E92000001,England,E12000002,North West,889,E06000008,Blackburn with Darwen,Revised,Alternative Provision,Total,Total,Total,Total,2,55,685.5,12.5,49,89.1,2,3.6,8,14.5,1,1.8,0,0,0,0,54.36,0.99,:,:,:,:,:,:,:,:,:,:,:,:,:,:,:,:,:,:,:,:,:,54,98.2,46,83.6,4,7.3,54,98.2,26,47.3,1,1.8,3,5.5,2,3.6,6,10.9,2,7.7,0,0,1,33.3,3,5.5,20,36.4,4,15.4,1,100,3,100,18,0.33,131,2.38,79.5,1.45,4,0.07,14,0.25,129,2.3,262,4.8,196.5,3.6,98,1.8,94.5,1.7,3.5,0.1,65,1.2,27,0.5
202021,Academic year,Local authority,E92000001,England,E12000002,North West,890,E06000009,Blackpool,Revised,Alternative Provision,Total,Total,Total,Total,2,78,447,5.7,33,42.3,1,1.3,9,11.5,0,0,0,0,0,0,16.34,0.21,:,:,:,:,:,:,:,:,:,:,:,:,:,:,:,:,:,:,:,:,:,37,47.4,37,47.4,0,0,34,43.6,0,0,0,0,0,0,0,0,3,3.8,0,0,0,0,0,0,0,0,10,12.8,0,0,0,0,0,0,0,0,98,1.26,0,0,0,0,0,0,109,1.4,196,2.5,51,0.7,91,1.2,91,1.2,0,0,17,0.2,24,0.3
202021,Academic year,Local authority,E92000001,England,E12000003,Yorkshire and The Humber,810,E06000010,"Kingston upon Hull, City of",Revised,Alternative Provision,Total,Total,Total,Total,5,142,1780.25,12.5,110,77.5,3,2.1,16,11.3,0,0,0,0,0,0,102.67,0.72,:,:,:,:,:,:,:,:,:,:,:,:,:,:,:,:,:,:,:,:,:,121,85.2,119,83.8,74,52.1,116,81.7,14,9.9,3,2.1,4,2.8,9,6.3,5,3.5,7,50,0,0,4,100,20,14.1,28,19.7,9,64.3,1,33.3,4,100,187,1.32,267,1.88,60.5,0.43,7,0.05,34,0.24,455,3.2,534,3.8,213,1.5,578.25,4.1,546,3.8,32.25,0.2,50,0.4,209,1.5
202021,Academic year,Local authority,E92000001,England,E12000003,Yorkshire and The Humber,811,E06000011,East Riding of Yorkshire,Revised,Alternative Provision,Total,Total,Total,Total,2,35,238,6.8,21,60,0,0,1,2.9,0,0,0,0,0,0,13.99,0.4,:,:,:,:,:,:,:,:,:,:,:,:,:,:,:,:,:,:,:,:,:,24,68.6,24,68.6,5,14.3,24,68.6,6,17.1,0,0,0,0,0,0,1,2.9,0,0,0,0,0,0,0,0,2,5.7,1,16.7,0,0,0,0,6,0.17,50,1.43,14,0.4,0,0,0,0,49,1.4,100,2.9,34,1,55,1.6,51,1.5,4,0.1,14,0.4,25,0.7
202021,Academic year,Local authority,E92000001,England,E12000003,Yorkshire and The Humber,812,E06000012,North East Lincolnshire,Revised,Alternative Provision,Total,Total,Total,Total,3,41,313,7.6,29,70.7,0,0,7,17.1,0,0,0,0,0,0,15.06,0.37,:,:,:,:,:,:,:,:,:,:,:,:,:,:,:,:,:,:,:,:,:,32,78,32,78,1,2.4,32,78,1,2.4,0,0,0,0,0,0,0,0,0,0,0,0,0,0,1,2.4,11,26.8,0,0,0,0,0,0,4,0.1,80,1.95,3,0.07,0,0,0,0,81,2,160,3.9,20,0.5,52,1.3,27,0.7,25,0.6,11,0.3,15,0.4
202021,Academic year,Local authority,E92000001,England,E12000003,Yorkshire and The Humber,813,E06000013,North Lincolnshire,Revised,Alternative Provision,Total,Total,Total,Total,2,19,27,1.4,2,10.5,0,0,0,0,0,0,0,0,0,0,2.17,0.11,:,:,:,:,:,:,:,:,:,:,:,:,:,:,:,:,:,:,:,:,:,2,10.5,2,10.5,1,5.3,2,10.5,2,10.5,0,0,0,0,0,0,0,0,0,0,0,0,0,0,0,0,0,0,0,0,0,0,0,0,3,0.16,4,0.21,3,0.16,0,0,0,0,7,0.4,8,0.4,6,0.3,6,0.3,6,0.3,0,0,4,0.2,3,0.2
202021,Academic year,Local authority,E92000001,England,E12000003,Yorkshire and The Humber,815,E10000023,North Yorkshire,Revised,Alternative Provision,Total,Total,Total,Total,6,40,179,4.5,14,35,1,2.5,1,2.5,0,0,0,0,0,0,11.33,0.28,:,:,:,:,:,:,:,:,:,:,:,:,:,:,:,:,:,:,:,:,:,18,45,18,45,0,0,16,40,8,20,0,0,0,0,0,0,1,2.5,1,12.5,0,0,0,0,0,0,2,5,1,12.5,0,0,0,0,0,0,40,1,14,0.35,0,0,0,0,40,1,80,2,36,0.9,23,0.6,23,0.6,0,0,13,0.3,7,0.2
202021,Academic year,Local authority,E92000001,England,E12000003,Yorkshire and The Humber,816,E06000014,York,Revised,Alternative Provision,Total,Total,Total,Total,2,67,887.5,13.2,52,77.6,5,7.5,10,14.9,0,0,0,0,0,0,40.66,0.61,:,:,:,:,:,:,:,:,:,:,:,:,:,:,:,:,:,:,:,:,:,61,91,57,85.1,11,16.4,55,82.1,0,0,19,28.4,1,1.5,4,6,7,10.4,0,0,3,15.8,0,0,7,10.4,12,17.9,0,0,5,26.3,1,100,45,0.67,142,2.12,0,0,53,0.79,4,0.06,211,3.1,284,4.2,143,2.1,249.5,3.7,194,2.9,55.5,0.8,41,0.6,69,1
202021,Academic year,Local authority,E92000001,England,E12000003,Yorkshire and The Humber,370,E08000016,Barnsley,Revised,Alternative Provision,Total,Total,Total,Total,2,15,204,13.6,12,80,1,6.7,1,6.7,0,0,0,0,0,0,12.15,0.81,:,:,:,:,:,:,:,:,:,:,:,:,:,:,:,:,:,:,:,:,:,13,86.7,12,80,12,80,13,86.7,1,6.7,0,0,0,0,2,13.3,1,6.7,1,100,0,0,0,0,3,20,1,6.7,1,100,0,0,0,0,33,2.2,23,1.53,8.5,0.57,0,0,0,0,66,4.4,46,3.1,22,1.5,70,4.7,59,3.9,11,0.7,4,0.3,30,2
202021,Academic year,Local authority,E92000001,England,E12000003,Yorkshire and The Humber,371,E08000017,Doncaster,Revised,Alternative Provision,Total,Total,Total,Total,3,23,88,3.8,9,39.1,0,0,0,0,0,0,0,0,0,0,7.34,0.32,:,:,:,:,:,:,:,:,:,:,:,:,:,:,:,:,:,:,:,:,:,11,47.8,10,43.5,1,4.3,9,39.1,3,13,0,0,0,0,0,0,1,4.3,1,33.3,0,0,0,0,0,0,1,4.3,3,100,0,0,0,0,3,0.13,15,0.65,13,0.57,0,0,0,0,18,0.8,30,1.3,31,1.3,9,0.4,9,0.4,0,0,8,0.3,5,0.2
202021,Academic year,Local authority,E92000001,England,E12000003,Yorkshire and The Humber,372,E08000018,Rotherham,Revised,Alternative Provision,Total,Total,Total,Total,3,64,498.75,7.8,44,68.8,1,1.6,7,10.9,1,1.6,0,0,0,0,34.18,0.53,:,:,:,:,:,:,:,:,:,:,:,:,:,:,:,:,:,:,:,:,:,44,68.8,44,68.8,4,6.3,44,68.8,10,15.6,7,10.9,1,1.6,2,3.1,2,3.1,1,10,1,14.3,0,0,2,3.1,13,20.3,1,10,2,28.6,0,0,15,0.23,119,1.86,27.5,0.43,16,0.25,0,0,122,1.9,238,3.7,71,1.1,67.75,1.1,49,0.8,18.75,0.3,25,0.4,24,0.4
202021,Academic year,Local authority,E92000001,England,E12000003,Yorkshire and The Humber,373,E08000019,Sheffield,Revised,Alternative Provision,Total,Total,Total,Total,2,83,616,7.4,52,62.7,2,2.4,5,6,0,0,0,0,0,0,32.18,0.39,:,:,:,:,:,:,:,:,:,:,:,:,:,:,:,:,:,:,:,:,:,54,65.1,54,65.1,12,14.5,52,62.7,4,4.8,6,7.2,0,0,3,3.6,2,2.4,0,0,0,0,0,0,4,4.8,8,9.6,3,75,0,0,0,0,40,0.48,116,1.4,13,0.16,11,0.13,0,0,155,1.9,232,2.8,137,1.7,92,1.1,68,0.8,24,0.3,57,0.7,37,0.4
202021,Academic year,Local authority,E92000001,England,E12000003,Yorkshire and The Humber,380,E08000032,Bradford,Revised,Alternative Provision,Total,Total,Total,Total,3,26,92,3.5,6,23.1,1,3.8,1,3.8,0,0,0,0,0,0,6.85,0.26,:,:,:,:,:,:,:,:,:,:,:,:,:,:,:,:,:,:,:,:,:,9,34.6,8,30.8,2,7.7,8,30.8,1,3.8,1,3.8,0,0,1,3.8,1,3.8,1,100,1,100,0,0,1,3.8,1,3.8,1,100,1,100,0,0,9,0.35,16,0.62,5,0.19,6,0.23,0,0,21,0.8,32,1.2,20,0.8,19,0.7,19,0.7,0,0,6,0.2,4,0.2
202021,Academic year,Local authority,E92000001,England,E12000003,Yorkshire and The Humber,381,E08000033,Calderdale,Revised,Alternative Provision,Total,Total,Total,Total,2,25,219,8.8,9,36,1,4,4,16,0,0,0,0,0,0,13.84,0.55,:,:,:,:,:,:,:,:,:,:,:,:,:,:,:,:,:,:,:,:,:,13,52,13,52,8,32,13,52,1,4,1,4,0,0,1,4,2,8,0,0,1,100,0,0,5,20,7,28,1,100,1,100,0,0,30,1.2,40,1.6,4,0.16,5,0.2,0,0,62,2.5,80,3.2,41,1.6,36,1.4,36,1.4,0,0,10,0.4,11,0.4
202021,Academic year,Local authority,E92000001,England,E12000003,Yorkshire and The Humber,382,E08000034,Kirklees,Revised,Alternative Provision,Total,Total,Total,Total,2,17,123,7.2,8,47.1,1,5.9,3,17.6,0,0,0,0,0,0,8.82,0.52,:,:,:,:,:,:,:,:,:,:,:,:,:,:,:,:,:,:,:,:,:,9,52.9,9,52.9,1,5.9,9,52.9,3,17.6,0,0,0,0,0,0,1,5.9,0,0,0,0,0,0,1,5.9,4,23.5,2,66.7,0,0,0,0,4,0.24,29,1.71,10,0.59,0,0,0,0,28,1.6,58,3.4,21,1.2,16,0.9,9,0.5,7,0.4,7,0.4,6,0.4
202021,Academic year,Local authority,E92000001,England,E12000003,Yorkshire and The Humber,383,E08000035,Leeds,Revised,Alternative Provision,Total,Total,Total,Total,3,16,125,7.8,8,50,1,6.3,3,18.8,0,0,0,0,0,0,9,0.56,:,:,:,:,:,:,:,:,:,:,:,:,:,:,:,:,:,:,:,:,:,8,50,8,50,3,18.8,8,50,3,18.8,0,0,0,0,1,6.3,1,6.3,1,33.3,0,0,0,0,2,12.5,3,18.8,1,33.3,0,0,0,0,14,0.88,19,1.19,10.5,0.66,0,0,0,0,38,2.4,38,2.4,31,1.9,18,1.1,18,1.1,0,0,8,0.5,6,0.4
202021,Academic year,Local authority,E92000001,England,E12000003,Yorkshire and The Humber,384,E08000036,Wakefield,Revised,Alternative Provision,Total,Total,Total,Total,3,67,256.25,3.8,20,29.9,0,0,2,3,0,0,0,0,0,0,9.18,0.14,:,:,:,:,:,:,:,:,:,:,:,:,:,:,:,:,:,:,:,:,:,35,52.2,29,43.3,1,1.5,20,29.9,0,0,0,0,0,0,0,0,0,0,0,0,0,0,0,0,0,0,5,7.5,0,0,0,0,0,0,2,0.03,53,0.79,0,0,0,0,0,0,63,0.9,106,1.6,0,0,87.25,1.3,80,1.2,7.25,0.1,0,0,22,0.3
202021,Academic year,Local authority,E92000001,England,E12000004,East Midlands,830,E10000007,Derbyshire,Revised,Alternative Provision,Total,Total,Total,Total,4,100,578.25,5.8,35,35,2,2,6,6,0,0,0,0,0,0,50.34,0.5,:,:,:,:,:,:,:,:,:,:,:,:,:,:,:,:,:,:,:,:,:,45,45,43,43,13,13,36,36,27,27,5,5,0,0,5,5,2,2,3,11.1,0,0,0,0,9,9,10,10,5,18.5,2,40,0,0,53,0.53,97,0.97,68.5,0.69,15,0.15,0,0,151,1.5,194,1.9,152,1.5,81.25,0.8,71,0.7,10.25,0.1,59,0.6,31,0.3
202021,Academic year,Local authority,E92000001,England,E12000004,East Midlands,855,E10000018,Leicestershire,Revised,Alternative Provision,Total,Total,Total,Total,1,40,c,c,c,c,c,c,c,c,c,c,c,c,c,c,c,c,:,:,:,:,:,:,:,:,:,:,:,:,:,:,:,:,:,:,:,:,:,c,c,c,c,c,c,c,c,c,c,c,c,c,c,c,c,c,c,c,c,c,c,c,c,c,c,c,c,c,c,c,c,c,c,c,c,c,c,c,c,c,c,c,c,c,c,c,c,c,c,c,c,c,c,c,c,c,c,c,c
202021,Academic year,Local authority,E92000001,England,E12000004,East Midlands,856,E06000016,Leicester,Revised,Alternative Provision,Total,Total,Total,Total,2,16,27,1.7,3,18.8,0,0,0,0,0,0,0,0,0,0,1.33,0.08,:,:,:,:,:,:,:,:,:,:,:,:,:,:,:,:,:,:,:,:,:,3,18.8,3,18.8,0,0,3,18.8,0,0,0,0,0,0,0,0,0,0,0,0,0,0,0,0,0,0,0,0,0,0,0,0,0,0,0,0,8,0.5,0,0,0,0,0,0,11,0.7,16,1,0,0,0,0,0,0,0,0,0,0,0,0
202021,Academic year,Local authority,E92000001,England,E12000004,East Midlands,857,E06000017,Rutland,Revised,Alternative Provision,Total,Total,Total,Total,1,12,c,c,c,c,c,c,c,c,c,c,c,c,c,c,c,c,:,:,:,:,:,:,:,:,:,:,:,:,:,:,:,:,:,:,:,:,:,c,c,c,c,c,c,c,c,c,c,c,c,c,c,c,c,c,c,c,c,c,c,c,c,c,c,c,c,c,c,c,c,c,c,c,c,c,c,c,c,c,c,c,c,c,c,c,c,c,c,c,c,c,c,c,c,c,c,c,c
202021,Academic year,Local authority,E92000001,England,E12000004,East Midlands,941,E06000062,West Northamptonshire,Revised,Alternative Provision,Total,Total,Total,Total,2,75,1139,15.2,54,72,3,4,10,13.3,0,0,0,0,0,0,60.19,0.8,:,:,:,:,:,:,:,:,:,:,:,:,:,:,:,:,:,:,:,:,:,66,88,65,86.7,29,38.7,64,85.3,0,0,17,22.7,2,2.7,6,8,6,8,0,0,2,11.8,2,100,14,18.7,22,29.3,0,0,3,17.6,2,100,106,1.41,187,2.49,0,0,51,0.68,17,0.23,283,3.8,374,5,68,0.9,414,5.5,411,5.5,3,0,19,0.3,100,1.3
202021,Academic year,Local authority,E92000001,England,E12000004,East Midlands,831,E06000015,Derby,Revised,Alternative Provision,Total,Total,Total,Total,3,50,525.25,10.5,35,70,0,0,4,8,0,0,0,0,0,0,32.35,0.65,:,:,:,:,:,:,:,:,:,:,:,:,:,:,:,:,:,:,:,:,:,38,76,36,72,13,26,35,70,15,30,6,12,0,0,1,2,0,0,1,6.7,0,0,0,0,2,4,5,10,2,13.3,1,16.7,0,0,33,0.66,72,1.44,38.5,0.77,12,0.24,0,0,125,2.5,144,2.9,113,2.3,143.25,2.9,60,1.2,83.25,1.7,47,0.9,41,0.8
202021,Academic year,Local authority,E92000001,England,E12000004,East Midlands,891,E10000024,Nottinghamshire,Revised,Alternative Provision,Total,Total,Total,Total,1,83,c,c,c,c,c,c,c,c,c,c,c,c,c,c,c,c,:,:,:,:,:,:,:,:,:,:,:,:,:,:,:,:,:,:,:,:,:,c,c,c,c,c,c,c,c,c,c,c,c,c,c,c,c,c,c,c,c,c,c,c,c,c,c,c,c,c,c,c,c,c,c,c,c,c,c,c,c,c,c,c,c,c,c,c,c,c,c,c,c,c,c,c,c,c,c,c,c
202021,Academic year,Local authority,E92000001,England,E12000004,East Midlands,892,E06000018,Nottingham,Revised,Alternative Provision,Total,Total,Total,Total,5,78,718.75,9.2,49,62.8,3,3.8,10,12.8,0,0,0,0,0,0,29.98,0.38,:,:,:,:,:,:,:,:,:,:,:,:,:,:,:,:,:,:,:,:,:,53,67.9,53,67.9,12,15.4,49,62.8,0,0,4,5.1,0,0,0,0,4,5.1,0,0,1,25,0,0,6,7.7,11,14.1,0,0,2,50,0,0,41,0.53,125,1.6,0,0,14,0.18,0,0,182,2.3,250,3.2,92,1.2,194.75,2.5,159,2,35.75,0.5,26,0.3,69,0.9
202021,Academic year,Local authority,E92000001,England,E12000004,East Midlands,925,E10000019,Lincolnshire,Revised,Alternative Provision,Total,Total,Total,Total,5,65,375,5.8,36,55.4,1,1.5,5,7.7,0,0,0,0,0,0,24.67,0.38,:,:,:,:,:,:,:,:,:,:,:,:,:,:,:,:,:,:,:,:,:,38,58.5,36,55.4,18,27.7,38,58.5,0,0,0,0,0,0,3,4.6,2,3.1,0,0,0,0,0,0,3,4.6,11,16.9,0,0,0,0,0,0,49,0.75,99,1.52,0,0,0,0,0,0,142,2.2,198,3,0,0,35,0.5,35,0.5,0,0,0,0,16,0.2
202021,Academic year,Local authority,E92000001,England,E12000005,West Midlands,937,E10000031,Warwickshire,Revised,Alternative Provision,Total,Total,Total,Total,1,39,c,c,c,c,c,c,c,c,c,c,c,c,c,c,c,c,:,:,:,:,:,:,:,:,:,:,:,:,:,:,:,:,:,:,:,:,:,c,c,c,c,c,c,c,c,c,c,c,c,c,c,c,c,c,c,c,c,c,c,c,c,c,c,c,c,c,c,c,c,c,c,c,c,c,c,c,c,c,c,c,c,c,c,c,c,c,c,c,c,c,c,c,c,c,c,c,c
202021,Academic year,Local authority,E92000001,England,E12000005,West Midlands,893,E06000051,Shropshire,Revised,Alternative Provision,Total,Total,Total,Total,2,30,213,7.1,17,56.7,1,3.3,3,10,0,0,0,0,0,0,10.84,0.36,:,:,:,:,:,:,:,:,:,:,:,:,:,:,:,:,:,:,:,:,:,19,63.3,19,63.3,1,3.3,18,60,0,0,6,20,0,0,0,0,1,3.3,0,0,0,0,0,0,1,3.3,4,13.3,0,0,2,33.3,0,0,4,0.13,44,1.47,0,0,17,0.57,0,0,48,1.6,88,2.9,51,1.7,26,0.9,26,0.9,0,0,23,0.8,9,0.3
202021,Academic year,Local authority,E92000001,England,E12000005,West Midlands,894,E06000020,Telford and Wrekin,Revised,Alternative Provision,Total,Total,Total,Total,3,27,260,9.6,17,63,3,11.1,6,22.2,0,0,0,0,0,0,20.15,0.75,:,:,:,:,:,:,:,:,:,:,:,:,:,:,:,:,:,:,:,:,:,17,63,15,55.6,2,7.4,17,63,10,37,0,0,0,0,1,3.7,5,18.5,0,0,0,0,0,0,1,3.7,8,29.6,2,20,0,0,0,0,9,0.33,52,1.93,30,1.11,0,0,0,0,51,1.9,104,3.9,63,2.3,42,1.6,42,1.6,0,0,21,0.8,12,0.4
202021,Academic year,Local authority,E92000001,England,E12000005,West Midlands,884,E06000019,"Herefordshire, County of",Revised,Alternative Provision,Total,Total,Total,Total,2,44,223,5.1,8,18.2,1,2.3,4,9.1,0,0,0,0,0,0,10.67,0.24,:,:,:,:,:,:,:,:,:,:,:,:,:,:,:,:,:,:,:,:,:,24,54.5,24,54.5,2,4.5,11,25,1,2.3,1,2.3,0,0,1,2.3,3,6.8,1,100,1,100,0,0,2,4.5,6,13.6,1,100,1,100,0,0,9,0.2,40,0.91,5,0.11,5,0.11,0,0,53,1.2,80,1.8,19,0.4,71,1.6,71,1.6,0,0,4,0.1,19,0.4
202021,Academic year,Local authority,E92000001,England,E12000005,West Midlands,885,E10000034,Worcestershire,Revised,Alternative Provision,Total,Total,Total,Total,5,61,456,7.5,37,60.7,1,1.6,10,16.4,0,0,0,0,0,0,29.84,0.49,:,:,:,:,:,:,:,:,:,:,:,:,:,:,:,:,:,:,:,:,:,43,70.5,40,65.6,3,4.9,37,60.7,17,27.9,3,4.9,0,0,1,1.6,7,11.5,1,5.9,0,0,0,0,1,1.6,13,21.3,3,17.6,0,0,0,0,7,0.11,98,1.61,36,0.59,2,0.03,0,0,103,1.7,196,3.2,98,1.6,59,1,58,1,1,0,43,0.7,25,0.4
202021,Academic year,Local authority,E92000001,England,E12000005,West Midlands,860,E10000028,Staffordshire,Revised,Alternative Provision,Total,Total,Total,Total,7,110,780,7.1,66,60,1,0.9,4,3.6,0,0,0,0,0,0,39.49,0.36,:,:,:,:,:,:,:,:,:,:,:,:,:,:,:,:,:,:,:,:,:,75,68.2,71,64.5,12,10.9,70,63.6,12,10.9,1,0.9,1,0.9,1,0.9,6,5.5,0,0,0,0,1,100,2,1.8,15,13.6,2,16.7,0,0,1,100,31,0.28,158,1.44,19,0.17,1,0.01,9,0.08,173,1.6,316,2.9,87,0.8,204,1.9,177,1.6,27,0.2,32,0.3,80,0.7
202021,Academic year,Local authority,E92000001,England,E12000005,West Midlands,861,E06000021,Stoke-on-Trent,Revised,Alternative Provision,Total,Total,Total,Total,3,51,293.75,5.8,15,29.4,0,0,3,5.9,0,0,0,0,0,0,14.84,0.29,:,:,:,:,:,:,:,:,:,:,:,:,:,:,:,:,:,:,:,:,:,23,45.1,23,45.1,8,15.7,20,39.2,0,0,0,0,0,0,0,0,2,3.9,0,0,0,0,0,0,2,3.9,10,19.6,0,0,0,0,0,0,24,0.47,65,1.27,0,0,0,0,0,0,73,1.4,130,2.5,29,0.6,61.75,1.2,56,1.1,5.75,0.1,10,0.2,20,0.4
202021,Academic year,Local authority,E92000001,England,E12000005,West Midlands,330,E08000025,Birmingham,Revised,Alternative Provision,Total,Total,Total,Total,8,154,1632.75,10.6,116,75.3,9,5.8,22,14.3,0,0,0,0,0,0,113.65,0.74,:,:,:,:,:,:,:,:,:,:,:,:,:,:,:,:,:,:,:,:,:,119,77.3,105,68.2,20,13,116,75.3,93,60.4,2,1.3,0,0,5,3.2,12,7.8,1,1.1,0,0,0,0,10,6.5,28,18.2,7,7.5,0,0,0,0,70,0.45,270,1.75,169,1.1,4,0.03,0,0,385,2.5,540,3.5,391,2.5,316.75,2.1,254,1.6,62.75,0.4,168,1.1,91,0.6
202021,Academic year,Local authority,E92000001,England,E12000005,West Midlands,331,E08000026,Coventry,Revised,Alternative Provision,Total,Total,Total,Total,3,38,269.75,7.1,19,50,0,0,4,10.5,0,0,0,0,0,0,23.52,0.62,:,:,:,:,:,:,:,:,:,:,:,:,:,:,:,:,:,:,:,:,:,27,71.1,25,65.8,4,10.5,25,65.8,12,31.6,15,39.5,0,0,0,0,0,0,1,8.3,0,0,0,0,3,7.9,5,13.2,2,16.7,2,13.3,0,0,14,0.37,52,1.37,26.5,0.7,22,0.58,0,0,64,1.7,104,2.7,87,2.3,14.75,0.4,13,0.3,1.75,0,38,1,5,0.1
202021,Academic year,Local authority,E92000001,England,E12000005,West Midlands,332,E08000027,Dudley,Revised,Alternative Provision,Total,Total,Total,Total,1,30,c,c,c,c,c,c,c,c,c,c,c,c,c,c,c,c,:,:,:,:,:,:,:,:,:,:,:,:,:,:,:,:,:,:,:,:,:,c,c,c,c,c,c,c,c,c,c,c,c,c,c,c,c,c,c,c,c,c,c,c,c,c,c,c,c,c,c,c,c,c,c,c,c,c,c,c,c,c,c,c,c,c,c,c,c,c,c,c,c,c,c,c,c,c,c,c,c
202021,Academic year,Local authority,E92000001,England,E12000005,West Midlands,333,E08000028,Sandwell,Revised,Alternative Provision,Total,Total,Total,Total,3,84,726.75,8.7,23,27.4,6,7.1,9,10.7,0,0,0,0,0,0,49.16,0.59,:,:,:,:,:,:,:,:,:,:,:,:,:,:,:,:,:,:,:,:,:,55,65.5,50,59.5,7,8.3,24,28.6,14,16.7,14,16.7,2,2.4,6,7.1,8,9.5,5,35.7,6,42.9,2,100,6,7.1,12,14.3,7,50,9,64.3,2,100,37,0.44,83,0.99,51,0.61,57,0.68,16,0.19,152,1.8,166,2,177,2.1,231.75,2.8,114,1.4,117.75,1.4,43,0.5,67,0.8
202021,Academic year,Local authority,E92000001,England,E12000005,West Midlands,334,E08000029,Solihull,Revised,Alternative Provision,Total,Total,Total,Total,3,52,619.25,11.9,29,55.8,3,5.8,11,21.2,0,0,0,0,0,0,36.66,0.71,:,:,:,:,:,:,:,:,:,:,:,:,:,:,:,:,:,:,:,:,:,41,78.8,40,76.9,0,0,39,75,11,21.2,4,7.7,0,0,0,0,7,13.5,1,9.1,3,75,0,0,0,0,20,38.5,6,54.5,3,75,0,0,0,0,128,2.46,35.5,0.68,21,0.4,0,0,111,2.1,256,4.9,146,2.8,106.25,2,43,0.8,63.25,1.2,38,0.7,27,0.5
202021,Academic year,Local authority,E92000001,England,E12000005,West Midlands,335,E08000030,Walsall,Revised,Alternative Provision,Total,Total,Total,Total,4,39,571,14.6,17,43.6,3,7.7,9,23.1,0,0,0,0,0,0,36.99,0.95,:,:,:,:,:,:,:,:,:,:,:,:,:,:,:,:,:,:,:,:,:,22,56.4,21,53.8,14,35.9,21,53.8,10,25.6,0,0,0,0,9,23.1,4,10.3,5,50,0,0,0,0,11,28.2,11,28.2,6,60,0,0,0,0,65,1.67,70,1.79,43.5,1.12,0,0,0,0,142,3.6,140,3.6,121,3.1,168,4.3,119,3.1,49,1.3,31,0.8,37,0.9
202021,Academic year,Local authority,E92000001,England,E12000005,West Midlands,336,E08000031,Wolverhampton,Revised,Alternative Provision,Total,Total,Total,Total,3,59,430.75,7.3,33,55.9,2,3.4,6,10.2,0,0,0,0,0,0,29.69,0.5,:,:,:,:,:,:,:,:,:,:,:,:,:,:,:,:,:,:,:,:,:,40,67.8,39,66.1,4,6.8,39,66.1,19,32.2,1,1.7,1,1.7,0,0,4,6.8,1,5.3,0,0,1,100,2,3.4,10,16.9,2,10.5,0,0,1,100,10,0.17,92,1.56,35.5,0.6,0,0,5,0.08,89,1.5,184,3.1,81,1.4,76.75,1.3,58,1,18.75,0.3,34,0.6,26,0.4
202021,Academic year,Local authority,E92000001,England,E12000006,East of England,821,E06000032,Luton,Revised,Alternative Provision,Total,Total,Total,Total,2,64,541,8.5,42,65.6,2,3.1,14,21.9,0,0,0,0,0,0,36.19,0.57,:,:,:,:,:,:,:,:,:,:,:,:,:,:,:,:,:,:,:,:,:,45,70.3,42,65.6,4,6.3,45,70.3,10,15.6,5,7.8,0,0,0,0,2,3.1,2,20,2,40,0,0,3,4.7,17,26.6,4,40,2,40,0,0,15,0.23,121,1.89,32.5,0.51,16,0.25,0,0,136,2.1,242,3.8,94,1.5,69,1.1,67,1,2,0,29,0.5,17,0.3
202021,Academic year,Local authority,E92000001,England,E12000006,East of England,822,E06000055,Bedford,Revised,Alternative Provision,Total,Total,Total,Total,2,41,904,22,32,78,4,9.8,14,34.1,0,0,0,0,0,0,69.51,1.7,:,:,:,:,:,:,:,:,:,:,:,:,:,:,:,:,:,:,:,:,:,35,85.4,34,82.9,20,48.8,34,82.9,20,48.8,1,2.4,6,14.6,11,26.8,6,14.6,5,25,1,100,5,83.3,17,41.5,17,41.5,11,55,1,100,5,83.3,109,2.66,111,2.71,77.5,1.89,6,0.15,36,0.88,247,6,222,5.4,277,6.8,158,3.9,156,3.8,2,0,67,1.6,35,0.9
202021,Academic year,Local authority,E92000001,England,E12000006,East of England,823,E06000056,Central Bedfordshire,Revised,Alternative Provision,Total,Total,Total,Total,2,33,336,10.2,24,72.7,2,6.1,5,15.2,0,0,0,0,0,0,17.68,0.54,:,:,:,:,:,:,:,:,:,:,:,:,:,:,:,:,:,:,:,:,:,25,75.8,25,75.8,4,12.1,24,72.7,1,3,0,0,0,0,2,6.1,3,9.1,1,100,0,0,0,0,4,12.1,8,24.2,1,100,0,0,0,0,20,0.61,76,2.3,5,0.15,0,0,0,0,109,3.3,152,4.6,51,1.5,24,0.7,16,0.5,8,0.2,20,0.6,6,0.2
202021,Academic year,Local authority,E92000001,England,E12000006,East of England,873,E10000003,Cambridgeshire,Revised,Alternative Provision,Total,Total,Total,Total,3,21,208,9.9,9,42.9,3,14.3,4,19,0,0,0,0,0,0,11.33,0.54,:,:,:,:,:,:,:,:,:,:,:,:,:,:,:,:,:,:,:,:,:,11,52.4,11,52.4,3,14.3,11,52.4,4,19,0,0,0,0,1,4.8,3,14.3,1,25,0,0,0,0,1,4.8,4,19,2,50,0,0,0,0,12,0.57,32,1.52,12,0.57,0,0,0,0,45,2.1,64,3,54,2.6,45,2.1,45,2.1,0,0,12,0.6,8,0.4
202021,Academic year,Local authority,E92000001,England,E12000006,East of England,874,E06000031,Peterborough,Revised,Alternative Provision,Total,Total,Total,Total,2,53,402,7.6,32,60.4,1,1.9,6,11.3,0,0,0,0,0,0,18.82,0.36,:,:,:,:,:,:,:,:,:,:,:,:,:,:,:,:,:,:,:,:,:,38,71.7,38,71.7,0,0,33,62.3,2,3.8,0,0,0,0,0,0,8,15.1,1,50,0,0,0,0,0,0,12,22.6,1,50,0,0,0,0,0,0,95,1.79,9,0.17,0,0,0,0,78,1.5,190,3.6,18,0.3,116,2.2,63,1.2,53,1,4,0.1,24,0.5
202021,Academic year,Local authority,E92000001,England,E12000006,East of England,919,E10000015,Hertfordshire,Revised,Alternative Provision,Total,Total,Total,Total,9,85,1115.5,13.1,47,55.3,7,8.2,20,23.5,0,0,0,0,0,0,69.5,0.82,:,:,:,:,:,:,:,:,:,:,:,:,:,:,:,:,:,:,:,:,:,59,69.4,59,69.4,19,22.4,52,61.2,12,14.1,7,8.2,0,0,8,9.4,13,15.3,4,33.3,5,71.4,0,0,15,17.6,32,37.6,7,58.3,6,85.7,0,0,85,1,197,2.32,48,0.56,39,0.46,0,0,249,2.9,394,4.6,221,2.6,251.5,3,166,2,85.5,1,60,0.7,60,0.7
202021,Academic year,Local authority,E92000001,England,E12000006,East of England,881,E10000012,Essex,Revised,Alternative Provision,Total,Total,Total,Total,6,139,1330.5,9.6,58,41.7,4,2.9,12,8.6,0,0,0,0,0,0,64.55,0.46,:,:,:,:,:,:,:,:,:,:,:,:,:,:,:,:,:,:,:,:,:,104,74.8,102,73.4,31,22.3,62,44.6,16,11.5,2,1.4,1,0.7,9,6.5,10,7.2,1,6.3,1,50,1,100,19,13.7,18,12.9,3,18.8,1,50,1,100,125,0.9,159,1.14,43.5,0.31,8,0.06,8,0.06,303,2.2,318,2.3,240,1.7,469.5,3.4,262,1.9,207.5,1.5,85,0.6,115,0.8
202021,Academic year,Local authority,E92000001,England,E12000006,East of England,882,E06000033,Southend-on-Sea,Revised,Alternative Provision,Total,Total,Total,Total,3,22,135,6.1,3,13.6,0,0,1,4.5,0,0,0,0,0,0,8.68,0.39,:,:,:,:,:,:,:,:,:,:,:,:,:,:,:,:,:,:,:,:,:,19,86.4,17,77.3,3,13.6,18,81.8,0,0,0,0,0,0,0,0,1,4.5,0,0,0,0,0,0,1,4.5,4,18.2,0,0,0,0,0,0,9,0.41,43,1.95,0,0,0,0,0,0,18,0.8,86,3.9,6,0.3,25,1.1,17,0.8,8,0.4,1,0,12,0.5
202021,Academic year,Local authority,E92000001,England,E12000006,East of England,883,E06000034,Thurrock,Revised,Alternative Provision,Total,Total,Total,Total,2,27,216,8,20,74.1,3,11.1,5,18.5,0,0,0,0,0,0,7.99,0.3,:,:,:,:,:,:,:,:,:,:,:,:,:,:,:,:,:,:,:,:,:,20,74.1,20,74.1,0,0,20,74.1,0,0,0,0,0,0,0,0,4,14.8,0,0,0,0,0,0,0,0,5,18.5,0,0,0,0,0,0,0,0,48,1.78,0,0,0,0,0,0,71,2.6,96,3.6,32,1.2,17,0.6,7,0.3,10,0.4,13,0.5,5,0.2
202021,Academic year,Local authority,E92000001,England,E12000006,East of England,935,E10000029,Suffolk,Revised,Alternative Provision,Total,Total,Total,Total,7,80,415,5.2,19,23.8,1,1.3,3,3.8,0,0,0,0,0,0,30.69,0.38,:,:,:,:,:,:,:,:,:,:,:,:,:,:,:,:,:,:,:,:,:,45,56.3,41,51.3,1,1.3,41,51.3,12,15,3,3.8,0,0,0,0,2,2.5,1,8.3,0,0,0,0,0,0,15,18.8,4,33.3,0,0,0,0,2,0.03,105,1.31,36,0.45,5,0.06,0,0,51,0.6,210,2.6,128,1.6,26,0.3,26,0.3,0,0,44,0.6,11,0.1
202021,Academic year,Local authority,E92000001,England,E12000006,East of England,926,E10000020,Norfolk,Revised,Alternative Provision,Total,Total,Total,Total,3,97,689,7.1,41,42.3,4,4.1,7,7.2,0,0,0,0,0,0,52.03,0.54,:,:,:,:,:,:,:,:,:,:,:,:,:,:,:,:,:,:,:,:,:,56,57.7,50,51.5,6,6.2,48,49.5,32,33,2,2.1,0,0,3,3.1,6,6.2,1,3.1,0,0,0,0,4,4.1,14,14.4,10,31.3,0,0,0,0,25,0.26,120,1.24,83,0.86,1,0.01,0,0,144,1.5,240,2.5,174,1.8,131,1.4,124,1.3,7,0.1,58,0.6,39,0.4
202021,Academic year,Local authority,E92000001,England,E13000001,Inner London,316,E09000025,Newham,Revised,Alternative Provision,Total,Total,Total,Total,4,164,1744,10.6,54,32.9,20,12.2,37,22.6,0,0,0,0,0,0,112.99,0.69,:,:,:,:,:,:,:,:,:,:,:,:,:,:,:,:,:,:,:,:,:,77,47,76,46.3,4,2.4,56,34.1,29,17.7,15,9.1,1,0.6,4,2.4,25,15.2,15,51.7,7,46.7,1,100,4,2.4,40,24.4,22,75.9,11,73.3,1,100,23,0.14,267,1.63,153,0.93,74,0.45,8,0.05,333,2,534,3.3,396.5,2.4,480.5,2.9,463.5,2.8,17,0.1,73,0.4,104,0.6
202021,Academic year,Local authority,E92000001,England,E13000001,Inner London,309,E09000014,Haringey,Revised,Alternative Provision,Total,Total,Total,Total,2,57,496,8.7,21,36.8,4,7,11,19.3,0,0,0,0,0,0,40.66,0.71,:,:,:,:,:,:,:,:,:,:,:,:,:,:,:,:,:,:,:,:,:,24,42.1,23,40.4,5,8.8,24,42.1,15,26.3,3,5.3,1,1.8,3,5.3,6,10.5,5,33.3,1,33.3,0,0,3,5.3,14,24.6,9,60,2,66.7,1,100,23,0.4,85,1.49,60,1.05,12,0.21,4,0.07,108,1.9,170,3,140,2.5,78,1.4,78,1.4,0,0,36,0.6,19,0.3
202021,Academic year,Local authority,E92000001,England,E13000001,Inner London,204,E09000012,Hackney,Revised,Alternative Provision,Total,Total,Total,Total,3,79,786.5,10,42,53.2,4,5.1,11,13.9,0,0,0,0,0,0,34.82,0.44,:,:,:,:,:,:,:,:,:,:,:,:,:,:,:,:,:,:,:,:,:,42,53.2,41,51.9,5,6.3,42,53.2,5,6.3,3,3.8,4,5.1,2,2.5,8,10.1,1,20,0,0,3,75,3,3.8,13,16.5,2,40,0,0,3,75,19,0.24,125,1.58,17.5,0.22,6,0.08,24,0.3,151,1.9,250,3.2,128,1.6,257.5,3.3,210,2.7,47.5,0.6,36,0.5,68,0.9
202021,Academic year,Local authority,E92000001,England,E13000001,Inner London,205,E09000013,Hammersmith and Fulham,Revised,Alternative Provision,Total,Total,Total,Total,3,33,529,16,25,75.8,2,6.1,9,27.3,0,0,0,0,0,0,38.51,1.17,:,:,:,:,:,:,:,:,:,:,:,:,:,:,:,:,:,:,:,:,:,27,81.8,27,81.8,17,51.5,26,78.8,16,48.5,1,3,0,0,5,15.2,2,6.1,1,6.3,0,0,0,0,9,27.3,10,30.3,5,31.3,0,0,0,0,63,1.91,78,2.36,44.5,1.35,1,0.03,0,0,155,4.7,156,4.7,114,3.5,104,3.2,87,2.6,17,0.5,41,1.2,33,1
202021,Academic year,Local authority,E92000001,England,E13000001,Inner London,206,E09000019,Islington,Revised,Alternative Provision,Total,Total,Total,Total,3,46,528,11.5,23,50,1,2.2,5,10.9,0,0,0,0,0,0,29.82,0.65,:,:,:,:,:,:,:,:,:,:,:,:,:,:,:,:,:,:,:,:,:,34,73.9,33,71.7,9,19.6,31,67.4,5,10.9,1,2.2,3,6.5,5,10.9,1,2.2,1,20,1,100,3,100,6,13,7,15.2,2,40,1,100,3,100,39,0.85,81,1.76,18,0.39,5,0.11,18,0.39,128,2.8,162,3.5,82,1.8,156,3.4,114,2.5,42,0.9,22,0.5,41,0.9
202021,Academic year,Local authority,E92000001,England,E13000001,Inner London,207,E09000020,Kensington and Chelsea,Revised,Alternative Provision,Total,Total,Total,Total,1,15,c,c,c,c,c,c,c,c,c,c,c,c,c,c,c,c,:,:,:,:,:,:,:,:,:,:,:,:,:,:,:,:,:,:,:,:,:,c,c,c,c,c,c,c,c,c,c,c,c,c,c,c,c,c,c,c,c,c,c,c,c,c,c,c,c,c,c,c,c,c,c,c,c,c,c,c,c,c,c,c,c,c,c,c,c,c,c,c,c,c,c,c,c,c,c,c,c
202021,Academic year,Local authority,E92000001,England,E13000001,Inner London,208,E09000022,Lambeth,Revised,Alternative Provision,Total,Total,Total,Total,2,24,158,6.6,6,25,0,0,3,12.5,0,0,0,0,0,0,10.34,0.43,:,:,:,:,:,:,:,:,:,:,:,:,:,:,:,:,:,:,:,:,:,12,50,12,50,3,12.5,12,50,2,8.3,0,0,0,0,1,4.2,0,0,0,0,0,0,0,0,2,8.3,4,16.7,1,50,0,0,0,0,12,0.5,37,1.54,6.5,0.27,0,0,0,0,35,1.5,74,3.1,16,0.7,33,1.4,29,1.2,4,0.2,5,0.2,8,0.3
202021,Academic year,Local authority,E92000001,England,E13000001,Inner London,209,E09000023,Lewisham,Revised,Alternative Provision,Total,Total,Total,Total,2,51,429.25,8.4,26,51,5,9.8,15,29.4,0,0,0,0,0,0,19.17,0.38,:,:,:,:,:,:,:,:,:,:,:,:,:,:,:,:,:,:,:,:,:,27,52.9,27,52.9,1,2,26,51,2,3.9,0,0,0,0,0,0,8,15.7,0,0,0,0,0,0,1,2,18,35.3,0,0,0,0,0,0,4,0.08,100,1.96,5.5,0.11,0,0,0,0,97,1.9,200,3.9,14,0.3,118.25,2.3,7,0.1,111.25,2.2,5,0.1,27,0.5
202021,Academic year,Local authority,E92000001,England,E13000001,Inner London,210,E09000028,Southwark,Revised,Alternative Provision,Total,Total,Total,Total,2,54,379,7,6,11.1,1,1.9,2,3.7,1,1.9,0,0,1,1.9,34.06,0.63,:,:,:,:,:,:,:,:,:,:,:,:,:,:,:,:,:,:,:,:,:,38,70.4,38,70.4,4,7.4,37,68.5,9,16.7,2,3.7,4,7.4,1,1.9,2,3.7,2,22.2,0,0,4,100,2,3.7,15,27.8,2,22.2,1,50,4,100,14,0.26,101,1.87,29.5,0.55,7,0.13,23,0.43,39,0.7,202,3.7,83,1.5,55,1,35,0.6,20,0.4,22,0.4,14,0.3
202021,Academic year,Local authority,E92000001,England,E13000001,Inner London,211,E09000030,Tower Hamlets,Revised,Alternative Provision,Total,Total,Total,Total,3,96,1039.25,10.8,70,72.9,4,4.2,14,14.6,0,0,0,0,0,0,46.02,0.48,:,:,:,:,:,:,:,:,:,:,:,:,:,:,:,:,:,:,:,:,:,78,81.3,77,80.2,19,19.8,74,77.1,0,0,0,0,2,2.1,5,5.2,9,9.4,0,0,0,0,1,50,10,10.4,19,19.8,0,0,0,0,2,100,72,0.75,193,2.01,0,0,0,0,11,0.11,277,2.9,386,4,24,0.3,352.25,3.7,311,3.2,41.25,0.4,4,0,89,0.9
202021,Academic year,Local authority,E92000001,England,E13000001,Inner London,212,E09000032,Wandsworth,Revised,Alternative Provision,Total,Total,Total,Total,3,39,392,10.1,8,20.5,0,0,2,5.1,0,0,0,0,0,0,32,0.82,:,:,:,:,:,:,:,:,:,:,:,:,:,:,:,:,:,:,:,:,:,24,61.5,24,61.5,1,2.6,23,59,14,35.9,0,0,0,0,0,0,3,7.7,7,50,0,0,0,0,1,2.6,8,20.5,10,71.4,0,0,0,0,4,0.1,67,1.72,60.5,1.55,0,0,0,0,29,0.7,134,3.4,124,3.2,105,2.7,84,2.2,21,0.5,29,0.7,39,1
202021,Academic year,Local authority,E92000001,England,E13000001,Inner London,213,E09000033,Westminster,Revised,Alternative Provision,Total,Total,Total,Total,2,22,485.75,22.1,19,86.4,1,4.5,7,31.8,0,0,0,0,0,0,39,1.77,:,:,:,:,:,:,:,:,:,:,:,:,:,:,:,:,:,:,:,:,:,19,86.4,19,86.4,18,81.8,19,86.4,18,81.8,6,27.3,0,0,1,4.5,5,22.7,1,5.6,4,66.7,0,0,8,36.4,8,36.4,3,16.7,4,66.7,0,0,58,2.64,59,2.68,46,2.09,25,1.14,0,0,117,5.3,118,5.4,117,5.3,133.75,6.1,117,5.3,16.75,0.8,42,1.9,40,1.8
202021,Academic year,Local authority,E92000001,England,E13000001,Inner London,202,E09000007,Camden,Revised,Alternative Provision,Total,Total,Total,Total,2,35,357,10.2,26,74.3,3,8.6,7,20,0,0,0,0,0,0,20.81,0.59,:,:,:,:,:,:,:,:,:,:,:,:,:,:,:,:,:,:,:,:,:,26,74.3,26,74.3,0,0,26,74.3,2,5.7,4,11.4,0,0,0,0,6,17.1,2,100,2,50,0,0,0,0,11,31.4,2,100,4,100,0,0,0,0,84,2.4,11,0.31,19,0.54,0,0,90,2.6,168,4.8,58,1.7,41,1.2,41,1.2,0,0,12,0.3,14,0.4
202021,Academic year,Local authority,E92000001,England,E13000002,Outer London,203,E09000011,Greenwich,Revised,Alternative Provision,Total,Total,Total,Total,2,60,340.75,5.7,3,5,0,0,0,0,0,0,0,0,0,0,18.19,0.3,:,:,:,:,:,:,:,:,:,:,:,:,:,:,:,:,:,:,:,:,:,39,65,39,65,0,0,34,56.7,0,0,0,0,1,1.7,0,0,8,13.3,0,0,0,0,1,100,0,0,16,26.7,0,0,0,0,1,100,0,0,104,1.73,0,0,0,0,5,0.08,12,0.2,208,3.5,16,0.3,104.75,1.7,73,1.2,31.75,0.5,4,0.1,32,0.5
202021,Academic year,Local authority,E92000001,England,E13000002,Outer London,307,E09000009,Ealing,Revised,Alternative Provision,Total,Total,Total,Total,2,88,1286.5,14.6,42,47.7,14,15.9,24,27.3,0,0,0,0,0,0,93.02,1.06,:,:,:,:,:,:,:,:,:,:,:,:,:,:,:,:,:,:,:,:,:,43,48.9,43,48.9,2,2.3,43,48.9,36,40.9,2,2.3,2,2.3,0,0,19,21.6,19,52.8,0,0,2,100,0,0,28,31.8,24,66.7,1,50,2,100,6,0.07,190,2.16,169.5,1.93,6,0.07,17,0.19,196,2.2,380,4.3,362,4.1,348.5,4,343,3.9,5.5,0.1,76,0.9,60,0.7
202021,Academic year,Local authority,E92000001,England,E13000002,Outer London,308,E09000010,Enfield,Revised,Alternative Provision,Total,Total,Total,Total,2,43,463.5,10.8,21,48.8,5,11.6,9,20.9,0,0,0,0,0,0,27.87,0.65,:,:,:,:,:,:,:,:,:,:,:,:,:,:,:,:,:,:,:,:,:,23,53.5,23,53.5,15,34.9,22,51.2,3,7,2,4.7,0,0,9,20.9,7,16.3,0,0,0,0,0,0,13,30.2,11,25.6,1,33.3,1,50,0,0,68,1.58,77,1.79,7.5,0.17,7,0.16,0,0,159,3.7,154,3.6,24,0.6,126.5,2.9,96,2.2,30.5,0.7,9,0.2,34,0.8
202021,Academic year,Local authority,E92000001,England,E13000002,Outer London,301,E09000002,Barking and Dagenham,Revised,Alternative Provision,Total,Total,Total,Total,2,72,1670.25,23.2,56,77.8,14,19.4,23,31.9,8,11.1,3,4.2,4,5.6,141.51,1.97,:,:,:,:,:,:,:,:,:,:,:,:,:,:,:,:,:,:,:,:,:,61,84.7,61,84.7,48,66.7,59,81.9,29,40.3,41,56.9,10,13.9,20,27.8,19,26.4,11,37.9,11,26.8,9,90,31,43.1,28,38.9,16,55.2,18,43.9,9,90,184,2.56,212,2.94,122,1.69,141,1.96,68,0.94,389,5.4,424,5.9,536,7.4,321.25,4.5,304,4.2,17.25,0.2,130,1.8,88,1.2
202021,Academic year,Local authority,E92000001,England,E13000002,Outer London,302,E09000003,Barnet,Revised,Alternative Provision,Total,Total,Total,Total,3,27,353,13.1,13,48.1,3,11.1,7,25.9,0,0,0,0,0,0,25.65,0.95,:,:,:,:,:,:,:,:,:,:,:,:,:,:,:,:,:,:,:,:,:,14,51.9,14,51.9,6,22.2,13,48.1,4,14.8,0,0,2,7.4,5,18.5,3,11.1,4,100,0,0,2,100,6,22.2,7,25.9,4,100,0,0,2,100,34,1.26,49,1.81,27,1,0,0,17,0.63,90,3.3,98,3.6,86,3.2,79,2.9,79,2.9,0,0,13,0.5,17,0.6
202021,Academic year,Local authority,E92000001,England,E13000002,Outer London,303,E09000004,Bexley,Revised,Alternative Provision,Total,Total,Total,Total,2,8,89,11.1,4,50,1,12.5,2,25,0,0,0,0,0,0,5,0.63,:,:,:,:,:,:,:,:,:,:,:,:,:,:,:,:,:,:,:,:,:,4,50,3,37.5,0,0,4,50,1,12.5,0,0,0,0,0,0,2,25,1,100,0,0,0,0,0,0,3,37.5,1,100,0,0,0,0,0,0,18,2.25,6,0.75,0,0,0,0,14,1.8,36,4.5,13,1.6,26,3.3,26,3.3,0,0,3,0.4,5,0.6
202021,Academic year,Local authority,E92000001,England,E13000002,Outer London,304,E09000005,Brent,Revised,Alternative Provision,Total,Total,Total,Total,2,73,883.75,12.1,28,38.4,7,9.6,14,19.2,0,0,0,0,0,0,65.33,0.89,:,:,:,:,:,:,:,:,:,:,:,:,:,:,:,:,:,:,:,:,:,30,41.1,30,41.1,21,28.8,30,41.1,10,13.7,19,26,1,1.4,8,11,12,16.4,8,80,3,15.8,1,100,14,19.2,18,24.7,9,90,8,42.1,1,100,96,1.32,119,1.63,57,0.78,58,0.79,5,0.07,209,2.9,238,3.3,235,3.2,201.75,2.8,117,1.6,84.75,1.2,54,0.7,52,0.7
202021,Academic year,Local authority,E92000001,England,E13000002,Outer London,305,E09000006,Bromley,Revised,Alternative Provision,Total,Total,Total,Total,2,43,439.25,10.2,20,46.5,0,0,4,9.3,0,0,0,0,0,0,16.66,0.39,:,:,:,:,:,:,:,:,:,:,:,:,:,:,:,:,:,:,:,:,:,20,46.5,20,46.5,2,4.7,20,46.5,2,4.7,2,4.7,0,0,2,4.7,3,7,1,50,2,100,0,0,2,4.7,7,16.3,1,50,2,100,0,0,12,0.28,61,1.42,8,0.19,11,0.26,0,0,81,1.9,122,2.8,81,1.9,155.25,3.6,122,2.8,33.25,0.8,21,0.5,40,0.9
202021,Academic year,Local authority,E92000001,England,E13000002,Outer London,306,E09000008,Croydon,Revised,Alternative Provision,Total,Total,Total,Total,2,119,561,4.7,8,6.7,4,3.4,5,4.2,0,0,0,0,0,0,32.01,0.27,:,:,:,:,:,:,:,:,:,:,:,:,:,:,:,:,:,:,:,:,:,62,52.1,56,47.1,4,3.4,54,45.4,3,2.5,0,0,0,0,2,1.7,6,5,0,0,0,0,0,0,4,3.4,19,16,1,33.3,0,0,0,0,20,0.17,158,1.33,7,0.06,0,0,0,0,62,0.5,316,2.7,19,0.2,164,1.4,162,1.4,2,0,6,0.1,47,0.4
202021,Academic year,Local authority,E92000001,England,E13000002,Outer London,310,E09000015,Harrow,Revised,Alternative Provision,Total,Total,Total,Total,2,16,84,5.3,9,56.3,0,0,0,0,0,0,0,0,0,0,2.82,0.18,:,:,:,:,:,:,:,:,:,:,:,:,:,:,:,:,:,:,:,:,:,9,56.3,8,50,0,0,9,56.3,0,0,0,0,0,0,0,0,1,6.3,0,0,0,0,0,0,0,0,1,6.3,0,0,0,0,0,0,0,0,17,1.06,0,0,0,0,0,0,21,1.3,34,2.1,11,0.7,18,1.1,18,1.1,0,0,6,0.4,7,0.4
202021,Academic year,Local authority,E92000001,England,E13000002,Outer London,311,E09000016,Havering,Revised,Alternative Provision,Total,Total,Total,Total,2,44,304,6.9,25,56.8,1,2.3,6,13.6,0,0,0,0,0,0,17.99,0.41,:,:,:,:,:,:,:,:,:,:,:,:,:,:,:,:,:,:,:,:,:,25,56.8,22,50,2,4.5,25,56.8,4,9.1,1,2.3,0,0,0,0,2,4.5,2,50,0,0,0,0,0,0,8,18.2,2,50,0,0,0,0,6,0.14,65,1.48,17,0.39,3,0.07,0,0,67,1.5,130,3,46,1,61,1.4,61,1.4,0,0,11,0.3,13,0.3
202021,Academic year,Local authority,E92000001,England,E13000002,Outer London,312,E09000017,Hillingdon,Revised,Alternative Provision,Total,Total,Total,Total,2,41,322.5,7.9,24,58.5,1,2.4,3,7.3,0,0,0,0,0,0,17.52,0.43,:,:,:,:,:,:,:,:,:,:,:,:,:,:,:,:,:,:,:,:,:,27,65.9,26,63.4,5,12.2,24,58.5,3,7.3,3,7.3,0,0,2,4.9,2,4.9,1,33.3,0,0,0,0,4,9.8,3,7.3,1,33.3,1,33.3,0,0,21,0.51,51,1.24,12,0.29,9,0.22,0,0,101,2.5,102,2.5,50,1.2,69.5,1.7,53,1.3,16.5,0.4,11,0.3,26,0.6
202021,Academic year,Local authority,E92000001,England,E13000002,Outer London,313,E09000018,Hounslow,Revised,Alternative Provision,Total,Total,Total,Total,2,53,202,3.8,4,7.5,0,0,2,3.8,0,0,0,0,0,0,9.17,0.17,:,:,:,:,:,:,:,:,:,:,:,:,:,:,:,:,:,:,:,:,:,26,49.1,26,49.1,0,0,5,9.4,3,5.7,2,3.8,0,0,0,0,0,0,1,33.3,1,50,0,0,0,0,2,3.8,1,33.3,1,50,0,0,0,0,17,0.32,14.5,0.27,9,0.17,0,0,15,0.3,34,0.6,82,1.5,71,1.3,67,1.3,4,0.1,21,0.4,18,0.3
202021,Academic year,Local authority,E92000001,England,E13000002,Outer London,314,E09000021,Kingston upon Thames,Revised,Alternative Provision,Total,Total,Total,Total,2,27,202.25,7.5,1,3.7,0,0,1,3.7,0,0,0,0,0,0,10.01,0.37,:,:,:,:,:,:,:,:,:,:,:,:,:,:,:,:,:,:,:,:,:,18,66.7,18,66.7,0,0,17,63,0,0,5,18.5,1,3.7,0,0,3,11.1,0,0,0,0,1,100,0,0,5,18.5,0,0,0,0,1,100,0,0,40,1.48,0,0,11,0.41,9,0.33,7,0.3,80,3,55,2,60.25,2.2,47,1.7,13.25,0.5,16,0.6,20,0.7
202021,Academic year,Local authority,E92000001,England,E13000002,Outer London,315,E09000024,Merton,Revised,Alternative Provision,Total,Total,Total,Total,2,58,527,9.1,15,25.9,1,1.7,5,8.6,0,0,0,0,0,0,45.82,0.79,:,:,:,:,:,:,:,:,:,:,:,:,:,:,:,:,:,:,:,:,:,28,48.3,27,46.6,6,10.3,24,41.4,10,17.2,0,0,8,13.8,3,5.2,5,8.6,4,40,0,0,7,87.5,5,8.6,13,22.4,7,70,0,0,7,87.5,30,0.52,86,1.48,48,0.83,0,0,63,1.09,82,1.4,172,3,190,3.3,83,1.4,76,1.3,7,0.1,34,0.6,21,0.4
202021,Academic year,Local authority,E92000001,England,E13000002,Outer London,317,E09000026,Redbridge,Revised,Alternative Provision,Total,Total,Total,Total,4,48,375,7.8,19,39.6,2,4.2,2,4.2,0,0,0,0,0,0,27.86,0.58,:,:,:,:,:,:,:,:,:,:,:,:,:,:,:,:,:,:,:,:,:,21,43.8,21,43.8,10,20.8,19,39.6,10,20.8,4,8.3,1,2.1,1,2.1,4,8.3,1,10,2,50,1,100,2,4.2,6,12.5,1,10,3,75,1,100,31,0.65,54,1.13,28,0.58,18,0.38,8,0.17,87,1.8,108,2.3,102,2.1,78,1.6,63,1.3,15,0.3,33,0.7,24,0.5
202021,Academic year,Local authority,E92000001,England,E13000002,Outer London,318,E09000027,Richmond upon Thames,Revised,Alternative Provision,Total,Total,Total,Total,1,10,c,c,c,c,c,c,c,c,c,c,c,c,c,c,c,c,:,:,:,:,:,:,:,:,:,:,:,:,:,:,:,:,:,:,:,:,:,c,c,c,c,c,c,c,c,c,c,c,c,c,c,c,c,c,c,c,c,c,c,c,c,c,c,c,c,c,c,c,c,c,c,c,c,c,c,c,c,c,c,c,c,c,c,c,c,c,c,c,c,c,c,c,c,c,c,c,c
202021,Academic year,Local authority,E92000001,England,E13000002,Outer London,319,E09000029,Sutton,Revised,Alternative Provision,Total,Total,Total,Total,3,35,337,9.6,3,8.6,2,5.7,3,8.6,0,0,0,0,0,0,22.49,0.64,:,:,:,:,:,:,:,:,:,:,:,:,:,:,:,:,:,:,:,:,:,24,68.6,24,68.6,3,8.6,24,68.6,3,8.6,0,0,0,0,2,5.7,5,14.3,2,66.7,0,0,0,0,3,8.6,11,31.4,3,100,0,0,0,0,19,0.54,80,2.29,18,0.51,0,0,0,0,38,1.1,160,4.6,54,1.5,85,2.4,69,2,16,0.5,13,0.4,22,0.6
202021,Academic year,Local authority,E92000001,England,E13000002,Outer London,320,E09000031,Waltham Forest,Revised,Alternative Provision,Total,Total,Total,Total,3,36,306,8.5,10,27.8,2,5.6,3,8.3,0,0,0,0,0,0,20.66,0.57,:,:,:,:,:,:,:,:,:,:,:,:,:,:,:,:,:,:,:,:,:,19,52.8,19,52.8,2,5.6,18,50,8,22.2,1,2.8,0,0,2,5.6,4,11.1,0,0,1,100,0,0,2,5.6,8,22.2,2,25,1,100,0,0,12,0.33,59,1.64,23.5,0.65,6,0.17,0,0,43,1.2,118,3.3,62,1.7,83,2.3,83,2.3,0,0,20,0.6,17,0.5
202021,Academic year,Local authority,E92000001,England,E12000008,South East,931,E10000025,Oxfordshire,Revised,Alternative Provision,Total,Total,Total,Total,2,25,173.5,6.9,14,56,0,0,1,4,0,0,0,0,0,0,8,0.32,:,:,:,:,:,:,:,:,:,:,:,:,:,:,:,:,:,:,:,:,:,16,64,16,64,1,4,16,64,0,0,0,0,1,4,1,4,0,0,0,0,0,0,1,100,1,4,2,8,0,0,0,0,1,100,5,0.2,34,1.36,0,0,0,0,9,0.36,37,1.5,68,2.7,12,0.5,56.5,2.3,34,1.4,22.5,0.9,2,0.1,15,0.6
202021,Academic year,Local authority,E92000001,England,E12000008,South East,921,E06000046,Isle of Wight,Revised,Alternative Provision,Total,Total,Total,Total,2,18,181,10.1,9,50,2,11.1,5,27.8,0,0,0,0,0,0,15.49,0.86,:,:,:,:,:,:,:,:,:,:,:,:,:,:,:,:,:,:,:,:,:,11,61.1,11,61.1,1,5.6,11,61.1,6,33.3,2,11.1,0,0,1,5.6,3,16.7,1,16.7,1,50,0,0,1,5.6,5,27.8,1,16.7,2,100,0,0,6,0.33,37,2.06,20,1.11,10,0.56,0,0,40,2.2,74,4.1,50,2.8,17,0.9,14,0.8,3,0.2,14,0.8,5,0.3
202021,Academic year,Local authority,E92000001,England,E12000008,South East,936,E10000030,Surrey,Revised,Alternative Provision,Total,Total,Total,Total,6,100,1039.25,10.4,30,30,8,8,15,15,0,0,0,0,0,0,87.73,0.88,:,:,:,:,:,:,:,:,:,:,:,:,:,:,:,:,:,:,:,:,:,49,49,46,46,3,3,41,41,15,15,18,18,13,13,2,2,14,14,9,60,15,83.3,9,69.2,3,3,23,23,14,93.3,17,94.4,13,100,16,0.16,153.5,1.53,83.5,0.84,113,1.13,77,0.77,160,1.6,307,3.1,370.75,3.7,201.5,2,188,1.9,13.5,0.1,60,0.6,41,0.4
202021,Academic year,Local authority,E92000001,England,E12000008,South East,938,E10000032,West Sussex,Revised,Alternative Provision,Total,Total,Total,Total,2,69,521.25,7.6,40,58,2,2.9,6,8.7,0,0,0,0,0,0,39.34,0.57,:,:,:,:,:,:,:,:,:,:,:,:,:,:,:,:,:,:,:,:,:,44,63.8,41,59.4,3,4.3,41,59.4,22,31.9,3,4.3,0,0,1,1.4,7,10.1,0,0,0,0,0,0,2,2.9,11,15.9,2,9.1,0,0,0,0,12,0.17,114,1.65,53.5,0.78,3,0.04,0,0,109,1.6,228,3.3,110,1.6,74.25,1.1,73,1.1,1.25,0,44,0.6,21,0.3
202021,Academic year,Local authority,E92000001,England,E12000008,South East,886,E10000016,Kent,Revised,Alternative Provision,Total,Total,Total,Total,4,117,252.5,2.2,19,16.2,1,0.9,2,1.7,0,0,0,0,0,0,12.84,0.11,:,:,:,:,:,:,:,:,:,:,:,:,:,:,:,:,:,:,:,:,:,32,27.4,29,24.8,10,8.5,24,20.5,1,0.9,1,0.9,0,0,0,0,3,2.6,0,0,0,0,0,0,0,0,6,5.1,0,0,0,0,0,0,19,0.16,57,0.49,0,0,1,0.01,0,0,66,0.6,114,1,7,0.1,65.5,0.6,37,0.3,28.5,0.2,4,0,26,0.2
202021,Academic year,Local authority,E92000001,England,E12000008,South East,887,E06000035,Medway,Revised,Alternative Provision,Total,Total,Total,Total,3,83,1124.5,13.5,38,45.8,3,3.6,12,14.5,2,2.4,0,0,1,1.2,71.33,0.86,:,:,:,:,:,:,:,:,:,:,:,:,:,:,:,:,:,:,:,:,:,59,71.1,56,67.5,20,24.1,57,68.7,18,21.7,17,20.5,2,2.4,4,4.8,7,8.4,3,16.7,2,11.8,2,100,11,13.3,23,27.7,6,33.3,4,23.5,2,100,71,0.86,168,2.02,66,0.8,42,0.51,15,0.18,202,2.4,336,4,209.5,2.5,377,4.5,271.5,3.3,105.5,1.3,60,0.7,99,1.2
202021,Academic year,Local authority,E92000001,England,E12000008,South East,867,E06000036,Bracknell Forest,Revised,Alternative Provision,Total,Total,Total,Total,2,30,325.5,10.8,9,30,1,3.3,2,6.7,0,0,0,0,0,0,35.67,1.19,:,:,:,:,:,:,:,:,:,:,:,:,:,:,:,:,:,:,:,:,:,28,93.3,28,93.3,0,0,27,90,23,76.7,1,3.3,0,0,0,0,2,6.7,1,4.3,1,100,0,0,0,0,6,20,4,17.4,1,100,0,0,0,0,78,2.6,65,2.17,6,0.2,0,0,27,0.9,156,5.2,136,4.5,6.5,0.2,1,0,5.5,0.2,47,1.6,2,0.1
202021,Academic year,Local authority,E92000001,England,E12000008,South East,868,E06000040,Windsor and Maidenhead,Revised,Alternative Provision,Total,Total,Total,Total,2,11,103,9.4,6,54.5,0,0,1,9.1,0,0,0,0,0,0,4.33,0.39,:,:,:,:,:,:,:,:,:,:,:,:,:,:,:,:,:,:,:,:,:,6,54.5,6,54.5,3,27.3,6,54.5,0,0,0,0,0,0,3,27.3,0,0,0,0,0,0,0,0,3,27.3,1,9.1,0,0,0,0,0,0,16,1.45,10,0.91,0,0,0,0,0,0,38,3.5,20,1.8,17,1.5,28,2.5,28,2.5,0,0,5,0.5,7,0.6
202021,Academic year,Local authority,E92000001,England,E12000008,South East,869,E06000037,West Berkshire,Revised,Alternative Provision,Total,Total,Total,Total,2,27,269.5,10,20,74.1,1,3.7,3,11.1,0,0,0,0,0,0,8.82,0.33,:,:,:,:,:,:,:,:,:,:,:,:,:,:,:,:,:,:,:,:,:,22,81.5,21,77.8,0,0,20,74.1,0,0,0,0,0,0,0,0,2,7.4,0,0,0,0,0,0,0,0,3,11.1,0,0,0,0,0,0,0,0,53,1.96,0,0,0,0,0,0,63,2.3,106,3.9,35,1.3,65.5,2.4,39,1.4,26.5,1,12,0.4,19,0.7
202021,Academic year,Local authority,E92000001,England,E12000008,South East,870,E06000038,Reading,Revised,Alternative Provision,Total,Total,Total,Total,2,35,204,5.8,26,74.3,2,5.7,3,8.6,0,0,0,0,0,0,9.66,0.28,:,:,:,:,:,:,:,:,:,:,:,:,:,:,:,:,:,:,:,:,:,27,77.1,25,71.4,1,2.9,27,77.1,1,2.9,0,0,0,0,0,0,2,5.7,0,0,0,0,0,0,1,2.9,3,8.6,0,0,0,0,0,0,4,0.11,47,1.34,3.5,0.1,0,0,0,0,71,2,94,2.7,10,0.3,29,0.8,29,0.8,0,0,3,0.1,11,0.3
202021,Academic year,Local authority,E92000001,England,E12000008,South East,871,E06000039,Slough,Revised,Alternative Provision,Total,Total,Total,Total,2,49,331,6.8,20,40.8,3,6.1,3,6.1,0,0,0,0,0,0,16.69,0.34,:,:,:,:,:,:,:,:,:,:,:,:,:,:,:,:,:,:,:,:,:,27,55.1,27,55.1,12,24.5,23,46.9,1,2,0,0,0,0,2,4.1,3,6.1,1,100,0,0,0,0,3,6.1,6,12.2,1,100,0,0,0,0,36,0.73,50,1.02,7,0.14,0,0,0,0,95,1.9,100,2,51,1,85,1.7,85,1.7,0,0,19,0.4,35,0.7
202021,Academic year,Local authority,E92000001,England,E12000008,South East,872,E06000041,Wokingham,Revised,Alternative Provision,Total,Total,Total,Total,2,10,98,9.8,1,10,0,0,0,0,0,0,0,0,0,0,11.66,1.17,:,:,:,:,:,:,:,:,:,:,:,:,:,:,:,:,:,:,:,:,:,5,50,5,50,0,0,1,10,4,40,2,20,2,20,0,0,0,0,1,25,1,50,2,100,0,0,0,0,3,75,2,100,2,100,0,0,3,0.3,19.5,1.95,12,1.2,16,1.6,11,1.1,6,0.6,56.5,5.7,24.5,2.5,24.5,2.5,0,0,10,1,4,0.4
202021,Academic year,Local authority,E92000001,England,E12000008,South East,825,E10000002,Buckinghamshire,Revised,Alternative Provision,Total,Total,Total,Total,3,69,584,8.5,40,58,1,1.4,5,7.2,0,0,0,0,0,0,49.53,0.72,:,:,:,:,:,:,:,:,:,:,:,:,:,:,:,:,:,:,:,:,:,43,62.3,40,58,5,7.2,42,60.9,33,47.8,2,2.9,0,0,2,2.9,3,4.3,4,12.1,1,50,0,0,3,4.3,8,11.6,6,18.2,1,50,0,0,19,0.28,90,1.3,89,1.29,10,0.14,0,0,124,1.8,180,2.6,188,2.7,92,1.3,90,1.3,2,0,66,1,22,0.3
202021,Academic year,Local authority,E92000001,England,E12000008,South East,826,E06000042,Milton Keynes,Revised,Alternative Provision,Total,Total,Total,Total,2,12,48,4,2,16.7,0,0,0,0,0,0,0,0,0,0,1,0.08,:,:,:,:,:,:,:,:,:,:,:,:,:,:,:,:,:,:,:,:,:,3,25,3,25,0,0,2,16.7,2,16.7,1,8.3,0,0,0,0,0,0,0,0,0,0,0,0,0,0,0,0,0,0,0,0,0,0,0,0,2,0.17,1.5,0.13,1,0.08,0,0,13,1.1,4,0.3,4,0.3,27,2.3,27,2.3,0,0,3,0.3,4,0.3
202021,Academic year,Local authority,E92000001,England,E12000008,South East,845,E10000011,East Sussex,Revised,Alternative Provision,Total,Total,Total,Total,2,19,222,11.7,12,63.2,1,5.3,1,5.3,0,0,0,0,0,0,19,1,:,:,:,:,:,:,:,:,:,:,:,:,:,:,:,:,:,:,:,:,:,14,73.7,12,63.2,12,63.2,14,73.7,12,63.2,0,0,0,0,1,5.3,1,5.3,0,0,0,0,0,0,4,21.1,3,15.8,2,16.7,0,0,0,0,29,1.53,31,1.63,27,1.42,0,0,0,0,58,3.1,62,3.3,54,2.8,48,2.5,46,2.4,2,0.1,22,1.2,22,1.2
202021,Academic year,Local authority,E92000001,England,E12000008,South East,846,E06000043,Brighton and Hove,Revised,Alternative Provision,Total,Total,Total,Total,2,53,659,12.4,43,81.1,5,9.4,13,24.5,0,0,0,0,0,0,24.5,0.46,:,:,:,:,:,:,:,:,:,:,:,:,:,:,:,:,:,:,:,:,:,44,83,44,83,1,1.9,44,83,0,0,1,1.9,1,1.9,0,0,8,15.1,0,0,0,0,1,100,0,0,17,32.1,0,0,0,0,1,100,3,0.06,132,2.49,0,0,3,0.06,9,0.17,142,2.7,264,5,106,2,147,2.8,147,2.8,0,0,42,0.8,43,0.8
202021,Academic year,Local authority,E92000001,England,E12000008,South East,850,E10000014,Hampshire,Revised,Alternative Provision,Total,Total,Total,Total,8,89,673,7.6,34,38.2,3,3.4,10,11.2,0,0,0,0,0,0,48.33,0.54,:,:,:,:,:,:,:,:,:,:,:,:,:,:,:,:,:,:,:,:,:,52,58.4,47,52.8,11,12.4,35,39.3,22,24.7,1,1.1,0,0,4,4.5,4,4.5,3,13.6,1,100,0,0,6,6.7,14,15.7,8,36.4,1,100,0,0,43,0.48,103,1.16,69,0.78,6,0.07,0,0,168,1.9,206,2.3,185,2.1,114,1.3,84,0.9,30,0.3,56,0.6,35,0.4
202021,Academic year,Local authority,E92000001,England,E12000008,South East,851,E06000044,Portsmouth,Revised,Alternative Provision,Total,Total,Total,Total,1,2,c,c,c,c,c,c,c,c,c,c,c,c,c,c,c,c,:,:,:,:,:,:,:,:,:,:,:,:,:,:,:,:,:,:,:,:,:,c,c,c,c,c,c,c,c,c,c,c,c,c,c,c,c,c,c,c,c,c,c,c,c,c,c,c,c,c,c,c,c,c,c,c,c,c,c,c,c,c,c,c,c,c,c,c,c,c,c,c,c,c,c,c,c,c,c,c,c
202021,Academic year,Local authority,E92000001,England,E12000008,South East,852,E06000045,Southampton,Revised,Alternative Provision,Total,Total,Total,Total,2,22,69,3.1,6,27.3,0,0,0,0,0,0,0,0,0,0,4.83,0.22,:,:,:,:,:,:,:,:,:,:,:,:,:,:,:,:,:,:,:,:,:,7,31.8,7,31.8,0,0,7,31.8,3,13.6,0,0,0,0,0,0,0,0,0,0,0,0,0,0,0,0,0,0,0,0,0,0,0,0,0,0,16,0.73,6.5,0.3,0,0,0,0,16,0.7,32,1.5,13,0.6,8,0.4,8,0.4,0,0,6,0.3,4,0.2
202021,Academic year,Local authority,E92000001,England,E12000009,South West,865,E06000054,Wiltshire,Revised,Alternative Provision,Total,Total,Total,Total,1,20,c,c,c,c,c,c,c,c,c,c,c,c,c,c,c,c,:,:,:,:,:,:,:,:,:,:,:,:,:,:,:,:,:,:,:,:,:,c,c,c,c,c,c,c,c,c,c,c,c,c,c,c,c,c,c,c,c,c,c,c,c,c,c,c,c,c,c,c,c,c,c,c,c,c,c,c,c,c,c,c,c,c,c,c,c,c,c,c,c,c,c,c,c,c,c,c,c
202021,Academic year,Local authority,E92000001,England,E12000009,South West,866,E06000030,Swindon,Revised,Alternative Provision,Total,Total,Total,Total,1,27,c,c,c,c,c,c,c,c,c,c,c,c,c,c,c,c,:,:,:,:,:,:,:,:,:,:,:,:,:,:,:,:,:,:,:,:,:,c,c,c,c,c,c,c,c,c,c,c,c,c,c,c,c,c,c,c,c,c,c,c,c,c,c,c,c,c,c,c,c,c,c,c,c,c,c,c,c,c,c,c,c,c,c,c,c,c,c,c,c,c,c,c,c,c,c,c,c
202021,Academic year,Local authority,E92000001,England,E12000009,South West,838,E06000059,Dorset,Revised,Alternative Provision,Total,Total,Total,Total,5,54,743.25,13.8,39,72.2,5,9.3,9,16.7,0,0,0,0,0,0,43.82,0.81,:,:,:,:,:,:,:,:,:,:,:,:,:,:,:,:,:,:,:,:,:,42,77.8,41,75.9,12,22.2,42,77.8,9,16.7,18,33.3,0,0,5,9.3,7,13,1,11.1,2,11.1,0,0,6,11.1,13,24.1,3,33.3,5,27.8,0,0,45,0.83,122,2.26,26,0.48,44,0.81,0,0,157,2.9,244,4.5,161,3,181.25,3.4,162,3,19.25,0.4,56,1,49,0.9
202021,Academic year,Local authority,E92000001,England,E12000009,South West,839,E06000058,"Bournemouth, Christchurch and Poole",Revised,Alternative Provision,Total,Total,Total,Total,3,79,652,8.3,27,34.2,5,6.3,15,19,0,0,0,0,0,0,34.69,0.44,:,:,:,:,:,:,:,:,:,:,:,:,:,:,:,:,:,:,:,:,:,40,50.6,38,48.1,9,11.4,34,43,3,3.8,9,11.4,0,0,3,3.8,10,12.7,2,66.7,1,11.1,0,0,5,6.3,18,22.8,2,66.7,5,55.6,0,0,31,0.39,115,1.46,17,0.22,28,0.35,0,0,163,2.1,230,2.9,137,1.7,122,1.5,87,1.1,35,0.4,35,0.4,31,0.4
202021,Academic year,Local authority,E92000001,England,E12000009,South West,916,E10000013,Gloucestershire,Revised,Alternative Provision,Total,Total,Total,Total,5,80,447,5.6,35,43.8,0,0,6,7.5,0,0,0,0,0,0,29.68,0.37,:,:,:,:,:,:,:,:,:,:,:,:,:,:,:,:,:,:,:,:,:,46,57.5,39,48.8,1,1.3,38,47.5,30,37.5,0,0,0,0,0,0,1,1.3,0,0,0,0,0,0,0,0,7,8.8,3,10,0,0,0,0,3,0.04,74,0.93,50.5,0.63,0,0,0,0,97,1.2,148,1.9,138,1.7,64,0.8,64,0.8,0,0,51,0.6,16,0.2
202021,Academic year,Local authority,E92000001,England,E12000009,South West,878,E10000008,Devon,Revised,Alternative Provision,Total,Total,Total,Total,5,74,581,7.9,33,44.6,4,5.4,10,13.5,0,0,0,0,0,0,34.82,0.47,:,:,:,:,:,:,:,:,:,:,:,:,:,:,:,:,:,:,:,:,:,37,50,36,48.6,17,23,37,50,3,4.1,1,1.4,0,0,5,6.8,6,8.1,2,66.7,0,0,0,0,10,13.5,16,21.6,2,66.7,0,0,0,0,65,0.88,112,1.51,14.5,0.2,3,0.04,0,0,162,2.2,224,3,110,1.5,85,1.1,85,1.1,0,0,34,0.5,26,0.4
202021,Academic year,Local authority,E92000001,England,E12000009,South West,879,E06000026,Plymouth,Revised,Alternative Provision,Total,Total,Total,Total,2,71,681,9.6,30,42.3,1,1.4,5,7,2,2.8,0,0,1,1.4,59.64,0.84,:,:,:,:,:,:,:,:,:,:,:,:,:,:,:,:,:,:,:,:,:,56,78.9,56,78.9,2,2.8,56,78.9,32,45.1,3,4.2,2,2.8,2,2.8,5,7,2,6.3,0,0,0,0,2,2.8,17,23.9,7,21.9,2,66.7,2,100,10,0.14,157,2.21,86,1.21,11,0.15,8,0.11,111,1.6,314,4.4,184,2.6,72,1,72,1,0,0,67,0.9,25,0.4
202021,Academic year,Local authority,E92000001,England,E12000009,South West,880,E06000027,Torbay,Revised,Alternative Provision,Total,Total,Total,Total,2,45,267,5.9,26,57.8,0,0,1,2.2,0,0,0,0,0,0,17.33,0.39,:,:,:,:,:,:,:,:,:,:,:,:,:,:,:,:,:,:,:,:,:,30,66.7,26,57.8,8,17.8,27,60,2,4.4,0,0,0,0,0,0,1,2.2,1,50,0,0,0,0,0,0,5,11.1,2,100,0,0,0,0,16,0.36,70,1.56,9,0.2,0,0,0,0,63,1.4,140,3.1,27,0.6,37,0.8,37,0.8,0,0,9,0.2,22,0.5
202021,Academic year,Local authority,E92000001,England,E12000009,South West,908,E06000052,Cornwall,Revised,Alternative Provision,Total,Total,Total,Total,8,61,967,15.9,49,80.3,7,11.5,16,26.2,0,0,0,0,0,0,58.01,0.95,:,:,:,:,:,:,:,:,:,:,:,:,:,:,:,:,:,:,:,:,:,50,82,50,82,36,59,50,82,7,11.5,1,1.6,0,0,13,21.3,8,13.1,2,28.6,1,100,0,0,24,39.3,20,32.8,2,28.6,1,100,0,0,149,2.44,147,2.41,23,0.38,6,0.1,0,0,337,5.5,294,4.8,133,2.2,203,3.3,203,3.3,0,0,44,0.7,68,1.1
202021,Academic year,Local authority,E92000001,England,E12000009,South West,933,E10000027,Somerset,Revised,Alternative Provision,Total,Total,Total,Total,5,52,374,7.2,28,53.8,1,1.9,5,9.6,0,0,0,0,0,0,24.5,0.47,:,:,:,:,:,:,:,:,:,:,:,:,:,:,:,:,:,:,:,:,:,34,65.4,31,59.6,2,3.8,30,57.7,15,28.8,0,0,0,0,0,0,2,3.8,1,6.7,0,0,0,0,1,1.9,8,15.4,3,20,0,0,0,0,6,0.12,68,1.31,36.5,0.7,0,0,0,0,76,1.5,136,2.6,97,1.9,65,1.3,55,1.1,10,0.2,33,0.6,17,0.3
202021,Academic year,Local authority,E92000001,England,E12000009,South West,800,E06000022,Bath and North East Somerset,Revised,Alternative Provision,Total,Total,Total,Total,1,1,c,c,c,c,c,c,c,c,c,c,c,c,c,c,c,c,:,:,:,:,:,:,:,:,:,:,:,:,:,:,:,:,:,:,:,:,:,c,c,c,c,c,c,c,c,c,c,c,c,c,c,c,c,c,c,c,c,c,c,c,c,c,c,c,c,c,c,c,c,c,c,c,c,c,c,c,c,c,c,c,c,c,c,c,c,c,c,c,c,c,c,c,c,c,c,c,c
202021,Academic year,Local authority,E92000001,England,E12000009,South West,801,E06000023,"Bristol, City of",Revised,Alternative Provision,Total,Total,Total,Total,5,93,872,9.4,62,66.7,7,7.5,22,23.7,1,1.1,1,1.1,1,1.1,49.03,0.53,:,:,:,:,:,:,:,:,:,:,:,:,:,:,:,:,:,:,:,:,:,69,74.2,60,64.5,10,10.8,66,71,4,4.3,2,2.2,2,2.2,5,5.4,11,11.8,1,25,2,100,1,50,8,8.6,32,34.4,1,25,2,100,2,100,52,0.56,193,2.08,13,0.14,13,0.14,10,0.11,252,2.7,386,4.2,103,1.1,131,1.4,127,1.4,4,0,29,0.3,36,0.4
202021,Academic year,Local authority,E92000001,England,E12000009,South West,802,E06000024,North Somerset,Revised,Alternative Provision,Total,Total,Total,Total,2,30,262,8.7,14,46.7,1,3.3,3,10,0,0,0,0,0,0,7.16,0.24,:,:,:,:,:,:,:,:,:,:,:,:,:,:,:,:,:,:,:,:,:,20,66.7,20,66.7,0,0,16,53.3,0,0,0,0,0,0,0,0,1,3.3,0,0,0,0,0,0,0,0,4,13.3,0,0,0,0,0,0,0,0,43,1.43,0,0,0,0,0,0,46,1.5,86,2.9,39,1.3,91,3,91,3,0,0,15,0.5,24,0.8
202021,Academic year,Local authority,E92000001,England,E12000009,South West,803,E06000025,South Gloucestershire,Revised,Alternative Provision,Total,Total,Total,Total,2,60,805.75,13.4,45,75,7,11.7,14,23.3,0,0,0,0,0,0,28.16,0.47,:,:,:,:,:,:,:,:,:,:,:,:,:,:,:,:,:,:,:,:,:,50,83.3,48,80,6,10,46,76.7,0,0,2,3.3,0,0,4,6.7,9,15,0,0,0,0,0,0,5,8.3,16,26.7,0,0,0,0,0,0,29,0.48,136,2.27,0,0,4,0.07,0,0,173,2.9,272,4.5,143,2.4,217.75,3.6,168,2.8,49.75,0.8,36,0.6,50,0.8
