time_period,time_identifier,version,geographic_level,country_code,country_name,table,school_type,school_admission_type,school_religious_denomination,subject,qualification_type,total_exam_entries,9,8,7,6,5,4,3,2,1,99,98,88,87,77,76,66,65,55,54,44,43,33,32,22,21,11,U,X
202021,Academic year,Revised,National,E92000001,England,S3,All Schools,Total,Total,Ancient History,GCSE,1081,198,175,161,160,124,101,71,41,27,z,z,z,z,z,z,z,z,z,z,z,z,z,z,z,z,z,19,4
202021,Academic year,Revised,National,E92000001,England,S3,All Schools,Total,Total,Any classical study,GCSE,13990,6279,2676,2103,1313,768,482,198,89,44,z,z,z,z,z,z,z,z,z,z,z,z,z,z,z,z,z,13,25
202021,Academic year,Revised,National,E92000001,England,S3,All Schools,Total,Total,Any design & technology,GCSE,132051,9434,12251,16091,20278,21626,21829,16560,8635,3593,z,z,z,z,z,z,z,z,z,z,z,z,z,z,z,z,z,1293,461
202021,Academic year,Revised,National,E92000001,England,S3,All Schools,Total,Total,Any modern language,GCSE,296563,36320,34433,39549,36210,58322,45085,29349,11269,3649,z,z,z,z,z,z,z,z,z,z,z,z,z,z,z,z,z,1200,1177
202021,Academic year,Revised,National,E92000001,England,S3,All Schools,Total,Total,Any science,GCSE,990659,96728,100280,109112,103283,76932,46952,22281,10589,5071,6402,5404,9547,11216,18007,19350,27438,23884,53059,41081,53423,39685,37072,24749,21004,11433,9078,5484,2115
202021,Academic year,Revised,National,E92000001,England,S3,All Schools,Total,Total,Any subject,GCSE,617553,z,z,z,z,z,z,z,z,z,z,z,z,z,z,z,z,z,z,z,z,z,z,z,z,z,z,z,z
202021,Academic year,Revised,National,E92000001,England,S3,All Schools,Total,Total,Art and Design,GCSE,194169,13525,17966,26862,35892,37507,32294,17999,7485,2844,z,z,z,z,z,z,z,z,z,z,z,z,z,z,z,z,z,951,844
202021,Academic year,Revised,National,E92000001,England,S3,All Schools,Total,Total,Biblical Hebrew,GCSE,609,76,114,150,112,75,51,14,9,2,z,z,z,z,z,z,z,z,z,z,z,z,z,z,z,z,z,2,4
202021,Academic year,Revised,National,E92000001,England,S3,All Schools,Total,Total,Biology,GCSE,167301,30592,30978,32948,30923,20891,11337,5296,2536,1133,z,z,z,z,z,z,z,z,z,z,z,z,z,z,z,z,z,379,288
202021,Academic year,Revised,National,E92000001,England,S3,All Schools,Total,Total,Business,GCSE,95150,8086,10128,13141,15996,15460,13566,10207,5330,2323,z,z,z,z,z,z,z,z,z,z,z,z,z,z,z,z,z,690,223
202021,Academic year,Revised,National,E92000001,England,S3,All Schools,Total,Total,Chemistry,GCSE,163901,29033,28992,31726,29511,22210,13147,5529,2311,918,z,z,z,z,z,z,z,z,z,z,z,z,z,z,z,z,z,266,258
202021,Academic year,Revised,National,E92000001,England,S3,All Schools,Total,Total,Classical Civilisation,GCSE,3439,963,652,655,487,308,222,96,34,15,z,z,z,z,z,z,z,z,z,z,z,z,z,z,z,z,z,3,4
202021,Academic year,Revised,National,E92000001,England,S3,All Schools,Total,Total,Classical Greek,GCSE,993,683,179,66,27,19,7,3,1,2,z,z,z,z,z,z,z,z,z,z,z,z,z,z,z,z,z,0,6
202021,Academic year,Revised,National,E92000001,England,S3,All Schools,Total,Total,Combined Science,GCSE,416858,z,z,z,z,z,z,z,z,z,6402,5404,9547,11216,18007,19350,27438,23884,53059,41081,53423,39685,37072,24749,21004,11433,9078,3742,1284
202021,Academic year,Revised,National,E92000001,England,S3,All Schools,Total,Total,Computer Science,GCSE,77154,8489,10136,11541,12124,11210,9904,6573,3883,2292,z,z,z,z,z,z,z,z,z,z,z,z,z,z,z,z,z,842,160
202021,Academic year,Revised,National,E92000001,England,S3,All Schools,Total,Total,Dance,GCSE,8832,1127,1212,1378,1465,1330,1130,689,292,139,z,z,z,z,z,z,z,z,z,z,z,z,z,z,z,z,z,41,29
202021,Academic year,Revised,National,E92000001,England,S3,All Schools,Total,Total,Design & Technology,GCSE,82460,6485,8013,10219,12428,13009,13069,10091,5576,2500,z,z,z,z,z,z,z,z,z,z,z,z,z,z,z,z,z,814,256
202021,Academic year,Revised,National,E92000001,England,S3,All Schools,Total,Total,Drama,GCSE,57141,7171,7551,8317,9969,8473,7141,4651,2314,991,z,z,z,z,z,z,z,z,z,z,z,z,z,z,z,z,z,461,102
202021,Academic year,Revised,National,E92000001,England,S3,All Schools,Total,Total,Economics,GCSE,6541,1088,1149,1214,1202,809,595,309,113,40,z,z,z,z,z,z,z,z,z,z,z,z,z,z,z,z,z,12,10
202021,Academic year,Revised,National,E92000001,England,S3,All Schools,Total,Total,Engineering,GCSE,2512,181,256,334,439,433,349,283,145,67,z,z,z,z,z,z,z,z,z,z,z,z,z,z,z,z,z,21,4
202021,Academic year,Revised,National,E92000001,England,S3,All Schools,Total,Total,English & mathematics,GCSE,579001,z,z,z,z,z,z,z,z,z,z,z,z,z,z,z,z,z,z,z,z,z,z,z,z,z,z,z,z
202021,Academic year,Revised,National,E92000001,England,S3,All Schools,Total,Total,English Language,GCSE,588889,31354,48363,74339,106381,112456,101448,68616,28658,10937,z,z,z,z,z,z,z,z,z,z,z,z,z,z,z,z,z,4545,1792
202021,Academic year,Revised,National,E92000001,England,S3,All Schools,Total,Total,English Literature,GCSE,574593,28086,45299,72886,101119,111794,99927,62068,31177,14008,z,z,z,z,z,z,z,z,z,z,z,z,z,z,z,z,z,6283,1946
202021,Academic year,Revised,National,E92000001,England,S3,All Schools,Total,Total,"English, mathematics & science",GCSE,570155,z,z,z,z,z,z,z,z,z,z,z,z,z,z,z,z,z,z,z,z,z,z,z,z,z,z,z,z
202021,Academic year,Revised,National,E92000001,England,S3,All Schools,Total,Total,Film Studies,GCSE,4974,253,382,514,846,847,904,599,346,177,z,z,z,z,z,z,z,z,z,z,z,z,z,z,z,z,z,86,20
202021,Academic year,Revised,National,E92000001,England,S3,All Schools,Total,Total,Food Preparation & Nutrition,GCSE,49591,2949,4238,5872,7850,8617,8760,6469,3059,1093,z,z,z,z,z,z,z,z,z,z,z,z,z,z,z,z,z,479,205
202021,Academic year,Revised,National,E92000001,England,S3,All Schools,Total,Total,French,GCSE,125075,11721,13173,16249,15493,26021,20983,13862,5185,1720,z,z,z,z,z,z,z,z,z,z,z,z,z,z,z,z,z,446,222
202021,Academic year,Revised,National,E92000001,England,S3,All Schools,Total,Total,Geography,GCSE,267434,25750,30232,35381,39105,38079,36541,30704,18866,9694,z,z,z,z,z,z,z,z,z,z,z,z,z,z,z,z,z,2516,566
202021,Academic year,Revised,National,E92000001,England,S3,All Schools,Total,Total,German,GCSE,37114,4285,4303,5527,5553,7373,5405,3162,1070,272,z,z,z,z,z,z,z,z,z,z,z,z,z,z,z,z,z,95,69
202021,Academic year,Revised,National,E92000001,England,S3,All Schools,Total,Total,History,GCSE,277837,23092,29633,36775,41819,41059,38696,31619,19752,10797,z,z,z,z,z,z,z,z,z,z,z,z,z,z,z,z,z,3893,702
202021,Academic year,Revised,National,E92000001,England,S3,All Schools,Total,Total,Latin,GCSE,8949,4557,1731,1232,687,366,202,85,45,25,z,z,z,z,z,z,z,z,z,z,z,z,z,z,z,z,z,8,11
202021,Academic year,Revised,National,E92000001,England,S3,All Schools,Total,Total,Mathematics,GCSE,584942,35080,50071,66636,74178,118761,109440,57660,40794,25053,z,z,z,z,z,z,z,z,z,z,z,z,z,z,z,z,z,5653,1616
202021,Academic year,Revised,National,E92000001,England,S3,All Schools,Total,Total,Mathematics & science,GCSE,573354,z,z,z,z,z,z,z,z,z,z,z,z,z,z,z,z,z,z,z,z,z,z,z,z,z,z,z,z
202021,Academic year,Revised,National,E92000001,England,S3,All Schools,Total,Total,Media/Film/TV,GCSE,27514,1653,2413,3370,4875,4925,4563,3036,1537,727,z,z,z,z,z,z,z,z,z,z,z,z,z,z,z,z,z,308,107
202021,Academic year,Revised,National,E92000001,England,S3,All Schools,Total,Total,Music,GCSE,35468,6292,5675,5753,5454,4363,3613,2369,1139,461,z,z,z,z,z,z,z,z,z,z,z,z,z,z,z,z,z,256,93
202021,Academic year,Revised,National,E92000001,England,S3,All Schools,Total,Total,Other Modern Languages,GCSE,24610,9003,5067,3245,1849,2237,1318,739,335,106,z,z,z,z,z,z,z,z,z,z,z,z,z,z,z,z,z,132,579
202021,Academic year,Revised,National,E92000001,England,S3,All Schools,Total,Total,Other Sciences,GCSE,2513,588,445,430,359,276,186,103,78,36,z,z,z,z,z,z,z,z,z,z,z,z,z,z,z,z,z,5,7
202021,Academic year,Revised,National,E92000001,England,S3,All Schools,Total,Total,Physical Education,GCSE,70877,8558,9014,11043,12544,11472,8937,6274,2228,602,z,z,z,z,z,z,z,z,z,z,z,z,z,z,z,z,z,112,93
202021,Academic year,Revised,National,E92000001,England,S3,All Schools,Total,Total,Physics,GCSE,162932,28026,29729,32467,30366,22345,12378,4780,1781,692,z,z,z,z,z,z,z,z,z,z,z,z,z,z,z,z,z,250,118
202021,Academic year,Revised,National,E92000001,England,S3,All Schools,Total,Total,Religious Studies,GCSE,223827,25001,27372,31209,34643,32160,28617,21970,12929,6939,z,z,z,z,z,z,z,z,z,z,z,z,z,z,z,z,z,2387,600
202021,Academic year,Revised,National,E92000001,England,S3,All Schools,Total,Total,Social Studies,GCSE,57752,4589,5622,7485,9205,9057,8770,6516,3766,1863,z,z,z,z,z,z,z,z,z,z,z,z,z,z,z,z,z,632,247
202021,Academic year,Revised,National,E92000001,England,S3,All Schools,Total,Total,Spanish,GCSE,109764,11311,11890,14528,13315,22691,17379,11586,4679,1551,z,z,z,z,z,z,z,z,z,z,z,z,z,z,z,z,z,527,307
202021,Academic year,Revised,National,E92000001,England,S3,All Schools,Total,Total,Statistics,GCSE,20519,1487,2007,2648,3104,3951,3578,1987,1036,480,z,z,z,z,z,z,z,z,z,z,z,z,z,z,z,z,z,119,122
