﻿time_period,time_identifier,geographic_level,country_code,country_name,region_code,region_name,ru11ind_school_location,version,t_schools,t_pupils,t_att8,avg_att8,t_entbasics,pt_entbasics,t_l2basics_95,pt_l2basics_95,t_l2basics_94,pt_l2basics_94,t_ebacc_e_ptq_ee,pt_ebacc_e_ptq_ee,t_ebaccaps,avg_ebaccaps,t_ebacc_95,pt_ebacc_95,t_ebacc_94,pt_ebacc_94,t_inp8calc,t_p8score,avg_p8score,p8score_ci_low,p8score_ci_upp
202021,Academic year,National,E92000001,England,,,1 Urban - Major conurbation,Revised,1411,210989,10844358.59,51.4,204675,97,110756,52.5,151977,72,92718,43.9,955978.9,4.53,50175,23.8,68766,32.6,:,:,:,:,:
202021,Academic year,National,E92000001,England,,,2 Urban - minor conurbation,Revised,136,20845,1005431,48.2,20263,97.2,9944,47.7,14185,68,6765,32.5,86405.35,4.15,3539,17,5004,24,:,:,:,:,:
202021,Academic year,National,E92000001,England,,,3 Urban - City and town,Revised,1908,273469,13823183.98,50.5,265135,97,140651,51.4,196602,71.9,98248,35.9,1201919,4.4,56409,20.6,76541,28,:,:,:,:,:
202021,Academic year,National,E92000001,England,,,4 Rural - Town and fringe,Revised,376,53095,2755734.2,51.9,52251,98.4,28405,53.5,39993,75.3,18722,35.3,239357.1,4.51,10479,19.7,14756,27.8,:,:,:,:,:
202021,Academic year,National,E92000001,England,,,5 Rural - Village,Revised,82,9318,487262.75,52.3,9124,97.9,5150,55.3,7123,76.4,3308,35.5,42416.66,4.55,1898,20.4,2671,28.7,:,:,:,:,:
202021,Academic year,National,E92000001,England,,,6 Rural - Hamlet and isolated dwellings,Revised,74,7907,390293.75,49.4,7536,95.3,4071,51.5,5755,72.8,2959,37.4,34090.97,4.31,1532,19.4,2183,27.6,:,:,:,:,:
202021,Academic year,National,E92000001,England,,,Total,Revised,3987,575623,29306264.27,50.9,558984,97.1,298977,51.9,415635,72.2,222720,38.7,2560167.98,4.45,124032,21.5,169921,29.5,:,:,:,:,:
202021,Academic year,Regional,E92000001,England,E12000004,East Midlands,1 Urban - Major conurbation,Revised,2,268,12788.75,47.7,268,100,113,42.2,175,65.3,31,11.6,1041.65,3.89,17,6.3,27,10.1,:,:,:,:,:
202021,Academic year,Regional,E92000001,England,E12000004,East Midlands,2 Urban - minor conurbation,Revised,62,8728,432123.5,49.5,8513,97.5,4350,49.8,6098,69.9,2795,32,37642.71,4.31,1584,18.1,2167,24.8,:,:,:,:,:
202021,Academic year,Regional,E92000001,England,E12000004,East Midlands,3 Urban - City and town,Revised,208,30615,1505792.29,49.2,29592,96.7,15045,49.1,21355,69.8,11435,37.4,131893.38,4.31,6208,20.3,8714,28.5,:,:,:,:,:
202021,Academic year,Regional,E92000001,England,E12000004,East Midlands,4 Rural - Town and fringe,Revised,59,8609,444334.75,51.6,8493,98.7,4695,54.5,6448,74.9,3045,35.4,38407.51,4.46,1659,19.3,2317,26.9,:,:,:,:,:
202021,Academic year,Regional,E92000001,England,E12000004,East Midlands,5 Rural - Village,Revised,10,1216,58811.5,48.4,1200,98.7,583,47.9,867,71.3,367,30.2,5044.72,4.15,182,15,285,23.4,:,:,:,:,:
202021,Academic year,Regional,E92000001,England,E12000004,East Midlands,6 Rural - Hamlet and isolated dwellings,Revised,4,407,18838,46.3,387,95.1,183,45,275,67.6,105,25.8,1646.63,4.05,60,14.7,90,22.1,:,:,:,:,:
202021,Academic year,Regional,E92000001,England,E12000004,East Midlands,Total,Revised,345,49843,2472688.79,49.6,48453,97.2,24969,50.1,35218,70.7,17778,35.7,215676.6,4.33,9710,19.5,13600,27.3,:,:,:,:,:
202021,Academic year,Regional,E92000001,England,E12000006,East of England,1 Urban - Major conurbation,Revised,50,7012,367907.75,52.5,6847,97.6,3932,56.1,5273,75.2,3215,45.8,32479.05,4.63,1670,23.8,2353,33.6,:,:,:,:,:
202021,Academic year,Regional,E92000001,England,E12000006,East of England,3 Urban - City and town,Revised,302,45221,2285198.41,50.5,43853,97,22949,50.7,32277,71.4,16714,37,199338.88,4.41,9458,20.9,13020,28.8,:,:,:,:,:
202021,Academic year,Regional,E92000001,England,E12000006,East of England,4 Rural - Town and fringe,Revised,64,9118,474319.25,52,8945,98.1,4860,53.3,6847,75.1,3309,36.3,41381.27,4.54,1877,20.6,2635,28.9,:,:,:,:,:
202021,Academic year,Regional,E92000001,England,E12000006,East of England,5 Rural - Village,Revised,14,1853,96388.75,52,1804,97.4,1004,54.2,1403,75.7,565,30.5,8298.08,4.48,351,18.9,470,25.4,:,:,:,:,:
202021,Academic year,Regional,E92000001,England,E12000006,East of England,6 Rural - Hamlet and isolated dwellings,Revised,11,1443,76274.5,52.9,1429,99,815,56.5,1112,77.1,716,49.6,6829.49,4.73,364,25.2,507,35.1,:,:,:,:,:
202021,Academic year,Regional,E92000001,England,E12000006,East of England,Total,Revised,441,64647,3300088.66,51,62878,97.3,33560,51.9,46912,72.6,24519,37.9,288326.77,4.46,13720,21.2,18985,29.4,:,:,:,:,:
202021,Academic year,Regional,E92000001,England,E13000001,Inner London,1 Urban - Major conurbation,Revised,218,28760,1536318.5,53.4,27806,96.7,15953,55.5,21508,74.8,16569,57.6,139474.47,4.85,8434,29.3,11811,41.1,:,:,:,:,:
202021,Academic year,Regional,E92000001,England,E13000001,Inner London,Total,Revised,218,28760,1536318.5,53.4,27806,96.7,15953,55.5,21508,74.8,16569,57.6,139474.47,4.85,8434,29.3,11811,41.1,:,:,:,:,:
202021,Academic year,Regional,E92000001,England,E12000001,North East,1 Urban - Major conurbation,Revised,79,11601,567646,48.9,11153,96.1,5801,50,8151,70.3,4153,35.8,49083.5,4.23,2397,20.7,3290,28.4,:,:,:,:,:
202021,Academic year,Regional,E92000001,England,E12000001,North East,3 Urban - City and town,Revised,87,12664,624914.25,49.3,12279,97,6230,49.2,8978,70.9,3695,29.2,52859.62,4.17,2184,17.2,2967,23.4,:,:,:,:,:
202021,Academic year,Regional,E92000001,England,E12000001,North East,4 Rural - Town and fringe,Revised,24,2330,117163.5,50.3,2243,96.3,1237,53.1,1728,74.2,748,32.1,10071.08,4.32,453,19.4,629,27,:,:,:,:,:
202021,Academic year,Regional,E92000001,England,E12000001,North East,5 Rural - Village,Revised,4,238,11263.5,47.3,226,95,114,47.9,167,70.2,38,16,923.95,3.88,24,10.1,36,15.1,:,:,:,:,:
202021,Academic year,Regional,E92000001,England,E12000001,North East,6 Rural - Hamlet and isolated dwellings,Revised,1,222,c,c,c,c,c,c,c,c,c,c,c,c,c,c,c,c,:,:,:,:,:
202021,Academic year,Regional,E92000001,England,E12000001,North East,Total,Revised,195,27055,1331999.25,49.2,26122,96.6,13478,49.8,19168,70.8,8664,32,113845.01,4.21,5077,18.8,6948,25.7,:,:,:,:,:
202021,Academic year,Regional,E92000001,England,E12000002,North West,1 Urban - Major conurbation,Revised,294,44762,2194168.2,49,43283,96.7,21539,48.1,30757,68.7,16230,36.3,189424.68,4.23,8669,19.4,12091,27,:,:,:,:,:
202021,Academic year,Regional,E92000001,England,E12000002,North West,3 Urban - City and town,Revised,214,28274,1411092.75,49.9,27484,97.2,14414,51,20234,71.6,9475,33.5,121660.19,4.3,5195,18.4,7159,25.3,:,:,:,:,:
202021,Academic year,Regional,E92000001,England,E12000002,North West,4 Rural - Town and fringe,Revised,37,5082,266985.25,52.5,5010,98.6,2782,54.7,3864,76,1675,33,23039.05,4.53,985,19.4,1388,27.3,:,:,:,:,:
202021,Academic year,Regional,E92000001,England,E12000002,North West,5 Rural - Village,Revised,8,889,45794.75,51.5,877,98.7,456,51.3,656,73.8,334,37.6,3943.52,4.44,157,17.7,249,28,:,:,:,:,:
202021,Academic year,Regional,E92000001,England,E12000002,North West,6 Rural - Hamlet and isolated dwellings,Revised,9,942,44361.75,47.1,926,98.3,469,49.8,676,71.8,367,39,3862.92,4.1,183,19.4,275,29.2,:,:,:,:,:
202021,Academic year,Regional,E92000001,England,E12000002,North West,Total,Revised,562,79949,3962402.7,49.6,77580,97,39660,49.6,56187,70.3,28081,35.1,341930.36,4.28,15189,19,21162,26.5,:,:,:,:,:
202021,Academic year,Regional,E92000001,England,E13000002,Outer London,1 Urban - Major conurbation,Revised,366,56186,3055341.09,54.4,54676,97.3,32516,57.9,42704,76,29313,52.2,275262.25,4.9,16709,29.7,22173,39.5,:,:,:,:,:
202021,Academic year,Regional,E92000001,England,E13000002,Outer London,3 Urban - City and town,Revised,1,80,c,c,c,c,c,c,c,c,c,c,c,c,c,c,c,c,:,:,:,:,:
202021,Academic year,Regional,E92000001,England,E13000002,Outer London,4 Rural - Town and fringe,Revised,1,56,c,c,c,c,c,c,c,c,c,c,c,c,c,c,c,c,:,:,:,:,:
202021,Academic year,Regional,E92000001,England,E13000002,Outer London,5 Rural - Village,Revised,1,223,c,c,c,c,c,c,c,c,c,c,c,c,c,c,c,c,:,:,:,:,:
202021,Academic year,Regional,E92000001,England,E13000002,Outer London,Total,Revised,369,56545,3073471.09,54.4,55030,97.3,32707,57.8,42981,76,29423,52,276804.55,4.9,16767,29.7,22259,39.4,:,:,:,:,:
202021,Academic year,Regional,E92000001,England,E12000008,South East,1 Urban - Major conurbation,Revised,53,8295,458927.25,55.3,8127,98,4976,60,6493,78.3,3379,40.7,40425.52,4.87,2253,27.2,2804,33.8,:,:,:,:,:
202021,Academic year,Regional,E92000001,England,E12000008,South East,3 Urban - City and town,Revised,487,71423,3706018.25,51.9,69149,96.8,38474,53.9,52645,73.7,28525,39.9,325918,4.56,17335,24.3,22727,31.8,:,:,:,:,:
202021,Academic year,Regional,E92000001,England,E12000008,South East,4 Rural - Town and fringe,Revised,51,8159,431101.76,52.8,8052,98.7,4526,55.5,6338,77.7,2984,36.6,37736.53,4.63,1751,21.5,2415,29.6,:,:,:,:,:
202021,Academic year,Regional,E92000001,England,E12000008,South East,5 Rural - Village,Revised,18,1854,96203,51.9,1811,97.7,1054,56.9,1417,76.4,731,39.4,8434.97,4.55,406,21.9,585,31.6,:,:,:,:,:
202021,Academic year,Regional,E92000001,England,E12000008,South East,6 Rural - Hamlet and isolated dwellings,Revised,14,985,43778.5,44.4,866,87.9,451,45.8,641,65.1,273,27.7,3765.86,3.82,140,14.2,193,19.6,:,:,:,:,:
202021,Academic year,Regional,E92000001,England,E12000008,South East,Total,Revised,623,90716,4736028.76,52.2,88005,97,49481,54.5,67534,74.4,35892,39.6,416280.88,4.59,21885,24.1,28724,31.7,:,:,:,:,:
202021,Academic year,Regional,E92000001,England,E12000009,South West,3 Urban - City and town,Revised,298,40997,2106154.26,51.4,39776,97,21660,52.8,30019,73.2,12774,31.2,181371.8,4.42,7769,19,10234,25,:,:,:,:,:
202021,Academic year,Regional,E92000001,England,E12000009,South West,4 Rural - Town and fringe,Revised,62,9102,465174.69,51.1,8974,98.6,4533,49.8,6613,72.7,3431,37.7,40599.95,4.46,1708,18.8,2528,27.8,:,:,:,:,:
202021,Academic year,Regional,E92000001,England,E12000009,South West,5 Rural - Village,Revised,15,1532,84296,55,1500,97.9,925,60.4,1216,79.4,657,42.9,7485.51,4.89,413,27,541,35.3,:,:,:,:,:
202021,Academic year,Regional,E92000001,England,E12000009,South West,6 Rural - Hamlet and isolated dwellings,Revised,18,2069,103602.25,50.1,1959,94.7,1071,51.8,1524,73.7,610,29.5,8925.32,4.31,363,17.5,504,24.4,:,:,:,:,:
202021,Academic year,Regional,E92000001,England,E12000009,South West,Total,Revised,393,53700,2759227.2,51.4,52209,97.2,28189,52.5,39372,73.3,17472,32.5,238382.58,4.44,10253,19.1,13807,25.7,:,:,:,:,:
202021,Academic year,Regional,E92000001,England,E12000005,West Midlands,1 Urban - Major conurbation,Revised,228,33156,1632373.8,49.2,32187,97.1,15746,47.5,22559,68,11977,36.1,140504.21,4.24,5962,18,8494,25.6,:,:,:,:,:
202021,Academic year,Regional,E92000001,England,E12000005,West Midlands,3 Urban - City and town,Revised,186,25658,1256526.02,49,24816,96.7,12419,48.4,17780,69.3,8983,35,108501.59,4.23,4695,18.3,6610,25.8,:,:,:,:,:
202021,Academic year,Regional,E92000001,England,E12000005,West Midlands,4 Rural - Town and fringe,Revised,34,4633,245917,53.1,4604,99.4,2626,56.7,3631,78.4,1562,33.7,21341.53,4.61,939,20.3,1285,27.7,:,:,:,:,:
202021,Academic year,Regional,E92000001,England,E12000005,West Midlands,5 Rural - Village,Revised,7,831,45697,55,831,100,472,56.8,665,80,332,40,4033.06,4.85,167,20.1,252,30.3,:,:,:,:,:
202021,Academic year,Regional,E92000001,England,E12000005,West Midlands,6 Rural - Hamlet and isolated dwellings,Revised,14,1347,66480.5,49.4,1261,93.6,696,51.7,998,74.1,566,42,5832.21,4.33,281,20.9,407,30.2,:,:,:,:,:
202021,Academic year,Regional,E92000001,England,E12000005,West Midlands,Total,Revised,469,65625,3246994.32,49.5,63699,97.1,31959,48.7,45633,69.5,23420,35.7,280212.6,4.27,12044,18.4,17048,26,:,:,:,:,:
202021,Academic year,Regional,E92000001,England,E12000003,Yorkshire and The Humber,1 Urban - Major conurbation,Revised,121,20949,1018887.25,48.6,20328,97,10180,48.6,14357,68.5,7851,37.5,88283.57,4.21,4064,19.4,5723,27.3,:,:,:,:,:
202021,Academic year,Regional,E92000001,England,E12000003,Yorkshire and The Humber,2 Urban - minor conurbation,Revised,74,12117,573307.5,47.3,11750,97,5594,46.2,8087,66.7,3970,32.8,48762.64,4.02,1955,16.1,2837,23.4,:,:,:,:,:
202021,Academic year,Regional,E92000001,England,E12000003,Yorkshire and The Humber,3 Urban - City and town,Revised,125,18537,923077.75,49.8,18108,97.7,9404,50.7,13245,71.5,6623,35.7,80007.74,4.32,3551,19.2,5093,27.5,:,:,:,:,:
202021,Academic year,Regional,E92000001,England,E12000003,Yorkshire and The Humber,4 Rural - Town and fringe,Revised,44,6006,308056,51.3,5874,97.8,3121,52,4491,74.8,1954,32.5,26548.53,4.42,1102,18.3,1550,25.8,:,:,:,:,:
202021,Academic year,Regional,E92000001,England,E12000003,Yorkshire and The Humber,5 Rural - Village,Revised,5,682,37770.25,55.4,655,96,432,63.3,557,81.7,212,31.1,3310,4.85,159,23.3,193,28.3,:,:,:,:,:
202021,Academic year,Regional,E92000001,England,E12000003,Yorkshire and The Humber,6 Rural - Hamlet and isolated dwellings,Revised,3,492,25946.25,52.7,487,99,290,58.9,385,78.3,292,59.3,2321.68,4.72,122,24.8,181,36.8,:,:,:,:,:
202021,Academic year,Regional,E92000001,England,E12000003,Yorkshire and The Humber,Total,Revised,372,58783,2887045,49.1,57202,97.3,29021,49.4,41122,70,20902,35.6,249234.16,4.24,10953,18.6,15577,26.5,:,:,:,:,:
