﻿time_period,time_identifier,geographic_level,country_code,country_name,region_code,region_name,idaci_decile,ru11ind_pupil_residency,pupil_residency_detail,level_methodology,version,t_schools,t_pupils,t_att8,avg_att8,t_entbasics,pt_entbasics,t_l2basics_95,pt_l2basics_95,t_l2basics_94,pt_l2basics_94,t_ebacc_e_ptq_ee,pt_ebacc_e_ptq_ee,t_ebaccaps,avg_ebaccaps,t_ebacc_95,pt_ebacc_95,t_ebacc_94,pt_ebacc_94,t_inp8calc,t_p8score,avg_p8score,p8score_CI_low,p8score_CI_upp
202021,Academic year,National,E92000001,England,,,0-10%,Rural,Total,Pupil residence,Revised,276,1439,61252,42.6,1375,95.6,539,37.5,844,58.7,313,21.8,5109.76,3.55,144,10,222,15.4,:,:,:,:,:
202021,Academic year,National,E92000001,England,,,0-10%,Total,Total,Pupil residence,Revised,3061,71108,3047484.92,42.9,67917,95.5,25725,36.2,40906,57.5,20257,28.5,257558.61,3.62,8221,11.6,12948,18.2,:,:,:,:,:
202021,Academic year,National,E92000001,England,,,0-10%,Urban,Total,Pupil residence,Revised,3026,69669,2986232.92,42.9,66542,95.5,25186,36.2,40062,57.5,19944,28.6,252448.85,3.62,8077,11.6,12726,18.3,:,:,:,:,:
202021,Academic year,National,E92000001,England,,,10-20%,Rural,Total,Pupil residence,Revised,509,2750,124632.75,45.3,2641,96,1138,41.4,1751,63.7,749,27.2,10580.58,3.85,365,13.3,529,19.2,:,:,:,:,:
202021,Academic year,National,E92000001,England,,,10-20%,Total,Total,Pupil residence,Revised,3474,68372,3146545.18,46,65818,96.3,28595,41.8,43395,63.5,24055,35.2,271700.22,3.97,10806,15.8,16052,23.5,:,:,:,:,:
202021,Academic year,National,E92000001,England,,,10-20%,Urban,Total,Pupil residence,Revised,3399,65622,3021912.43,46.1,63177,96.3,27457,41.8,41644,63.5,23306,35.5,261119.64,3.98,10441,15.9,15523,23.7,:,:,:,:,:
202021,Academic year,National,E92000001,England,,,20-30%,Rural,Total,Pupil residence,Revised,802,4162,195520,47,4025,96.7,1870,44.9,2784,66.9,1212,29.1,16684.2,4.01,608,14.6,886,21.3,:,:,:,:,:
202021,Academic year,National,E92000001,England,,,20-30%,Total,Total,Pupil residence,Revised,3606,62296,2962460.02,47.6,60112,96.5,28207,45.3,41297,66.3,22346,35.9,256550.12,4.12,10830,17.4,15618,25.1,:,:,:,:,:
202021,Academic year,National,E92000001,England,,,20-30%,Urban,Total,Pupil residence,Revised,3479,58134,2766940.02,47.6,56087,96.5,26337,45.3,38513,66.2,21134,36.4,239865.92,4.13,10222,17.6,14732,25.3,:,:,:,:,:
202021,Academic year,National,E92000001,England,,,30-40%,Rural,Total,Pupil residence,Revised,1065,6871,329943,48,6692,97.4,3095,45,4698,68.4,2104,30.6,28286.44,4.12,1061,15.4,1542,22.4,:,:,:,:,:
202021,Academic year,National,E92000001,England,,,30-40%,Total,Total,Pupil residence,Revised,3655,59290,2913327.67,49.1,57447,96.9,28367,47.8,41051,69.2,21791,36.8,252871.47,4.26,11120,18.8,15825,26.7,:,:,:,:,:
202021,Academic year,National,E92000001,England,,,30-40%,Urban,Total,Pupil residence,Revised,3522,52419,2583384.67,49.3,50755,96.8,25272,48.2,36353,69.4,19687,37.6,224585.03,4.28,10059,19.2,14283,27.2,:,:,:,:,:
202021,Academic year,National,E92000001,England,,,40-50%,Rural,Total,Pupil residence,Revised,1314,9211,463019.75,50.3,8968,97.4,4616,50.1,6635,72,3217,34.9,40153.81,4.36,1758,19.1,2478,26.9,:,:,:,:,:
202021,Academic year,National,E92000001,England,,,40-50%,Total,Total,Pupil residence,Revised,3611,56257,2860338.54,50.8,54664,97.2,28923,51.4,40646,72.3,21524,38.3,249730.88,4.44,11657,20.7,16240,28.9,:,:,:,:,:
202021,Academic year,National,E92000001,England,,,40-50%,Urban,Total,Pupil residence,Revised,3448,47046,2397318.79,51,45696,97.1,24307,51.7,34011,72.3,18307,38.9,209577.07,4.45,9899,21,13762,29.3,:,:,:,:,:
202021,Academic year,National,E92000001,England,,,50-60%,Rural,Total,Pupil residence,Revised,1550,13033,676491.75,51.9,12721,97.6,6959,53.4,9816,75.3,4722,36.2,58936.19,4.52,2685,20.6,3760,28.8,:,:,:,:,:
202021,Academic year,National,E92000001,England,,,50-60%,Total,Total,Pupil residence,Revised,3551,53679,2821088.17,52.6,52353,97.5,29398,54.8,40481,75.4,21409,39.9,247332.67,4.61,12336,23,16774,31.2,:,:,:,:,:
202021,Academic year,National,E92000001,England,,,50-60%,Urban,Total,Pupil residence,Revised,3312,40646,2144596.42,52.8,39632,97.5,22439,55.2,30665,75.4,16687,41.1,188396.48,4.64,9651,23.7,13014,32,:,:,:,:,:
202021,Academic year,National,E92000001,England,,,60-70%,Rural,Total,Pupil residence,Revised,1629,14572,775583.39,53.2,14284,98,8227,56.5,11274,77.4,5371,36.9,67640.67,4.64,3252,22.3,4326,29.7,:,:,:,:,:
202021,Academic year,National,E92000001,England,,,60-70%,Total,Total,Pupil residence,Revised,3424,52333,2820584.8,53.9,51215,97.9,30405,58.1,40880,78.1,21323,40.7,247615.72,4.73,12833,24.5,17123,32.7,:,:,:,:,:
202021,Academic year,National,E92000001,England,,,60-70%,Urban,Total,Pupil residence,Revised,3163,37761,2045001.41,54.2,36931,97.8,22178,58.7,29606,78.4,15952,42.2,179975.05,4.77,9581,25.4,12797,33.9,:,:,:,:,:
202021,Academic year,National,E92000001,England,,,70-80%,Rural,Total,Pupil residence,Revised,1603,14481,793710.02,54.8,14144,97.7,8746,60.4,11612,80.2,5830,40.3,69754.08,4.82,3641,25.1,4858,33.5,:,:,:,:,:
202021,Academic year,National,E92000001,England,,,70-80%,Total,Total,Pupil residence,Revised,3251,51258,2845813.44,55.5,50208,98,31451,61.4,41432,80.8,22088,43.1,251315.86,4.9,13900,27.1,18223,35.6,:,:,:,:,:
202021,Academic year,National,E92000001,England,,,70-80%,Urban,Total,Pupil residence,Revised,2986,36777,2052103.42,55.8,36064,98.1,22705,61.7,29820,81.1,16258,44.2,181561.78,4.94,10259,27.9,13365,36.3,:,:,:,:,:
202021,Academic year,National,E92000001,England,,,80-90%,Rural,Total,Pupil residence,Revised,1625,14991,835445.14,55.7,14699,98.1,9292,62,12236,81.6,6412,42.8,73848.67,4.93,4077,27.2,5383,35.9,:,:,:,:,:
202021,Academic year,National,E92000001,England,,,80-90%,Total,Total,Pupil residence,Revised,3059,50997,2906527.97,57,50067,98.2,32981,64.7,42313,83,23198,45.5,258106.19,5.06,15123,29.7,19551,38.3,:,:,:,:,:
202021,Academic year,National,E92000001,England,,,80-90%,Urban,Total,Pupil residence,Revised,2804,36006,2071082.83,57.5,35368,98.2,23689,65.8,30077,83.5,16786,46.6,184257.52,5.12,11046,30.7,14168,39.3,:,:,:,:,:
202021,Academic year,National,E92000001,England,,,90-100%,Rural,Total,Pupil residence,Revised,1249,11504,667079.39,58,11293,98.2,7681,66.8,9683,84.2,5209,45.3,59364.99,5.16,3552,30.9,4501,39.1,:,:,:,:,:
202021,Academic year,National,E92000001,England,,,90-100%,Total,Total,Pupil residence,Revised,2634,49360,2954049.81,59.8,48583,98.4,34654,70.2,42830,86.8,24550,49.7,264991.33,5.37,17121,34.7,21442,43.4,:,:,:,:,:
202021,Academic year,National,E92000001,England,,,90-100%,Urban,Total,Pupil residence,Revised,2407,37856,2286970.42,60.4,37290,98.5,26973,71.3,33147,87.6,19341,51.1,205626.34,5.43,13569,35.8,16941,44.8,:,:,:,:,:
202021,Academic year,National,E92000001,England,,,Total,Rural,4 Rural - Town and fringe,Pupil residence,Revised,2470,49872,2587670.41,51.9,48713,97.7,26959,54.1,37441,75.1,18000,36.1,225127.63,4.51,10591,21.2,14387,28.8,:,:,:,:,:
202021,Academic year,National,E92000001,England,,,Total,Rural,5 Rural - Village,Pupil residence,Revised,2124,27511,1481315.13,53.8,26886,97.7,15919,57.9,21492,78.1,10791,39.2,130067.9,4.73,6625,24.1,8871,32.2,:,:,:,:,:
202021,Academic year,National,E92000001,England,,,Total,Rural,6 Rural - Hamlet and isolated dwellings,Pupil residence,Revised,1914,15631,853691.65,54.6,15243,97.5,9285,59.4,12400,79.3,6348,40.6,75163.86,4.81,3927,25.1,5227,33.4,:,:,:,:,:
202021,Academic year,National,E92000001,England,,,Total,Rural,Total,Pupil residence,Revised,2866,93014,4922677.19,52.9,90842,97.7,52163,56.1,71333,76.7,35139,37.8,430359.39,4.63,21143,22.7,28485,30.6,:,:,:,:,:
202021,Academic year,National,E92000001,England,,,Total,Total,Total,Pupil residence,Revised,3988,574950,29278220.52,50.9,558384,97.1,298706,52,415231,72.2,222541,38.7,2557773.07,4.45,123947,21.6,169796,29.5,:,:,:,:,:
202021,Academic year,National,E92000001,England,,,Total,Urban,1 Urban - Major conurbation,Pupil residence,Revised,1846,211745,10876899.72,51.4,205417,97,110995,52.4,152408,72,93127,44,958931.64,4.53,50330,23.8,69067,32.6,:,:,:,:,:
202021,Academic year,National,E92000001,England,,,Total,Urban,2 Urban - minor conurbation,Pupil residence,Revised,230,20278,978632.75,48.3,19704,97.2,9701,47.8,13782,68,6557,32.3,84145.95,4.15,3461,17.1,4864,24,:,:,:,:,:
202021,Academic year,National,E92000001,England,,,Total,Urban,3 Urban - City and town,Pupil residence,Revised,3210,249913,12500010.86,50,242421,97,125847,50.4,177708,71.1,87718,35.1,1084336.09,4.34,49013,19.6,67380,27,:,:,:,:,:
202021,Academic year,National,E92000001,England,,,Total,Urban,Total,Pupil residence,Revised,3962,481936,24355543.33,50.5,467542,97,246543,51.2,343898,71.4,187402,38.9,2127413.68,4.41,102804,21.3,141311,29.3,:,:,:,:,:
202021,Academic year,Regional,E92000001,England,E12000004,East Midlands,0-10%,Rural,Total,Pupil residence,Revised,49,216,9425.25,43.6,212,98.1,81,37.5,132,61.1,52,24.1,787.83,3.65,20,9.3,36,16.7,:,:,:,:,:
202021,Academic year,Regional,E92000001,England,E12000004,East Midlands,0-10%,Total,Total,Pupil residence,Revised,307,5933,242422.27,40.9,5679,95.7,1887,31.8,3157,53.2,1436,24.2,20499.84,3.46,560,9.4,910,15.3,:,:,:,:,:
202021,Academic year,Regional,E92000001,England,E12000004,East Midlands,0-10%,Urban,Total,Pupil residence,Revised,290,5717,232997.02,40.8,5467,95.6,1806,31.6,3025,52.9,1384,24.2,19712.01,3.45,540,9.4,874,15.3,:,:,:,:,:
202021,Academic year,Regional,E92000001,England,E12000004,East Midlands,10-20%,Rural,Total,Pupil residence,Revised,84,500,22417.5,44.8,487,97.4,196,39.2,303,60.6,157,31.4,1922.64,3.85,65,13,103,20.6,:,:,:,:,:
202021,Academic year,Regional,E92000001,England,E12000004,East Midlands,10-20%,Total,Total,Pupil residence,Revised,326,5041,221609.63,44,4865,96.5,1922,38.1,3005,59.6,1450,28.8,18962.73,3.76,643,12.8,977,19.4,:,:,:,:,:
202021,Academic year,Regional,E92000001,England,E12000004,East Midlands,10-20%,Urban,Total,Pupil residence,Revised,306,4541,199192.13,43.9,4378,96.4,1726,38,2702,59.5,1293,28.5,17040.09,3.75,578,12.7,874,19.2,:,:,:,:,:
202021,Academic year,Regional,E92000001,England,E12000004,East Midlands,20-30%,Rural,Total,Pupil residence,Revised,111,692,31522,45.6,668,96.5,295,42.6,446,64.5,233,33.7,2715.77,3.92,96,13.9,151,21.8,:,:,:,:,:
202021,Academic year,Regional,E92000001,England,E12000004,East Midlands,20-30%,Total,Total,Pupil residence,Revised,340,5137,231417.25,45,4940,96.2,2100,40.9,3187,62,1600,31.1,19937.41,3.88,733,14.3,1097,21.4,:,:,:,:,:
202021,Academic year,Regional,E92000001,England,E12000004,East Midlands,20-30%,Urban,Total,Pupil residence,Revised,310,4445,199895.25,45,4272,96.1,1805,40.6,2741,61.7,1367,30.8,17221.64,3.87,637,14.3,946,21.3,:,:,:,:,:
202021,Academic year,Regional,E92000001,England,E12000004,East Midlands,30-40%,Rural,Total,Pupil residence,Revised,120,837,39559.25,47.3,810,96.8,366,43.7,581,69.4,284,33.9,3419.81,4.09,128,15.3,192,22.9,:,:,:,:,:
202021,Academic year,Regional,E92000001,England,E12000004,East Midlands,30-40%,Total,Total,Pupil residence,Revised,350,4633,220590.63,47.6,4474,96.6,2109,45.5,3134,67.6,1472,31.8,19096.18,4.12,768,16.6,1073,23.2,:,:,:,:,:
202021,Academic year,Regional,E92000001,England,E12000004,East Midlands,30-40%,Urban,Total,Pupil residence,Revised,320,3796,181031.38,47.7,3664,96.5,1743,45.9,2553,67.3,1188,31.3,15676.37,4.13,640,16.9,881,23.2,:,:,:,:,:
202021,Academic year,Regional,E92000001,England,E12000004,East Midlands,40-50%,Rural,Total,Pupil residence,Revised,166,1344,67631.5,50.3,1307,97.2,674,50.1,975,72.5,494,36.8,5885.61,4.38,266,19.8,377,28.1,:,:,:,:,:
202021,Academic year,Regional,E92000001,England,E12000004,East Midlands,40-50%,Total,Total,Pupil residence,Revised,354,5186,256577,49.5,5042,97.2,2528,48.7,3665,70.7,1898,36.6,22402.58,4.32,953,18.4,1396,26.9,:,:,:,:,:
202021,Academic year,Regional,E92000001,England,E12000004,East Midlands,40-50%,Urban,Total,Pupil residence,Revised,310,3842,188945.5,49.2,3735,97.2,1854,48.3,2690,70,1404,36.5,16516.97,4.3,687,17.9,1019,26.5,:,:,:,:,:
202021,Academic year,Regional,E92000001,England,E12000004,East Midlands,50-60%,Rural,Total,Pupil residence,Revised,204,1619,84194.5,52,1582,97.7,869,53.7,1218,75.2,642,39.7,7372.53,4.55,356,22,523,32.3,:,:,:,:,:
202021,Academic year,Regional,E92000001,England,E12000004,East Midlands,50-60%,Total,Total,Pupil residence,Revised,361,4845,250217.5,51.6,4732,97.7,2608,53.8,3642,75.2,1845,38.1,21927.58,4.53,1031,21.3,1464,30.2,:,:,:,:,:
202021,Academic year,Regional,E92000001,England,E12000004,East Midlands,50-60%,Urban,Total,Pupil residence,Revised,304,3226,166023,51.5,3150,97.6,1739,53.9,2424,75.1,1203,37.3,14555.05,4.51,675,20.9,941,29.2,:,:,:,:,:
202021,Academic year,Regional,E92000001,England,E12000004,East Midlands,60-70%,Rural,Total,Pupil residence,Revised,220,2018,105875.75,52.5,1981,98.2,1133,56.1,1543,76.5,693,34.3,9182.06,4.55,407,20.2,546,27.1,:,:,:,:,:
202021,Academic year,Regional,E92000001,England,E12000004,East Midlands,60-70%,Total,Total,Pupil residence,Revised,349,5065,265117,52.3,4956,97.8,2838,56,3860,76.2,1968,38.9,23230.71,4.59,1114,22,1538,30.4,:,:,:,:,:
202021,Academic year,Regional,E92000001,England,E12000004,East Midlands,60-70%,Urban,Total,Pupil residence,Revised,287,3047,159241.25,52.3,2975,97.6,1705,56,2317,76,1275,41.8,14048.65,4.61,707,23.2,992,32.6,:,:,:,:,:
202021,Academic year,Regional,E92000001,England,E12000004,East Midlands,70-80%,Rural,Total,Pupil residence,Revised,226,1963,106196.13,54.1,1911,97.4,1218,62,1591,81,756,38.5,9312.73,4.74,485,24.7,645,32.9,:,:,:,:,:
202021,Academic year,Regional,E92000001,England,E12000004,East Midlands,70-80%,Total,Total,Pupil residence,Revised,342,5046,273127.38,54.1,4938,97.9,3046,60.4,4052,80.3,2012,39.9,24007.43,4.76,1219,24.2,1663,33,:,:,:,:,:
202021,Academic year,Regional,E92000001,England,E12000004,East Midlands,70-80%,Urban,Total,Pupil residence,Revised,283,3083,166931.25,54.1,3027,98.2,1828,59.3,2461,79.8,1256,40.7,14694.7,4.77,734,23.8,1018,33,:,:,:,:,:
202021,Academic year,Regional,E92000001,England,E12000004,East Midlands,80-90%,Rural,Total,Pupil residence,Revised,198,2008,111941,55.7,1972,98.2,1272,63.3,1652,82.3,811,40.4,9837.95,4.9,520,25.9,675,33.6,:,:,:,:,:
202021,Academic year,Regional,E92000001,England,E12000004,East Midlands,80-90%,Total,Total,Pupil residence,Revised,315,5201,288916.75,55.6,5116,98.4,3288,63.2,4272,82.1,2183,42,25529.19,4.91,1398,26.9,1820,35,:,:,:,:,:
202021,Academic year,Regional,E92000001,England,E12000004,East Midlands,80-90%,Urban,Total,Pupil residence,Revised,281,3193,176975.75,55.4,3144,98.5,2016,63.1,2620,82.1,1372,43,15691.24,4.91,878,27.5,1145,35.9,:,:,:,:,:
202021,Academic year,Regional,E92000001,England,E12000004,East Midlands,90-100%,Rural,Total,Pupil residence,Revised,144,1354,78320.75,57.8,1337,98.7,922,68.1,1168,86.3,601,44.4,6948.45,5.13,395,29.2,516,38.1,:,:,:,:,:
202021,Academic year,Regional,E92000001,England,E12000004,East Midlands,90-100%,Total,Total,Pupil residence,Revised,268,4023,233822.88,58.1,3967,98.6,2733,67.9,3450,85.8,1887,46.9,20868.14,5.19,1236,30.7,1605,39.9,:,:,:,:,:
202021,Academic year,Regional,E92000001,England,E12000004,East Midlands,90-100%,Urban,Total,Pupil residence,Revised,232,2669,155502.13,58.3,2630,98.5,1811,67.9,2282,85.5,1286,48.2,13919.69,5.22,841,31.5,1089,40.8,:,:,:,:,:
202021,Academic year,Regional,E92000001,England,E12000004,East Midlands,Total,Rural,4 Rural - Town and fringe,Pupil residence,Revised,339,7337,378475.13,51.6,7179,97.8,3999,54.5,5552,75.7,2621,35.7,32889.65,4.48,1499,20.4,2059,28.1,:,:,:,:,:
202021,Academic year,Regional,E92000001,England,E12000004,East Midlands,Total,Rural,5 Rural - Village,Pupil residence,Revised,300,3920,209634.25,53.5,3832,97.8,2270,57.9,3051,77.8,1580,40.3,18433.5,4.7,926,23.6,1272,32.4,:,:,:,:,:
202021,Academic year,Regional,E92000001,England,E12000004,East Midlands,Total,Rural,6 Rural - Hamlet and isolated dwellings,Pupil residence,Revised,215,1294,68974.25,53.3,1256,97.1,757,58.5,1006,77.7,522,40.3,6062.23,4.68,313,24.2,433,33.5,:,:,:,:,:
202021,Academic year,Regional,E92000001,England,E12000004,East Midlands,Total,Rural,Total,Pupil residence,Revised,414,12551,657083.63,52.4,12267,97.7,7026,56,9609,76.6,4723,37.6,57385.38,4.57,2738,21.8,3764,30,:,:,:,:,:
202021,Academic year,Regional,E92000001,England,E12000004,East Midlands,Total,Total,Total,Pupil residence,Revised,510,50110,2483818.29,49.6,48709,97.2,25059,50,35424,70.7,17751,35.4,216461.79,4.32,9655,19.3,13543,27,:,:,:,:,:
202021,Academic year,Regional,E92000001,England,E12000004,East Midlands,Total,Urban,1 Urban - Major conurbation,Pupil residence,Revised,20,342,16185.75,47.3,338,98.8,149,43.6,223,65.2,78,22.8,1343.03,3.93,40,11.7,55,16.1,:,:,:,:,:
202021,Academic year,Regional,E92000001,England,E12000004,East Midlands,Total,Urban,2 Urban - minor conurbation,Pupil residence,Revised,123,8236,407084.25,49.4,8025,97.4,4100,49.8,5748,69.8,2660,32.3,35489.86,4.31,1501,18.2,2051,24.9,:,:,:,:,:
202021,Academic year,Regional,E92000001,England,E12000004,East Midlands,Total,Urban,3 Urban - City and town,Pupil residence,Revised,399,28981,1403464.66,48.4,28079,96.9,13784,47.6,19844,68.5,10290,35.5,122243.52,4.22,5376,18.6,7673,26.5,:,:,:,:,:
202021,Academic year,Regional,E92000001,England,E12000004,East Midlands,Total,Urban,Total,Pupil residence,Revised,444,37559,1826734.66,48.6,36442,97,18033,48,25815,68.7,13028,34.7,159076.41,4.24,6917,18.4,9779,26,:,:,:,:,:
202021,Academic year,Regional,E92000001,England,E12000006,East of England,0-10%,Rural,Total,Pupil residence,Revised,32,125,5807.75,46.5,120,96,55,44,84,67.2,39,31.2,501.97,4.02,26,20.8,33,26.4,:,:,:,:,:
202021,Academic year,Regional,E92000001,England,E12000006,East of England,0-10%,Total,Total,Pupil residence,Revised,280,3412,142350.25,41.7,3247,95.2,1135,33.3,1869,54.8,891,26.1,11987.99,3.51,350,10.3,551,16.1,:,:,:,:,:
202021,Academic year,Regional,E92000001,England,E12000006,East of England,0-10%,Urban,Total,Pupil residence,Revised,272,3287,136542.5,41.5,3127,95.1,1080,32.9,1785,54.3,852,25.9,11486.02,3.49,324,9.9,518,15.8,:,:,:,:,:
202021,Academic year,Regional,E92000001,England,E12000006,East of England,10-20%,Rural,Total,Pupil residence,Revised,59,229,10614.75,46.4,221,96.5,101,44.1,150,65.5,67,29.3,913,3.99,34,14.8,45,19.7,:,:,:,:,:
202021,Academic year,Regional,E92000001,England,E12000006,East of England,10-20%,Total,Total,Pupil residence,Revised,418,4872,215022,44.1,4672,95.9,1845,37.9,2912,59.8,1349,27.7,18276.24,3.75,574,11.8,896,18.4,:,:,:,:,:
202021,Academic year,Regional,E92000001,England,E12000006,East of England,10-20%,Urban,Total,Pupil residence,Revised,403,4643,204407.25,44,4451,95.9,1744,37.6,2762,59.5,1282,27.6,17363.24,3.74,540,11.6,851,18.3,:,:,:,:,:
202021,Academic year,Regional,E92000001,England,E12000006,East of England,20-30%,Rural,Total,Pupil residence,Revised,144,723,34336.75,47.5,699,96.7,334,46.2,492,68,200,27.7,2909.49,4.02,99,13.7,149,20.6,:,:,:,:,:
202021,Academic year,Regional,E92000001,England,E12000006,East of England,20-30%,Total,Total,Pupil residence,Revised,487,6457,296954.01,46,6192,95.9,2753,42.6,4103,63.5,2056,31.8,25528.97,3.95,952,14.7,1422,22,:,:,:,:,:
202021,Academic year,Regional,E92000001,England,E12000006,East of England,20-30%,Urban,Total,Pupil residence,Revised,452,5734,262617.26,45.8,5493,95.8,2419,42.2,3611,63,1856,32.4,22619.48,3.94,853,14.9,1273,22.2,:,:,:,:,:
202021,Academic year,Regional,E92000001,England,E12000006,East of England,30-40%,Rural,Total,Pupil residence,Revised,192,1183,56301.75,47.6,1156,97.7,527,44.5,805,68,352,29.8,4817.65,4.07,177,15,272,23,:,:,:,:,:
202021,Academic year,Regional,E92000001,England,E12000006,East of England,30-40%,Total,Total,Pupil residence,Revised,493,7233,347747.13,48.1,7011,96.9,3315,45.8,4867,67.3,2545,35.2,30045.69,4.15,1259,17.4,1877,26,:,:,:,:,:
202021,Academic year,Regional,E92000001,England,E12000006,East of England,30-40%,Urban,Total,Pupil residence,Revised,465,6050,291445.38,48.2,5855,96.8,2788,46.1,4062,67.1,2193,36.2,25228.04,4.17,1082,17.9,1605,26.5,:,:,:,:,:
202021,Academic year,Regional,E92000001,England,E12000006,East of England,40-50%,Rural,Total,Pupil residence,Revised,242,1963,97115.5,49.5,1911,97.4,947,48.2,1395,71.1,642,32.7,8374.66,4.27,337,17.2,489,24.9,:,:,:,:,:
202021,Academic year,Regional,E92000001,England,E12000006,East of England,40-50%,Total,Total,Pupil residence,Revised,492,7466,366494.5,49.1,7225,96.8,3599,48.2,5209,69.8,2636,35.3,31786.77,4.26,1358,18.2,1931,25.9,:,:,:,:,:
202021,Academic year,Regional,E92000001,England,E12000006,East of England,40-50%,Urban,Total,Pupil residence,Revised,450,5503,269379,49,5314,96.6,2652,48.2,3814,69.3,1994,36.2,23412.11,4.25,1021,18.6,1442,26.2,:,:,:,:,:
202021,Academic year,Regional,E92000001,England,E12000006,East of England,50-60%,Rural,Total,Pupil residence,Revised,276,2743,141023.25,51.4,2689,98,1434,52.3,2083,75.9,896,32.7,12164.25,4.43,498,18.2,707,25.8,:,:,:,:,:
202021,Academic year,Regional,E92000001,England,E12000006,East of England,50-60%,Total,Total,Pupil residence,Revised,481,7592,391207.51,51.5,7422,97.8,3989,52.5,5651,74.4,2846,37.5,34106.37,4.49,1611,21.2,2207,29.1,:,:,:,:,:
202021,Academic year,Regional,E92000001,England,E12000006,East of England,50-60%,Urban,Total,Pupil residence,Revised,423,4849,250184.26,51.6,4733,97.6,2555,52.7,3568,73.6,1950,40.2,21942.12,4.53,1113,23,1500,30.9,:,:,:,:,:
202021,Academic year,Regional,E92000001,England,E12000006,East of England,60-70%,Rural,Total,Pupil residence,Revised,285,3139,164256.75,52.3,3073,97.9,1701,54.2,2388,76.1,1194,38,14364.83,4.58,682,21.7,931,29.7,:,:,:,:,:
202021,Academic year,Regional,E92000001,England,E12000006,East of England,60-70%,Total,Total,Pupil residence,Revised,479,7400,390268.88,52.7,7238,97.8,4115,55.6,5665,76.6,2949,39.9,34229.03,4.63,1676,22.6,2314,31.3,:,:,:,:,:
202021,Academic year,Regional,E92000001,England,E12000006,East of England,60-70%,Urban,Total,Pupil residence,Revised,410,4261,226012.13,53,4165,97.7,2414,56.7,3277,76.9,1755,41.2,19864.2,4.66,994,23.3,1383,32.5,:,:,:,:,:
202021,Academic year,Regional,E92000001,England,E12000006,East of England,70-80%,Rural,Total,Pupil residence,Revised,281,2990,161289.5,53.9,2921,97.7,1756,58.7,2357,78.8,1180,39.5,14179.51,4.74,708,23.7,960,32.1,:,:,:,:,:
202021,Academic year,Regional,E92000001,England,E12000006,East of England,70-80%,Total,Total,Pupil residence,Revised,445,7561,413131.13,54.6,7410,98,4455,58.9,6023,79.7,3237,42.8,36481.42,4.82,1923,25.4,2624,34.7,:,:,:,:,:
202021,Academic year,Regional,E92000001,England,E12000006,East of England,70-80%,Urban,Total,Pupil residence,Revised,373,4571,251841.63,55.1,4489,98.2,2699,59,3666,80.2,2057,45,22301.91,4.88,1215,26.6,1664,36.4,:,:,:,:,:
202021,Academic year,Regional,E92000001,England,E12000006,East of England,80-90%,Rural,Total,Pupil residence,Revised,252,2332,128385.5,55.1,2297,98.5,1412,60.5,1852,79.4,1008,43.2,11370.71,4.88,619,26.5,846,36.3,:,:,:,:,:
202021,Academic year,Regional,E92000001,England,E12000006,East of England,80-90%,Total,Total,Pupil residence,Revised,402,6660,376722.5,56.6,6553,98.4,4206,63.2,5447,81.8,2992,44.9,33435.69,5.02,1910,28.7,2533,38,:,:,:,:,:
202021,Academic year,Regional,E92000001,England,E12000006,East of England,80-90%,Urban,Total,Pupil residence,Revised,347,4328,248337,57.4,4256,98.3,2794,64.6,3595,83.1,1984,45.8,22064.98,5.1,1291,29.8,1687,39,:,:,:,:,:
202021,Academic year,Regional,E92000001,England,E12000006,East of England,90-100%,Rural,Total,Pupil residence,Revised,185,1576,90130.5,57.2,1555,98.7,1018,64.6,1295,82.2,768,48.7,8090.83,5.13,506,32.1,641,40.7,:,:,:,:,:
202021,Academic year,Regional,E92000001,England,E12000006,East of England,90-100%,Total,Total,Pupil residence,Revised,339,5566,333494,59.9,5483,98.5,3873,69.6,4804,86.3,2901,52.1,30133.11,5.41,2016,36.2,2522,45.3,:,:,:,:,:
202021,Academic year,Regional,E92000001,England,E12000006,East of England,90-100%,Urban,Total,Pupil residence,Revised,293,3990,243363.5,61,3928,98.4,2855,71.6,3509,87.9,2133,53.5,22042.28,5.52,1510,37.8,1881,47.1,:,:,:,:,:
202021,Academic year,Regional,E92000001,England,E12000006,East of England,Total,Rural,4 Rural - Town and fringe,Pupil residence,Revised,414,8991,465561.75,51.8,8806,97.9,4829,53.7,6747,75,3267,36.3,40502.47,4.5,1873,20.8,2589,28.8,:,:,:,:,:
202021,Academic year,Regional,E92000001,England,E12000006,East of England,Total,Rural,5 Rural - Village,Pupil residence,Revised,362,5418,286108,52.8,5308,98,3016,55.7,4162,76.8,2032,37.5,25082.97,4.63,1211,22.4,1651,30.5,:,:,:,:,:
202021,Academic year,Regional,E92000001,England,E12000006,East of England,Total,Rural,6 Rural - Hamlet and isolated dwellings,Pupil residence,Revised,320,2594,137592.25,53,2528,97.5,1440,55.5,1992,76.8,1047,40.4,12101.46,4.67,602,23.2,833,32.1,:,:,:,:,:
202021,Academic year,Regional,E92000001,England,E12000006,East of England,Total,Rural,Total,Pupil residence,Revised,484,17003,889262,52.3,16642,97.9,9285,54.6,12901,75.9,6346,37.3,77686.9,4.57,3686,21.7,5073,29.8,:,:,:,:,:
202021,Academic year,Regional,E92000001,England,E12000006,East of England,Total,Total,Total,Pupil residence,Revised,705,64219,3273391.91,51,62453,97.3,33285,51.8,46550,72.5,24402,38,286011.28,4.45,13629,21.2,18877,29.4,:,:,:,:,:
202021,Academic year,Regional,E92000001,England,E12000006,East of England,Total,Urban,1 Urban - Major conurbation,Pupil residence,Revised,282,7222,379812.25,52.6,7061,97.8,4075,56.4,5444,75.4,3394,47,33629.08,4.66,1777,24.6,2513,34.8,:,:,:,:,:
202021,Academic year,Regional,E92000001,England,E12000006,East of England,Total,Urban,3 Urban - City and town,Pupil residence,Revised,585,39994,2004317.66,50.1,38750,96.9,19925,49.8,28205,70.5,14662,36.7,174695.3,4.37,8166,20.4,11291,28.2,:,:,:,:,:
202021,Academic year,Regional,E92000001,England,E12000006,East of England,Total,Urban,Total,Pupil residence,Revised,674,47216,2384129.91,50.5,45811,97,24000,50.8,33649,71.3,18056,38.2,208324.38,4.41,9943,21.1,13804,29.2,:,:,:,:,:
202021,Academic year,Regional,E92000001,England,E13000001,Inner London,0-10%,Total,Total,Pupil residence,Revised,339,5000,256724.25,51.3,4829,96.6,2586,51.7,3602,72,2686,53.7,23120.4,4.62,1272,25.4,1895,37.9,:,:,:,:,:
202021,Academic year,Regional,E92000001,England,E13000001,Inner London,0-10%,Urban,Total,Pupil residence,Revised,339,5000,256724.25,51.3,4829,96.6,2586,51.7,3602,72,2686,53.7,23120.4,4.62,1272,25.4,1895,37.9,:,:,:,:,:
202021,Academic year,Regional,E92000001,England,E13000001,Inner London,10-20%,Total,Total,Pupil residence,Revised,386,8234,426888.5,51.8,7985,97,4273,51.9,5996,72.8,4519,54.9,38561.1,4.68,2146,26.1,3113,37.8,:,:,:,:,:
202021,Academic year,Regional,E92000001,England,E13000001,Inner London,10-20%,Urban,Total,Pupil residence,Revised,386,8234,426888.5,51.8,7985,97,4273,51.9,5996,72.8,4519,54.9,38561.1,4.68,2146,26.1,3113,37.8,:,:,:,:,:
202021,Academic year,Regional,E92000001,England,E13000001,Inner London,20-30%,Rural,Total,Pupil residence,Revised,7,8,390,48.8,8,100,4,50,5,62.5,5,62.5,34.66,4.33,1,12.5,1,12.5,:,:,:,:,:
202021,Academic year,Regional,E92000001,England,E13000001,Inner London,20-30%,Total,Total,Pupil residence,Revised,369,5922,314861.38,53.2,5740,96.9,3254,54.9,4420,74.6,3406,57.5,28513.56,4.81,1697,28.7,2417,40.8,:,:,:,:,:
202021,Academic year,Regional,E92000001,England,E13000001,Inner London,20-30%,Urban,Total,Pupil residence,Revised,369,5914,314471.38,53.2,5732,96.9,3250,55,4415,74.7,3401,57.5,28478.9,4.82,1696,28.7,2416,40.9,:,:,:,:,:
202021,Academic year,Regional,E92000001,England,E13000001,Inner London,30-40%,Total,Total,Pupil residence,Revised,326,3354,181129,54,3242,96.7,1887,56.3,2497,74.4,2018,60.2,16465.31,4.91,1017,30.3,1405,41.9,:,:,:,:,:
202021,Academic year,Regional,E92000001,England,E13000001,Inner London,30-40%,Urban,Total,Pupil residence,Revised,326,3354,181129,54,3242,96.7,1887,56.3,2497,74.4,2018,60.2,16465.31,4.91,1017,30.3,1405,41.9,:,:,:,:,:
202021,Academic year,Regional,E92000001,England,E13000001,Inner London,40-50%,Total,Total,Pupil residence,Revised,286,2061,115838.63,56.2,2004,97.2,1221,59.2,1601,77.7,1307,63.4,10612.21,5.15,709,34.4,945,45.9,:,:,:,:,:
202021,Academic year,Regional,E92000001,England,E13000001,Inner London,40-50%,Urban,Total,Pupil residence,Revised,286,2061,115838.63,56.2,2004,97.2,1221,59.2,1601,77.7,1307,63.4,10612.21,5.15,709,34.4,945,45.9,:,:,:,:,:
202021,Academic year,Regional,E92000001,England,E13000001,Inner London,50-60%,Total,Total,Pupil residence,Revised,243,1304,75328.25,57.8,1275,97.8,818,62.7,1035,79.4,799,61.3,6880.88,5.28,471,36.1,603,46.2,:,:,:,:,:
202021,Academic year,Regional,E92000001,England,E13000001,Inner London,50-60%,Urban,Total,Pupil residence,Revised,243,1304,75328.25,57.8,1275,97.8,818,62.7,1035,79.4,799,61.3,6880.88,5.28,471,36.1,603,46.2,:,:,:,:,:
202021,Academic year,Regional,E92000001,England,E13000001,Inner London,60-70%,Total,Total,Pupil residence,Revised,199,880,53369,60.6,859,97.6,611,69.4,752,85.5,551,62.6,4897.26,5.57,374,42.5,456,51.8,:,:,:,:,:
202021,Academic year,Regional,E92000001,England,E13000001,Inner London,60-70%,Urban,Total,Pupil residence,Revised,199,880,53369,60.6,859,97.6,611,69.4,752,85.5,551,62.6,4897.26,5.57,374,42.5,456,51.8,:,:,:,:,:
202021,Academic year,Regional,E92000001,England,E13000001,Inner London,70-80%,Total,Total,Pupil residence,Revised,121,424,25197.75,59.4,407,96,293,69.1,352,83,245,57.8,2310.64,5.45,178,42,212,50,:,:,:,:,:
202021,Academic year,Regional,E92000001,England,E13000001,Inner London,70-80%,Urban,Total,Pupil residence,Revised,121,424,25197.75,59.4,407,96,293,69.1,352,83,245,57.8,2310.64,5.45,178,42,212,50,:,:,:,:,:
202021,Academic year,Regional,E92000001,England,E13000001,Inner London,80-90%,Total,Total,Pupil residence,Revised,109,453,29033.75,64.1,442,97.6,350,77.3,405,89.4,279,61.6,2675.18,5.91,206,45.5,244,53.9,:,:,:,:,:
202021,Academic year,Regional,E92000001,England,E13000001,Inner London,80-90%,Urban,Total,Pupil residence,Revised,109,453,29033.75,64.1,442,97.6,350,77.3,405,89.4,279,61.6,2675.18,5.91,206,45.5,244,53.9,:,:,:,:,:
202021,Academic year,Regional,E92000001,England,E13000001,Inner London,90-100%,Total,Total,Pupil residence,Revised,92,368,24250,65.9,356,96.7,291,79.1,328,89.1,244,66.3,2272.96,6.18,192,52.2,224,60.9,:,:,:,:,:
202021,Academic year,Regional,E92000001,England,E13000001,Inner London,90-100%,Urban,Total,Pupil residence,Revised,92,368,24250,65.9,356,96.7,291,79.1,328,89.1,244,66.3,2272.96,6.18,192,52.2,224,60.9,:,:,:,:,:
202021,Academic year,Regional,E92000001,England,E13000001,Inner London,Total,Rural,4 Rural - Town and fringe,Pupil residence,Revised,7,8,390,48.8,8,100,4,50,5,62.5,5,62.5,34.66,4.33,1,12.5,1,12.5,:,:,:,:,:
202021,Academic year,Regional,E92000001,England,E13000001,Inner London,Total,Rural,Total,Pupil residence,Revised,7,8,390,48.8,8,100,4,50,5,62.5,5,62.5,34.66,4.33,1,12.5,1,12.5,:,:,:,:,:
202021,Academic year,Regional,E92000001,England,E13000001,Inner London,Total,Total,Total,Pupil residence,Revised,517,28000,1502620.51,53.7,27139,96.9,15584,55.7,20988,75,16054,57.3,136309.5,4.87,8262,29.5,11514,41.1,:,:,:,:,:
202021,Academic year,Regional,E92000001,England,E13000001,Inner London,Total,Urban,1 Urban - Major conurbation,Pupil residence,Revised,517,27992,1502230.51,53.7,27131,96.9,15580,55.7,20983,75,16049,57.3,136274.84,4.87,8261,29.5,11513,41.1,:,:,:,:,:
202021,Academic year,Regional,E92000001,England,E13000001,Inner London,Total,Urban,Total,Pupil residence,Revised,517,27992,1502230.51,53.7,27131,96.9,15580,55.7,20983,75,16049,57.3,136274.84,4.87,8261,29.5,11513,41.1,:,:,:,:,:
202021,Academic year,Regional,E92000001,England,E12000001,North East,0-10%,Rural,Total,Pupil residence,Revised,75,571,24400.75,42.7,538,94.2,228,39.9,349,61.1,103,18,2013.53,3.53,49,8.6,81,14.2,:,:,:,:,:
202021,Academic year,Regional,E92000001,England,E12000001,North East,0-10%,Total,Total,Pupil residence,Revised,193,6990,292824,41.9,6626,94.8,2495,35.7,4068,58.2,1453,20.8,24147.03,3.45,673,9.6,1017,14.5,:,:,:,:,:
202021,Academic year,Regional,E92000001,England,E12000001,North East,0-10%,Urban,Total,Pupil residence,Revised,184,6419,268423.25,41.8,6088,94.8,2267,35.3,3719,57.9,1350,21,22133.5,3.45,624,9.7,936,14.6,:,:,:,:,:
202021,Academic year,Regional,E92000001,England,E12000001,North East,10-20%,Rural,Total,Pupil residence,Revised,75,619,28748.5,46.4,588,95,271,43.8,429,69.3,121,19.5,2374.46,3.84,73,11.8,100,16.2,:,:,:,:,:
202021,Academic year,Regional,E92000001,England,E12000001,North East,10-20%,Total,Total,Pupil residence,Revised,188,3656,166555.75,45.6,3496,95.6,1515,41.4,2373,64.9,1000,27.4,14042.25,3.84,533,14.6,766,21,:,:,:,:,:
202021,Academic year,Regional,E92000001,England,E12000001,North East,10-20%,Urban,Total,Pupil residence,Revised,180,3037,137807.25,45.4,2908,95.8,1244,41,1944,64,879,28.9,11667.79,3.84,460,15.1,666,21.9,:,:,:,:,:
202021,Academic year,Regional,E92000001,England,E12000001,North East,20-30%,Rural,Total,Pupil residence,Revised,96,620,30011,48.4,594,95.8,296,47.7,438,70.6,154,24.8,2526.55,4.08,96,15.5,131,21.1,:,:,:,:,:
202021,Academic year,Regional,E92000001,England,E12000001,North East,20-30%,Total,Total,Pupil residence,Revised,190,2904,137732.75,47.4,2791,96.1,1342,46.2,1995,68.7,826,28.4,11664.22,4.02,451,15.5,661,22.8,:,:,:,:,:
202021,Academic year,Regional,E92000001,England,E12000001,North East,20-30%,Urban,Total,Pupil residence,Revised,176,2284,107721.75,47.2,2197,96.2,1046,45.8,1557,68.2,672,29.4,9137.67,4,355,15.5,530,23.2,:,:,:,:,:
202021,Academic year,Regional,E92000001,England,E12000001,North East,30-40%,Rural,Total,Pupil residence,Revised,83,538,27059.25,50.3,528,98.1,269,50,384,71.4,139,25.8,2259.11,4.2,85,15.8,117,21.7,:,:,:,:,:
202021,Academic year,Regional,E92000001,England,E12000001,North East,30-40%,Total,Total,Pupil residence,Revised,176,2291,112674.5,49.2,2230,97.3,1138,49.7,1608,70.2,693,30.2,9548.92,4.17,412,18,551,24.1,:,:,:,:,:
202021,Academic year,Regional,E92000001,England,E12000001,North East,30-40%,Urban,Total,Pupil residence,Revised,164,1753,85615.25,48.8,1702,97.1,869,49.6,1224,69.8,554,31.6,7289.81,4.16,327,18.7,434,24.8,:,:,:,:,:
202021,Academic year,Regional,E92000001,England,E12000001,North East,40-50%,Rural,Total,Pupil residence,Revised,70,406,20744.25,51.1,391,96.3,210,51.7,301,74.1,100,24.6,1743.18,4.29,66,16.3,89,21.9,:,:,:,:,:
202021,Academic year,Regional,E92000001,England,E12000001,North East,40-50%,Total,Total,Pupil residence,Revised,175,1993,102504.25,51.4,1929,96.8,1081,54.2,1503,75.4,647,32.5,8780.26,4.41,378,19,519,26,:,:,:,:,:
202021,Academic year,Regional,E92000001,England,E12000001,North East,40-50%,Urban,Total,Pupil residence,Revised,160,1587,81760,51.5,1538,96.9,871,54.9,1202,75.7,547,34.5,7037.08,4.43,312,19.7,430,27.1,:,:,:,:,:
202021,Academic year,Regional,E92000001,England,E12000001,North East,50-60%,Rural,Total,Pupil residence,Revised,75,454,23795.5,52.4,443,97.6,252,55.5,343,75.6,152,33.5,2058.41,4.53,96,21.1,123,27.1,:,:,:,:,:
202021,Academic year,Regional,E92000001,England,E12000001,North East,50-60%,Total,Total,Pupil residence,Revised,167,1917,100980,52.7,1872,97.7,1093,57,1480,77.2,720,37.6,8747.57,4.56,448,23.4,589,30.7,:,:,:,:,:
202021,Academic year,Regional,E92000001,England,E12000001,North East,50-60%,Urban,Total,Pupil residence,Revised,146,1463,77184.5,52.8,1429,97.7,841,57.5,1137,77.7,568,38.8,6689.16,4.57,352,24.1,466,31.9,:,:,:,:,:
202021,Academic year,Regional,E92000001,England,E12000001,North East,60-70%,Rural,Total,Pupil residence,Revised,58,356,19985.5,56.1,351,98.6,213,59.8,283,79.5,136,38.2,1736.47,4.88,96,27,120,33.7,:,:,:,:,:
202021,Academic year,Regional,E92000001,England,E12000001,North East,60-70%,Total,Total,Pupil residence,Revised,149,1590,87651,55.1,1561,98.2,962,60.5,1291,81.2,665,41.8,7638.14,4.8,404,25.4,552,34.7,:,:,:,:,:
202021,Academic year,Regional,E92000001,England,E12000001,North East,60-70%,Urban,Total,Pupil residence,Revised,129,1234,67665.5,54.8,1210,98.1,749,60.7,1008,81.7,529,42.9,5901.67,4.78,308,25,432,35,:,:,:,:,:
202021,Academic year,Regional,E92000001,England,E12000001,North East,70-80%,Rural,Total,Pupil residence,Revised,61,436,24544.25,56.3,427,97.9,270,61.9,341,78.2,174,39.9,2150.84,4.93,119,27.3,160,36.7,:,:,:,:,:
202021,Academic year,Regional,E92000001,England,E12000001,North East,70-80%,Total,Total,Pupil residence,Revised,142,1651,92511.5,56,1619,98.1,1033,62.6,1343,81.3,694,42,8103.17,4.91,451,27.3,586,35.5,:,:,:,:,:
202021,Academic year,Regional,E92000001,England,E12000001,North East,70-80%,Urban,Total,Pupil residence,Revised,121,1215,67967.25,55.9,1192,98.1,763,62.8,1002,82.5,520,42.8,5952.33,4.9,332,27.3,426,35.1,:,:,:,:,:
202021,Academic year,Regional,E92000001,England,E12000001,North East,80-90%,Rural,Total,Pupil residence,Revised,76,474,27742.5,58.5,466,98.3,316,66.7,402,84.8,208,43.9,2455.36,5.18,141,29.7,186,39.2,:,:,:,:,:
202021,Academic year,Regional,E92000001,England,E12000001,North East,80-90%,Total,Total,Pupil residence,Revised,162,2268,130789,57.7,2226,98.1,1532,67.5,1927,85,1056,46.6,11546.76,5.09,676,29.8,896,39.5,:,:,:,:,:
202021,Academic year,Regional,E92000001,England,E12000001,North East,80-90%,Urban,Total,Pupil residence,Revised,142,1794,103046.5,57.4,1760,98.1,1216,67.8,1525,85,848,47.3,9091.4,5.07,535,29.8,710,39.6,:,:,:,:,:
202021,Academic year,Regional,E92000001,England,E12000001,North East,90-100%,Rural,Total,Pupil residence,Revised,34,208,12627,60.7,206,99,149,71.6,179,86.1,93,44.7,1116.33,5.37,72,34.6,84,40.4,:,:,:,:,:
202021,Academic year,Regional,E92000001,England,E12000001,North East,90-100%,Total,Total,Pupil residence,Revised,113,1803,108690,60.3,1782,98.8,1296,71.9,1592,88.3,925,51.3,9715.21,5.39,652,36.2,823,45.6,:,:,:,:,:
202021,Academic year,Regional,E92000001,England,E12000001,North East,90-100%,Urban,Total,Pupil residence,Revised,104,1595,96063,60.2,1576,98.8,1147,71.9,1413,88.6,832,52.2,8598.88,5.39,580,36.4,739,46.3,:,:,:,:,:
202021,Academic year,Regional,E92000001,England,E12000001,North East,Total,Rural,4 Rural - Town and fringe,Pupil residence,Revised,148,3384,169161.5,50,3259,96.3,1714,50.7,2443,72.2,948,28,14359.5,4.24,593,17.5,809,23.9,:,:,:,:,:
202021,Academic year,Regional,E92000001,England,E12000001,North East,Total,Rural,5 Rural - Village,Pupil residence,Revised,113,832,44998.5,54.1,811,97.5,485,58.3,648,77.9,274,32.9,3877.94,4.66,190,22.8,245,29.4,:,:,:,:,:
202021,Academic year,Regional,E92000001,England,E12000001,North East,Total,Rural,6 Rural - Hamlet and isolated dwellings,Pupil residence,Revised,80,466,25498.5,54.7,462,99.1,275,59,358,76.8,158,33.9,2196.8,4.71,110,23.6,137,29.4,:,:,:,:,:
202021,Academic year,Regional,E92000001,England,E12000001,North East,Total,Rural,Total,Pupil residence,Revised,173,4682,239658.5,51.2,4532,96.8,2474,52.8,3449,73.7,1380,29.5,20434.24,4.36,893,19.1,1191,25.4,:,:,:,:,:
202021,Academic year,Regional,E92000001,England,E12000001,North East,Total,Total,Total,Pupil residence,Revised,212,27063,1332912.75,49.3,26132,96.6,13487,49.8,19180,70.9,8679,32.1,113933.53,4.21,5078,18.8,6960,25.7,:,:,:,:,:
202021,Academic year,Regional,E92000001,England,E12000001,North East,Total,Urban,1 Urban - Major conurbation,Pupil residence,Revised,123,11247,549721.25,48.9,10828,96.3,5601,49.8,7915,70.4,3993,35.5,47494.06,4.22,2284,20.3,3138,27.9,:,:,:,:,:
202021,Academic year,Regional,E92000001,England,E12000001,North East,Total,Urban,3 Urban - City and town,Pupil residence,Revised,176,11134,543533,48.8,10772,96.7,5412,48.6,7816,70.2,3306,29.7,46005.23,4.13,1901,17.1,2631,23.6,:,:,:,:,:
202021,Academic year,Regional,E92000001,England,E12000001,North East,Total,Urban,Total,Pupil residence,Revised,206,22381,1093254.25,48.8,21600,96.5,11013,49.2,15731,70.3,7299,32.6,93499.29,4.18,4185,18.7,5769,25.8,:,:,:,:,:
202021,Academic year,Regional,E92000001,England,E12000002,North West,0-10%,Rural,Total,Pupil residence,Revised,30,114,4529,39.7,110,96.5,37,32.5,57,50,16,14,368.02,3.23,10,8.8,14,12.3,:,:,:,:,:
202021,Academic year,Regional,E92000001,England,E12000002,North West,0-10%,Total,Total,Pupil residence,Revised,514,16147,678022.63,42,15396,95.3,5489,34,9013,55.8,4447,27.5,56834.18,3.52,1711,10.6,2760,17.1,:,:,:,:,:
202021,Academic year,Regional,E92000001,England,E12000002,North West,0-10%,Urban,Total,Pupil residence,Revised,511,16033,673493.63,42,15286,95.3,5452,34,8956,55.9,4431,27.6,56466.16,3.52,1701,10.6,2746,17.1,:,:,:,:,:
202021,Academic year,Regional,E92000001,England,E12000002,North West,10-20%,Rural,Total,Pupil residence,Revised,34,126,5425.75,43.1,122,96.8,49,38.9,77,61.1,31,24.6,447.32,3.55,7,5.6,15,11.9,:,:,:,:,:
202021,Academic year,Regional,E92000001,England,E12000002,North West,10-20%,Total,Total,Pupil residence,Revised,531,10912,487155.75,44.6,10468,95.9,4309,39.5,6738,61.7,3240,29.7,41426.41,3.8,1424,13,2173,19.9,:,:,:,:,:
202021,Academic year,Regional,E92000001,England,E12000002,North West,10-20%,Urban,Total,Pupil residence,Revised,528,10786,481730,44.7,10346,95.9,4260,39.5,6661,61.8,3209,29.8,40979.09,3.8,1417,13.1,2158,20,:,:,:,:,:
202021,Academic year,Regional,E92000001,England,E12000002,North West,20-30%,Rural,Total,Pupil residence,Revised,52,248,10880.75,43.9,242,97.6,103,41.5,154,62.1,50,20.2,910.13,3.67,25,10.1,41,16.5,:,:,:,:,:
202021,Academic year,Regional,E92000001,England,E12000002,North West,20-30%,Total,Total,Pupil residence,Revised,512,7829,362708.63,46.3,7574,96.7,3318,42.4,5020,64.1,2415,30.8,30916.71,3.95,1124,14.4,1649,21.1,:,:,:,:,:
202021,Academic year,Regional,E92000001,England,E12000002,North West,20-30%,Urban,Total,Pupil residence,Revised,503,7581,351827.88,46.4,7332,96.7,3215,42.4,4866,64.2,2365,31.2,30006.58,3.96,1099,14.5,1608,21.2,:,:,:,:,:
202021,Academic year,Regional,E92000001,England,E12000002,North West,30-40%,Rural,Total,Pupil residence,Revised,84,495,23338.5,47.1,480,97,222,44.8,331,66.9,121,24.4,1964.47,3.97,62,12.5,89,18,:,:,:,:,:
202021,Academic year,Regional,E92000001,England,E12000002,North West,30-40%,Total,Total,Pupil residence,Revised,516,7325,351537.89,48,7120,97.2,3358,45.8,4988,68.1,2467,33.7,30129.52,4.11,1199,16.4,1770,24.2,:,:,:,:,:
202021,Academic year,Regional,E92000001,England,E12000002,North West,30-40%,Urban,Total,Pupil residence,Revised,509,6830,328199.39,48.1,6640,97.2,3136,45.9,4657,68.2,2346,34.3,28165.05,4.12,1137,16.6,1681,24.6,:,:,:,:,:
202021,Academic year,Regional,E92000001,England,E12000002,North West,40-50%,Rural,Total,Pupil residence,Revised,73,259,12613.5,48.7,251,96.9,128,49.4,185,71.4,90,34.7,1089.81,4.21,48,18.5,74,28.6,:,:,:,:,:
202021,Academic year,Regional,E92000001,England,E12000002,North West,40-50%,Total,Total,Pupil residence,Revised,479,5343,269267.13,50.4,5228,97.8,2726,51,3884,72.7,1924,36,23269.81,4.36,1000,18.7,1438,26.9,:,:,:,:,:
202021,Academic year,Regional,E92000001,England,E12000002,North West,40-50%,Urban,Total,Pupil residence,Revised,472,5084,256653.63,50.5,4977,97.9,2598,51.1,3699,72.8,1834,36.1,22180,4.36,952,18.7,1364,26.8,:,:,:,:,:
202021,Academic year,Regional,E92000001,England,E12000002,North West,50-60%,Rural,Total,Pupil residence,Revised,146,763,39788.5,52.1,742,97.2,410,53.7,576,75.5,262,34.3,3469.51,4.55,162,21.2,218,28.6,:,:,:,:,:
202021,Academic year,Regional,E92000001,England,E12000002,North West,50-60%,Total,Total,Pupil residence,Revised,488,5175,270501,52.3,5047,97.5,2873,55.5,3950,76.3,1963,37.9,23534.44,4.55,1109,21.4,1567,30.3,:,:,:,:,:
202021,Academic year,Regional,E92000001,England,E12000002,North West,50-60%,Urban,Total,Pupil residence,Revised,463,4412,230712.5,52.3,4305,97.6,2463,55.8,3374,76.5,1701,38.6,20064.93,4.55,947,21.5,1349,30.6,:,:,:,:,:
202021,Academic year,Regional,E92000001,England,E12000002,North West,60-70%,Rural,Total,Pupil residence,Revised,140,1082,57825.5,53.4,1052,97.2,619,57.2,840,77.6,357,33,5025.4,4.64,211,19.5,294,27.2,:,:,:,:,:
202021,Academic year,Regional,E92000001,England,E12000002,North West,60-70%,Total,Total,Pupil residence,Revised,475,6108,329311.01,53.9,5988,98,3587,58.7,4852,79.4,2250,36.8,28537.32,4.67,1338,21.9,1820,29.8,:,:,:,:,:
202021,Academic year,Regional,E92000001,England,E12000002,North West,60-70%,Urban,Total,Pupil residence,Revised,449,5026,271485.51,54,4936,98.2,2968,59.1,4012,79.8,1893,37.7,23511.92,4.68,1127,22.4,1526,30.4,:,:,:,:,:
202021,Academic year,Regional,E92000001,England,E12000002,North West,70-80%,Rural,Total,Pupil residence,Revised,182,1320,72711.5,55.1,1292,97.9,792,60,1068,80.9,528,40,6382.36,4.84,335,25.4,453,34.3,:,:,:,:,:
202021,Academic year,Regional,E92000001,England,E12000002,North West,70-80%,Total,Total,Pupil residence,Revised,467,6204,347726.14,56,6095,98.2,3906,63,5081,81.9,2650,42.7,30620.25,4.94,1714,27.6,2214,35.7,:,:,:,:,:
202021,Academic year,Regional,E92000001,England,E12000002,North West,70-80%,Urban,Total,Pupil residence,Revised,441,4884,275014.64,56.3,4803,98.3,3114,63.8,4013,82.2,2122,43.4,24237.89,4.96,1379,28.2,1761,36.1,:,:,:,:,:
202021,Academic year,Regional,E92000001,England,E12000002,North West,80-90%,Rural,Total,Pupil residence,Revised,190,1496,83499.25,55.8,1482,99.1,917,61.3,1228,82.1,547,36.6,7258.28,4.85,352,23.5,452,30.2,:,:,:,:,:
202021,Academic year,Regional,E92000001,England,E12000002,North West,80-90%,Total,Total,Pupil residence,Revised,448,6806,389777.13,57.3,6700,98.4,4464,65.6,5664,83.2,2966,43.6,34381.98,5.05,1993,29.3,2516,37,:,:,:,:,:
202021,Academic year,Regional,E92000001,England,E12000002,North West,80-90%,Urban,Total,Pupil residence,Revised,419,5310,306277.88,57.7,5218,98.3,3547,66.8,4436,83.5,2419,45.6,27123.7,5.11,1641,30.9,2064,38.9,:,:,:,:,:
202021,Academic year,Regional,E92000001,England,E12000002,North West,90-100%,Rural,Total,Pupil residence,Revised,184,1387,80500.75,58,1353,97.5,954,68.8,1175,84.7,584,42.1,7090.7,5.11,412,29.7,529,38.1,:,:,:,:,:
202021,Academic year,Regional,E92000001,England,E12000002,North West,90-100%,Total,Total,Pupil residence,Revised,422,7614,452021.89,59.4,7496,98.5,5377,70.6,6632,87.1,3554,46.7,40177.28,5.28,2480,32.6,3121,41,:,:,:,:,:
202021,Academic year,Regional,E92000001,England,E12000002,North West,90-100%,Urban,Total,Pupil residence,Revised,389,6227,371521.14,59.7,6143,98.7,4423,71,5457,87.6,2970,47.7,33086.58,5.31,2068,33.2,2592,41.6,:,:,:,:,:
202021,Academic year,Regional,E92000001,England,E12000002,North West,Total,Rural,4 Rural - Town and fringe,Pupil residence,Revised,283,3924,204866,52.2,3830,97.6,2163,55.1,2946,75.1,1334,34,17722.39,4.52,830,21.2,1108,28.2,:,:,:,:,:
202021,Academic year,Regional,E92000001,England,E12000002,North West,Total,Rural,5 Rural - Village,Pupil residence,Revised,218,1814,100077.25,55.2,1781,98.2,1107,61,1484,81.8,674,37.2,8748.96,4.82,415,22.9,571,31.5,:,:,:,:,:
202021,Academic year,Regional,E92000001,England,E12000002,North West,Total,Rural,6 Rural - Hamlet and isolated dwellings,Pupil residence,Revised,247,1552,86169.75,55.5,1515,97.6,961,61.9,1261,81.3,578,37.2,7534.65,4.85,379,24.4,500,32.2,:,:,:,:,:
202021,Academic year,Regional,E92000001,England,E12000002,North West,Total,Rural,Total,Pupil residence,Revised,374,7290,391113,53.7,7126,97.8,4231,58,5691,78.1,2586,35.5,34006,4.66,1624,22.3,2179,29.9,:,:,:,:,:
202021,Academic year,Regional,E92000001,England,E12000002,North West,Total,Total,Total,Pupil residence,Revised,608,79463,3938029.2,49.6,77112,97,39407,49.6,55822,70.2,27876,35.1,339827.9,4.28,15092,19,21028,26.5,:,:,:,:,:
202021,Academic year,Regional,E92000001,England,E12000002,North West,Total,Urban,1 Urban - Major conurbation,Pupil residence,Revised,387,45329,2212195.95,48.8,43859,96.8,21609,47.7,31042,68.5,16198,35.7,190646.9,4.21,8548,18.9,12040,26.6,:,:,:,:,:
202021,Academic year,Regional,E92000001,England,E12000002,North West,Total,Urban,3 Urban - City and town,Pupil residence,Revised,453,26844,1334720.25,49.7,26127,97.3,13567,50.5,19089,71.1,9092,33.9,115175,4.29,4920,18.3,6809,25.4,:,:,:,:,:
202021,Academic year,Regional,E92000001,England,E12000002,North West,Total,Urban,Total,Pupil residence,Revised,600,72173,3546916.2,49.1,69986,97,35176,48.7,50131,69.5,25290,35,305821.9,4.24,13468,18.7,18849,26.1,:,:,:,:,:
202021,Academic year,Regional,E92000001,England,E13000002,Outer London,0-10%,Rural,Total,Pupil residence,Revised,3,3,164,54.7,3,100,2,66.7,2,66.7,2,66.7,15.34,5.11,2,66.7,2,66.7,:,:,:,:,:
202021,Academic year,Regional,E92000001,England,E13000002,Outer London,0-10%,Total,Total,Pupil residence,Revised,396,2689,130084.63,48.4,2588,96.2,1260,46.9,1806,67.2,1226,45.6,11502.74,4.28,539,20,783,29.1,:,:,:,:,:
202021,Academic year,Regional,E92000001,England,E13000002,Outer London,0-10%,Urban,Total,Pupil residence,Revised,395,2686,129920.63,48.4,2585,96.2,1258,46.8,1804,67.2,1224,45.6,11487.4,4.28,537,20,781,29.1,:,:,:,:,:
202021,Academic year,Regional,E92000001,England,E13000002,Outer London,10-20%,Rural,Total,Pupil residence,Revised,5,6,348,58,6,100,4,66.7,5,83.3,4,66.7,31.34,5.22,1,16.7,2,33.3,:,:,:,:,:
202021,Academic year,Regional,E92000001,England,E13000002,Outer London,10-20%,Total,Total,Pupil residence,Revised,571,8320,413996.5,49.8,8064,96.9,4062,48.8,5774,69.4,4198,50.5,37034.36,4.45,1910,23,2745,33,:,:,:,:,:
202021,Academic year,Regional,E92000001,England,E13000002,Outer London,10-20%,Urban,Total,Pupil residence,Revised,570,8314,413648.5,49.8,8058,96.9,4058,48.8,5769,69.4,4194,50.4,37003.02,4.45,1909,23,2743,33,:,:,:,:,:
202021,Academic year,Regional,E92000001,England,E13000002,Outer London,20-30%,Rural,Total,Pupil residence,Revised,14,34,2018,59.4,34,100,22,64.7,29,85.3,18,52.9,180.18,5.3,10,29.4,14,41.2,:,:,:,:,:
202021,Academic year,Regional,E92000001,England,E13000002,Outer London,20-30%,Total,Total,Pupil residence,Revised,594,9233,473148.5,51.2,8935,96.8,4825,52.3,6577,71.2,4449,48.2,42245.66,4.58,2276,24.7,3117,33.8,:,:,:,:,:
202021,Academic year,Regional,E92000001,England,E13000002,Outer London,20-30%,Urban,Total,Pupil residence,Revised,592,9199,471130.5,51.2,8901,96.8,4803,52.2,6548,71.2,4431,48.2,42065.48,4.57,2266,24.6,3103,33.7,:,:,:,:,:
202021,Academic year,Regional,E92000001,England,E13000002,Outer London,30-40%,Rural,Total,Pupil residence,Revised,20,29,1543.25,53.2,28,96.6,16,55.2,21,72.4,16,55.2,140.02,4.83,11,37.9,13,44.8,:,:,:,:,:
202021,Academic year,Regional,E92000001,England,E13000002,Outer London,30-40%,Total,Total,Pupil residence,Revised,576,8690,462146.88,53.2,8424,96.9,4810,55.4,6441,74.1,4288,49.3,41399.45,4.76,2299,26.5,3146,36.2,:,:,:,:,:
202021,Academic year,Regional,E92000001,England,E13000002,Outer London,30-40%,Urban,Total,Pupil residence,Revised,575,8661,460603.63,53.2,8396,96.9,4794,55.4,6420,74.1,4272,49.3,41259.43,4.76,2288,26.4,3133,36.2,:,:,:,:,:
202021,Academic year,Regional,E92000001,England,E13000002,Outer London,40-50%,Rural,Total,Pupil residence,Revised,9,15,776,51.7,15,100,7,46.7,9,60,8,53.3,68.5,4.57,5,33.3,7,46.7,:,:,:,:,:
202021,Academic year,Regional,E92000001,England,E13000002,Outer London,40-50%,Total,Total,Pupil residence,Revised,558,7993,437425.89,54.7,7782,97.4,4662,58.3,6074,76,4177,52.3,39500.06,4.94,2444,30.6,3240,40.5,:,:,:,:,:
202021,Academic year,Regional,E92000001,England,E13000002,Outer London,40-50%,Urban,Total,Pupil residence,Revised,557,7978,436649.89,54.7,7767,97.4,4655,58.3,6065,76,4169,52.3,39431.56,4.94,2439,30.6,3233,40.5,:,:,:,:,:
202021,Academic year,Regional,E92000001,England,E13000002,Outer London,50-60%,Rural,Total,Pupil residence,Revised,2,4,226,56.5,4,100,3,75,4,100,0,0,18.49,4.62,0,0,0,0,:,:,:,:,:
202021,Academic year,Regional,E92000001,England,E13000002,Outer London,50-60%,Total,Total,Pupil residence,Revised,529,6085,344322.77,56.6,5934,97.5,3762,61.8,4798,78.8,3333,54.8,31277.3,5.14,2039,33.5,2647,43.5,:,:,:,:,:
202021,Academic year,Regional,E92000001,England,E13000002,Outer London,50-60%,Urban,Total,Pupil residence,Revised,529,6081,344096.77,56.6,5930,97.5,3759,61.8,4794,78.8,3333,54.8,31258.81,5.14,2039,33.5,2647,43.5,:,:,:,:,:
202021,Academic year,Regional,E92000001,England,E13000002,Outer London,60-70%,Rural,Total,Pupil residence,Revised,12,16,964.5,60.3,16,100,11,68.8,14,87.5,9,56.3,86.84,5.43,7,43.8,8,50,:,:,:,:,:
202021,Academic year,Regional,E92000001,England,E13000002,Outer London,60-70%,Total,Total,Pupil residence,Revised,481,5005,290518.38,58,4888,97.7,3275,65.4,4105,82,2764,55.2,26350.75,5.26,1804,36,2251,45,:,:,:,:,:
202021,Academic year,Regional,E92000001,England,E13000002,Outer London,60-70%,Urban,Total,Pupil residence,Revised,477,4989,289553.88,58,4872,97.7,3264,65.4,4091,82,2755,55.2,26263.91,5.26,1797,36,2243,45,:,:,:,:,:
202021,Academic year,Regional,E92000001,England,E13000002,Outer London,70-80%,Rural,Total,Pupil residence,Revised,5,7,417.5,59.6,7,100,5,71.4,6,85.7,2,28.6,36.83,5.26,1,14.3,2,28.6,:,:,:,:,:
202021,Academic year,Regional,E92000001,England,E13000002,Outer London,70-80%,Total,Total,Pupil residence,Revised,409,4194,252769.51,60.3,4107,97.9,2914,69.5,3567,85.1,2466,58.8,23098.61,5.51,1682,40.1,2068,49.3,:,:,:,:,:
202021,Academic year,Regional,E92000001,England,E13000002,Outer London,70-80%,Urban,Total,Pupil residence,Revised,409,4187,252352.01,60.3,4100,97.9,2909,69.5,3561,85,2464,58.8,23061.78,5.51,1681,40.1,2066,49.3,:,:,:,:,:
202021,Academic year,Regional,E92000001,England,E13000002,Outer London,80-90%,Rural,Total,Pupil residence,Revised,14,21,1204.5,57.4,21,100,14,66.7,17,81,8,38.1,105.99,5.05,6,28.6,7,33.3,:,:,:,:,:
202021,Academic year,Regional,E92000001,England,E13000002,Outer London,80-90%,Total,Total,Pupil residence,Revised,354,3102,189970.01,61.2,3041,98,2237,72.1,2683,86.5,1892,61,17418.76,5.62,1314,42.4,1634,52.7,:,:,:,:,:
202021,Academic year,Regional,E92000001,England,E13000002,Outer London,80-90%,Urban,Total,Pupil residence,Revised,351,3081,188765.51,61.3,3020,98,2223,72.2,2666,86.5,1884,61.1,17312.77,5.62,1308,42.5,1627,52.8,:,:,:,:,:
202021,Academic year,Regional,E92000001,England,E13000002,Outer London,90-100%,Total,Total,Pupil residence,Revised,299,2919,184939.51,63.4,2865,98.2,2185,74.9,2602,89.1,1856,63.6,17035.96,5.84,1332,45.6,1636,56,:,:,:,:,:
202021,Academic year,Regional,E92000001,England,E13000002,Outer London,90-100%,Urban,Total,Pupil residence,Revised,299,2919,184939.51,63.4,2865,98.2,2185,74.9,2602,89.1,1856,63.6,17035.96,5.84,1332,45.6,1636,56,:,:,:,:,:
202021,Academic year,Regional,E92000001,England,E13000002,Outer London,Total,Rural,4 Rural - Town and fringe,Pupil residence,Revised,26,73,4114,56.4,72,98.6,45,61.6,55,75.3,41,56.2,370.53,5.08,26,35.6,32,43.8,:,:,:,:,:
202021,Academic year,Regional,E92000001,England,E13000002,Outer London,Total,Rural,5 Rural - Village,Pupil residence,Revised,26,40,2294.25,57.4,40,100,24,60,33,82.5,15,37.5,201.51,5.04,12,30,15,37.5,:,:,:,:,:
202021,Academic year,Regional,E92000001,England,E13000002,Outer London,Total,Rural,6 Rural - Hamlet and isolated dwellings,Pupil residence,Revised,18,22,1253.5,57,22,100,15,68.2,19,86.4,11,50,111.49,5.07,5,22.7,8,36.4,:,:,:,:,:
202021,Academic year,Regional,E92000001,England,E13000002,Outer London,Total,Rural,Total,Pupil residence,Revised,61,135,7661.75,56.8,134,99.3,84,62.2,107,79.3,67,49.6,683.53,5.06,43,31.9,55,40.7,:,:,:,:,:
202021,Academic year,Regional,E92000001,England,E13000002,Outer London,Total,Total,Total,Pupil residence,Revised,749,58230,3179322.58,54.6,56628,97.2,33992,58.4,44427,76.3,30649,52.6,286863.65,4.93,17639,30.3,23267,40,:,:,:,:,:
202021,Academic year,Regional,E92000001,England,E13000002,Outer London,Total,Urban,1 Urban - Major conurbation,Pupil residence,Revised,747,57835,3158008.08,54.6,56242,97.2,33763,58.4,44113,76.3,30464,52.7,284976.13,4.93,17533,30.3,23122,40,:,:,:,:,:
202021,Academic year,Regional,E92000001,England,E13000002,Outer London,Total,Urban,3 Urban - City and town,Pupil residence,Revised,73,260,13652.75,52.5,252,96.9,145,55.8,207,79.6,118,45.4,1203.99,4.63,63,24.2,90,34.6,:,:,:,:,:
202021,Academic year,Regional,E92000001,England,E13000002,Outer London,Total,Urban,Total,Pupil residence,Revised,748,58095,3171660.83,54.6,56494,97.2,33908,58.4,44320,76.3,30582,52.6,286180.12,4.93,17596,30.3,23212,40,:,:,:,:,:
202021,Academic year,Regional,E92000001,England,E12000008,South East,0-10%,Rural,Total,Pupil residence,Revised,24,83,3274.5,39.5,78,94,26,31.3,43,51.8,31,37.3,279.82,3.37,8,9.6,13,15.7,:,:,:,:,:
202021,Academic year,Regional,E92000001,England,E12000008,South East,0-10%,Total,Total,Pupil residence,Revised,340,3877,154360.38,39.8,3654,94.2,1224,31.6,2038,52.6,940,24.2,12889.44,3.32,355,9.2,570,14.7,:,:,:,:,:
202021,Academic year,Regional,E92000001,England,E12000008,South East,0-10%,Urban,Total,Pupil residence,Revised,337,3794,151085.88,39.8,3576,94.3,1198,31.6,1995,52.6,909,24,12609.62,3.32,347,9.1,557,14.7,:,:,:,:,:
202021,Academic year,Regional,E92000001,England,E12000008,South East,10-20%,Rural,Total,Pupil residence,Revised,106,339,15071.5,44.5,323,95.3,139,41,208,61.4,98,28.9,1292.38,3.81,56,16.5,71,20.9,:,:,:,:,:
202021,Academic year,Regional,E92000001,England,E12000008,South East,10-20%,Total,Total,Pupil residence,Revised,502,5723,244152.76,42.7,5440,95.1,2042,35.7,3310,57.8,1538,26.9,20744.05,3.62,733,12.8,1052,18.4,:,:,:,:,:
202021,Academic year,Regional,E92000001,England,E12000008,South East,10-20%,Urban,Total,Pupil residence,Revised,490,5384,229081.26,42.5,5117,95,1903,35.3,3102,57.6,1440,26.7,19451.67,3.61,677,12.6,981,18.2,:,:,:,:,:
202021,Academic year,Regional,E92000001,England,E12000008,South East,20-30%,Rural,Total,Pupil residence,Revised,128,482,21997,45.6,464,96.3,212,44,303,62.9,161,33.4,1905.71,3.95,81,16.8,118,24.5,:,:,:,:,:
202021,Academic year,Regional,E92000001,England,E12000008,South East,20-30%,Total,Total,Pupil residence,Revised,566,6527,296325.75,45.4,6251,95.8,2689,41.2,4118,63.1,2033,31.1,25487.41,3.9,1001,15.3,1419,21.7,:,:,:,:,:
202021,Academic year,Regional,E92000001,England,E12000008,South East,20-30%,Urban,Total,Pupil residence,Revised,548,6045,274328.75,45.4,5787,95.7,2477,41,3815,63.1,1872,31,23581.7,3.9,920,15.2,1301,21.5,:,:,:,:,:
202021,Academic year,Regional,E92000001,England,E12000008,South East,30-40%,Rural,Total,Pupil residence,Revised,230,1096,51701.75,47.2,1066,97.3,467,42.6,737,67.2,321,29.3,4428.44,4.04,188,17.2,244,22.3,:,:,:,:,:
202021,Academic year,Regional,E92000001,England,E12000008,South East,30-40%,Total,Total,Pupil residence,Revised,649,9391,444006.63,47.3,9048,96.3,4122,43.9,6270,66.8,2988,31.8,38092.32,4.06,1511,16.1,2165,23.1,:,:,:,:,:
202021,Academic year,Regional,E92000001,England,E12000008,South East,30-40%,Urban,Total,Pupil residence,Revised,630,8295,392304.88,47.3,7982,96.2,3655,44.1,5533,66.7,2667,32.2,33663.88,4.06,1323,15.9,1921,23.2,:,:,:,:,:
202021,Academic year,Regional,E92000001,England,E12000008,South East,40-50%,Rural,Total,Pupil residence,Revised,312,1468,74622.75,50.8,1431,97.5,762,51.9,1062,72.3,549,37.4,6544.59,4.46,340,23.2,438,29.8,:,:,:,:,:
202021,Academic year,Regional,E92000001,England,E12000008,South East,40-50%,Total,Total,Pupil residence,Revised,664,9736,485705,49.9,9401,96.6,4840,49.7,6896,70.8,3485,35.8,42274.02,4.34,1925,19.8,2659,27.3,:,:,:,:,:
202021,Academic year,Regional,E92000001,England,E12000008,South East,40-50%,Urban,Total,Pupil residence,Revised,628,8268,411082.25,49.7,7970,96.4,4078,49.3,5834,70.6,2936,35.5,35729.43,4.32,1585,19.2,2221,26.9,:,:,:,:,:
202021,Academic year,Regional,E92000001,England,E12000008,South East,50-60%,Rural,Total,Pupil residence,Revised,327,2037,105247.75,51.7,1981,97.3,1095,53.8,1515,74.4,820,40.3,9277.58,4.55,500,24.5,676,33.2,:,:,:,:,:
202021,Academic year,Regional,E92000001,England,E12000008,South East,50-60%,Total,Total,Pupil residence,Revised,661,10176,524962.39,51.6,9879,97.1,5353,52.6,7503,73.7,3972,39,46012.64,4.52,2300,22.6,3089,30.4,:,:,:,:,:
202021,Academic year,Regional,E92000001,England,E12000008,South East,50-60%,Urban,Total,Pupil residence,Revised,628,8139,419714.64,51.6,7898,97,4258,52.3,5988,73.6,3152,38.7,36735.06,4.51,1800,22.1,2413,29.6,:,:,:,:,:
202021,Academic year,Regional,E92000001,England,E12000008,South East,60-70%,Rural,Total,Pupil residence,Revised,388,2632,142414.25,54.1,2582,98.1,1546,58.7,2084,79.2,1075,40.8,12521.59,4.76,700,26.6,898,34.1,:,:,:,:,:
202021,Academic year,Regional,E92000001,England,E12000008,South East,60-70%,Total,Total,Pupil residence,Revised,659,10062,537678.76,53.4,9811,97.5,5770,57.3,7775,77.3,4149,41.2,47338.04,4.7,2538,25.2,3362,33.4,:,:,:,:,:
202021,Academic year,Regional,E92000001,England,E12000008,South East,60-70%,Urban,Total,Pupil residence,Revised,603,7430,395264.51,53.2,7229,97.3,4224,56.9,5691,76.6,3074,41.4,34816.45,4.69,1838,24.7,2464,33.2,:,:,:,:,:
202021,Academic year,Regional,E92000001,England,E12000008,South East,70-80%,Rural,Total,Pupil residence,Revised,360,2508,139550.76,55.6,2448,97.6,1548,61.7,2035,81.1,1086,43.3,12331.56,4.92,698,27.8,910,36.3,:,:,:,:,:
202021,Academic year,Regional,E92000001,England,E12000008,South East,70-80%,Total,Total,Pupil residence,Revised,631,10233,564325.77,55.1,10009,97.8,6175,60.3,8221,80.3,4417,43.2,49927.52,4.88,2774,27.1,3618,35.4,:,:,:,:,:
202021,Academic year,Regional,E92000001,England,E12000008,South East,70-80%,Urban,Total,Pupil residence,Revised,573,7725,424775.01,55,7561,97.9,4627,59.9,6186,80.1,3331,43.1,37595.96,4.87,2076,26.9,2708,35.1,:,:,:,:,:
202021,Academic year,Regional,E92000001,England,E12000008,South East,80-90%,Rural,Total,Pupil residence,Revised,424,3525,198888.5,56.4,3441,97.6,2246,63.7,2897,82.2,1633,46.3,17766.5,5.04,1076,30.5,1392,39.5,:,:,:,:,:
202021,Academic year,Regional,E92000001,England,E12000008,South East,80-90%,Total,Total,Pupil residence,Revised,666,11592,660005.79,56.9,11350,97.9,7464,64.4,9611,82.9,5307,45.8,58786.45,5.07,3491,30.1,4484,38.7,:,:,:,:,:
202021,Academic year,Regional,E92000001,England,E12000008,South East,80-90%,Urban,Total,Pupil residence,Revised,595,8067,461117.29,57.2,7909,98,5218,64.7,6714,83.2,3674,45.5,41019.95,5.08,2415,29.9,3092,38.3,:,:,:,:,:
202021,Academic year,Regional,E92000001,England,E12000008,South East,90-100%,Rural,Total,Pupil residence,Revised,336,3204,190369.14,59.4,3132,97.8,2194,68.5,2743,85.6,1494,46.6,17014.03,5.31,1064,33.2,1311,40.9,:,:,:,:,:
202021,Academic year,Regional,E92000001,England,E12000008,South East,90-100%,Total,Total,Pupil residence,Revised,584,13034,791330.03,60.7,12817,98.3,9312,71.4,11378,87.3,6609,50.7,71269.83,5.47,4761,36.5,5838,44.8,:,:,:,:,:
202021,Academic year,Regional,E92000001,England,E12000008,South East,90-100%,Urban,Total,Pupil residence,Revised,528,9830,600960.89,61.1,9685,98.5,7118,72.4,8635,87.8,5115,52,54255.8,5.52,3697,37.6,4527,46.1,:,:,:,:,:
202021,Academic year,Regional,E92000001,England,E12000008,South East,Total,Rural,4 Rural - Town and fringe,Pupil residence,Revised,579,9446,504050.38,53.4,9229,97.7,5379,56.9,7301,77.3,3755,39.8,44337.63,4.69,2400,25.4,3104,32.9,:,:,:,:,:
202021,Academic year,Regional,E92000001,England,E12000008,South East,Total,Rural,5 Rural - Village,Pupil residence,Revised,489,5044,277074.63,54.9,4905,97.2,3047,60.4,3979,78.9,2166,42.9,24557.81,4.87,1419,28.1,1825,36.2,:,:,:,:,:
202021,Academic year,Regional,E92000001,England,E12000008,South East,Total,Rural,6 Rural - Hamlet and isolated dwellings,Pupil residence,Revised,436,2884,162012.89,56.2,2812,97.5,1809,62.7,2347,81.4,1347,46.7,14466.76,5.02,892,30.9,1142,39.6,:,:,:,:,:
202021,Academic year,Regional,E92000001,England,E12000008,South East,Total,Rural,Total,Pupil residence,Revised,666,17374,943137.9,54.3,16946,97.5,10235,58.9,13627,78.4,7268,41.8,83362.2,4.8,4711,27.1,6071,34.9,:,:,:,:,:
202021,Academic year,Regional,E92000001,England,E12000008,South East,Total,Total,Total,Pupil residence,Revised,905,90351,4702853.26,52.1,87660,97,48991,54.2,67120,74.3,35438,39.2,412821.72,4.57,21389,23.7,28256,31.3,:,:,:,:,:
202021,Academic year,Regional,E92000001,England,E12000008,South East,Total,Urban,1 Urban - Major conurbation,Pupil residence,Revised,273,8009,433134.63,54.1,7767,97,4649,58,6148,76.8,3185,39.8,37994.27,4.74,2028,25.3,2594,32.4,:,:,:,:,:
202021,Academic year,Regional,E92000001,England,E12000008,South East,Total,Urban,3 Urban - City and town,Pupil residence,Revised,771,64968,3326580.73,51.2,62947,96.9,34107,52.5,47345,72.9,24985,38.5,291465.25,4.49,14650,22.5,19591,30.2,:,:,:,:,:
202021,Academic year,Regional,E92000001,England,E12000008,South East,Total,Urban,Total,Pupil residence,Revised,867,72977,3759715.36,51.5,70714,96.9,38756,53.1,53493,73.3,28170,38.6,329459.52,4.51,16678,22.9,22185,30.4,:,:,:,:,:
202021,Academic year,Regional,E92000001,England,E12000009,South West,0-10%,Rural,Total,Pupil residence,Revised,18,111,4690.5,42.3,107,96.4,38,34.2,54,48.6,30,27,397.32,3.58,9,8.1,15,13.5,:,:,:,:,:
202021,Academic year,Regional,E92000001,England,E12000009,South West,0-10%,Total,Total,Pupil residence,Revised,249,3428,144608.5,42.2,3267,95.3,1168,34.1,1923,56.1,720,21,12066.37,3.52,286,8.3,468,13.7,:,:,:,:,:
202021,Academic year,Regional,E92000001,England,E12000009,South West,0-10%,Urban,Total,Pupil residence,Revised,244,3317,139918,42.2,3160,95.3,1130,34.1,1869,56.3,690,20.8,11669.05,3.52,277,8.4,453,13.7,:,:,:,:,:
202021,Academic year,Regional,E92000001,England,E12000009,South West,10-20%,Rural,Total,Pupil residence,Revised,76,495,21552.75,43.5,473,95.6,181,36.6,292,59,134,27.1,1847.65,3.73,58,11.7,90,18.2,:,:,:,:,:
202021,Academic year,Regional,E92000001,England,E12000009,South West,10-20%,Total,Total,Pupil residence,Revised,311,3615,160472,44.4,3468,95.9,1412,39.1,2207,61.1,841,23.3,13530.46,3.74,401,11.1,582,16.1,:,:,:,:,:
202021,Academic year,Regional,E92000001,England,E12000009,South West,10-20%,Urban,Total,Pupil residence,Revised,283,3120,138919.25,44.5,2995,96,1231,39.5,1915,61.4,707,22.7,11682.81,3.74,343,11,492,15.8,:,:,:,:,:
202021,Academic year,Regional,E92000001,England,E12000009,South West,20-30%,Rural,Total,Pupil residence,Revised,99,590,27954,47.4,572,96.9,262,44.4,396,67.1,152,25.8,2368.51,4.01,73,12.4,112,19,:,:,:,:,:
202021,Academic year,Regional,E92000001,England,E12000009,South West,20-30%,Total,Total,Pupil residence,Revised,335,4491,210268.25,46.8,4329,96.4,1973,43.9,2977,66.3,1134,25.3,17764,3.96,548,12.2,791,17.6,:,:,:,:,:
202021,Academic year,Regional,E92000001,England,E12000009,South West,20-30%,Urban,Total,Pupil residence,Revised,310,3901,182314.25,46.7,3757,96.3,1711,43.9,2581,66.2,982,25.2,15395.49,3.95,475,12.2,679,17.4,:,:,:,:,:
202021,Academic year,Regional,E92000001,England,E12000009,South West,30-40%,Rural,Total,Pupil residence,Revised,152,1397,68047.5,48.7,1362,97.5,631,45.2,943,67.5,461,33,5877.66,4.21,219,15.7,332,23.8,:,:,:,:,:
202021,Academic year,Regional,E92000001,England,E12000009,South West,30-40%,Total,Total,Pupil residence,Revised,369,5493,266029.75,48.4,5325,96.9,2520,45.9,3785,68.9,1589,28.9,22731.5,4.14,839,15.3,1172,21.3,:,:,:,:,:
202021,Academic year,Regional,E92000001,England,E12000009,South West,30-40%,Urban,Total,Pupil residence,Revised,335,4096,197982.25,48.3,3963,96.8,1889,46.1,2842,69.4,1128,27.5,16853.84,4.11,620,15.1,840,20.5,:,:,:,:,:
202021,Academic year,Regional,E92000001,England,E12000009,South West,40-50%,Rural,Total,Pupil residence,Revised,223,2380,119941,50.4,2319,97.4,1183,49.7,1686,70.8,838,35.2,10406.35,4.37,425,17.9,617,25.9,:,:,:,:,:
202021,Academic year,Regional,E92000001,England,E12000009,South West,40-50%,Total,Total,Pupil residence,Revised,374,6790,339679.39,50,6596,97.1,3352,49.4,4788,70.5,2036,30,29129.54,4.29,1105,16.3,1542,22.7,:,:,:,:,:
202021,Academic year,Regional,E92000001,England,E12000009,South West,40-50%,Urban,Total,Pupil residence,Revised,339,4410,219738.39,49.8,4277,97,2169,49.2,3102,70.3,1198,27.2,18723.19,4.25,680,15.4,925,21,:,:,:,:,:
202021,Academic year,Regional,E92000001,England,E12000009,South West,50-60%,Rural,Total,Pupil residence,Revised,281,3263,169592.25,52,3172,97.2,1714,52.5,2429,74.4,1149,35.2,14748.44,4.52,648,19.9,908,27.8,:,:,:,:,:
202021,Academic year,Regional,E92000001,England,E12000009,South West,50-60%,Total,Total,Pupil residence,Revised,382,7247,376011,51.9,7048,97.3,3827,52.8,5382,74.3,2372,32.7,32494.29,4.48,1385,19.1,1894,26.1,:,:,:,:,:
202021,Academic year,Regional,E92000001,England,E12000009,South West,50-60%,Urban,Total,Pupil residence,Revised,311,3984,206418.75,51.8,3876,97.3,2113,53,2953,74.1,1223,30.7,17745.85,4.45,737,18.5,986,24.7,:,:,:,:,:
202021,Academic year,Regional,E92000001,England,E12000009,South West,60-70%,Rural,Total,Pupil residence,Revised,261,2760,147673.76,53.5,2702,97.9,1571,56.9,2131,77.2,995,36.1,12855.02,4.66,606,22,789,28.6,:,:,:,:,:
202021,Academic year,Regional,E92000001,England,E12000009,South West,60-70%,Total,Total,Pupil residence,Revised,374,6788,364130.64,53.6,6645,97.9,3929,57.9,5270,77.6,2421,35.7,31615.6,4.66,1469,21.6,1949,28.7,:,:,:,:,:
202021,Academic year,Regional,E92000001,England,E12000009,South West,60-70%,Urban,Total,Pupil residence,Revised,314,4028,216456.88,53.7,3943,97.9,2358,58.5,3139,77.9,1426,35.4,18760.58,4.66,863,21.4,1160,28.8,:,:,:,:,:
202021,Academic year,Regional,E92000001,England,E12000009,South West,70-80%,Rural,Total,Pupil residence,Revised,229,2606,142994.38,54.9,2547,97.7,1534,58.9,2072,79.5,1010,38.8,12526.17,4.81,614,23.6,835,32,:,:,:,:,:
202021,Academic year,Regional,E92000001,England,E12000009,South West,70-80%,Total,Total,Pupil residence,Revised,340,6319,347436.63,55,6172,97.7,3785,59.9,5035,79.7,2342,37.1,30333.83,4.8,1484,23.5,1951,30.9,:,:,:,:,:
202021,Academic year,Regional,E92000001,England,E12000009,South West,70-80%,Urban,Total,Pupil residence,Revised,284,3713,204442.25,55.1,3625,97.6,2251,60.6,2963,79.8,1332,35.9,17807.66,4.8,870,23.4,1116,30.1,:,:,:,:,:
202021,Academic year,Regional,E92000001,England,E12000009,South West,80-90%,Rural,Total,Pupil residence,Revised,223,2020,111195.64,55,1975,97.8,1197,59.3,1611,79.8,885,43.8,9844.68,4.87,543,26.9,719,35.6,:,:,:,:,:
202021,Academic year,Regional,E92000001,England,E12000009,South West,80-90%,Total,Total,Pupil residence,Revised,329,5138,290409.54,56.5,5036,98,3239,63,4233,82.4,2145,41.7,25644.57,4.99,1389,27,1786,34.8,:,:,:,:,:
202021,Academic year,Regional,E92000001,England,E12000009,South West,80-90%,Urban,Total,Pupil residence,Revised,261,3118,179213.9,57.5,3061,98.2,2042,65.5,2622,84.1,1260,40.4,15799.89,5.07,846,27.1,1067,34.2,:,:,:,:,:
202021,Academic year,Regional,E92000001,England,E12000009,South West,90-100%,Rural,Total,Pupil residence,Revised,153,1175,65326.25,55.6,1157,98.5,720,61.3,948,80.7,503,42.8,5767.84,4.91,304,25.9,412,35.1,:,:,:,:,:
202021,Academic year,Regional,E92000001,England,E12000009,South West,90-100%,Total,Total,Pupil residence,Revised,274,4254,250749.25,58.9,4192,98.5,2876,67.6,3644,85.7,1798,42.3,22235.13,5.23,1285,30.2,1600,37.6,:,:,:,:,:
202021,Academic year,Regional,E92000001,England,E12000009,South West,90-100%,Urban,Total,Pupil residence,Revised,217,3079,185423,60.2,3035,98.6,2156,70,2696,87.6,1295,42.1,16467.29,5.35,981,31.9,1188,38.6,:,:,:,:,:
202021,Academic year,Regional,E92000001,England,E12000009,South West,Total,Rural,4 Rural - Town and fringe,Pupil residence,Revised,329,7518,380246.65,50.6,7324,97.4,3762,50,5382,71.6,2655,35.3,33045.43,4.4,1429,19,2023,26.9,:,:,:,:,:
202021,Academic year,Regional,E92000001,England,E12000009,South West,Total,Rural,5 Rural - Village,Pupil residence,Revised,317,5563,296044.75,53.2,5431,97.6,3100,55.7,4246,76.3,2069,37.2,25843.31,4.65,1224,22,1664,29.9,:,:,:,:,:
202021,Academic year,Regional,E92000001,England,E12000009,South West,Total,Rural,6 Rural - Hamlet and isolated dwellings,Pupil residence,Revised,322,3716,202676.63,54.5,3631,97.7,2169,58.4,2934,79,1433,38.6,17750.9,4.78,846,22.8,1142,30.7,:,:,:,:,:
202021,Academic year,Regional,E92000001,England,E12000009,South West,Total,Rural,Total,Pupil residence,Revised,395,16797,878968.03,52.3,16386,97.6,9031,53.8,12562,74.8,6157,36.7,76639.64,4.56,3499,20.8,4829,28.7,:,:,:,:,:
202021,Academic year,Regional,E92000001,England,E12000009,South West,Total,Total,Total,Pupil residence,Revised,441,53563,2749794.95,51.3,52078,97.2,28081,52.4,39244,73.3,17398,32.5,237545.29,4.43,10191,19,13735,25.6,:,:,:,:,:
202021,Academic year,Regional,E92000001,England,E12000009,South West,Total,Urban,3 Urban - City and town,Pupil residence,Revised,406,36766,1870826.92,50.9,35692,97.1,19050,51.8,26682,72.6,11241,30.6,160905.65,4.38,6692,18.2,8906,24.2,:,:,:,:,:
202021,Academic year,Regional,E92000001,England,E12000009,South West,Total,Urban,Total,Pupil residence,Revised,406,36766,1870826.92,50.9,35692,97.1,19050,51.8,26682,72.6,11241,30.6,160905.65,4.38,6692,18.2,8906,24.2,:,:,:,:,:
202021,Academic year,Regional,E92000001,England,E12000005,West Midlands,0-10%,Rural,Total,Pupil residence,Revised,8,19,748,39.4,19,100,4,21.1,10,52.6,3,15.8,61.34,3.23,1,5.3,1,5.3,:,:,:,:,:
202021,Academic year,Regional,E92000001,England,E12000005,West Midlands,0-10%,Total,Total,Pupil residence,Revised,401,12812,561084.76,43.8,12275,95.8,4750,37.1,7527,58.7,3590,28,47236.52,3.69,1414,11,2264,17.7,:,:,:,:,:
202021,Academic year,Regional,E92000001,England,E12000005,West Midlands,0-10%,Urban,Total,Pupil residence,Revised,400,12793,560336.76,43.8,12256,95.8,4746,37.1,7517,58.8,3587,28,47175.18,3.69,1413,11,2263,17.7,:,:,:,:,:
202021,Academic year,Regional,E92000001,England,E12000005,West Midlands,10-20%,Rural,Total,Pupil residence,Revised,10,39,1910.5,49,36,92.3,19,48.7,26,66.7,15,38.5,164.47,4.22,6,15.4,12,30.8,:,:,:,:,:
202021,Academic year,Regional,E92000001,England,E12000005,West Midlands,10-20%,Total,Total,Pupil residence,Revised,434,10341,473162.79,45.8,9969,96.4,4199,40.6,6416,62,3606,34.9,40505.62,3.92,1474,14.3,2261,21.9,:,:,:,:,:
202021,Academic year,Regional,E92000001,England,E12000005,West Midlands,10-20%,Urban,Total,Pupil residence,Revised,432,10302,471252.29,45.7,9933,96.4,4180,40.6,6390,62,3591,34.9,40341.15,3.92,1468,14.2,2249,21.8,:,:,:,:,:
202021,Academic year,Regional,E92000001,England,E12000005,West Midlands,20-30%,Rural,Total,Pupil residence,Revised,77,358,17126.5,47.8,346,96.6,156,43.6,248,69.3,112,31.3,1479.31,4.13,60,16.8,75,20.9,:,:,:,:,:
202021,Academic year,Regional,E92000001,England,E12000005,West Midlands,20-30%,Total,Total,Pupil residence,Revised,446,6988,327451.75,46.9,6761,96.8,3047,43.6,4523,64.7,2246,32.1,27927.24,4,1068,15.3,1554,22.2,:,:,:,:,:
202021,Academic year,Regional,E92000001,England,E12000005,West Midlands,20-30%,Urban,Total,Pupil residence,Revised,430,6630,310325.25,46.8,6415,96.8,2891,43.6,4275,64.5,2134,32.2,26447.93,3.99,1008,15.2,1479,22.3,:,:,:,:,:
202021,Academic year,Regional,E92000001,England,E12000005,West Midlands,30-40%,Rural,Total,Pupil residence,Revised,108,653,30907.75,47.3,637,97.5,286,43.8,441,67.5,207,31.7,2690.07,4.12,105,16.1,149,22.8,:,:,:,:,:
202021,Academic year,Regional,E92000001,England,E12000005,West Midlands,30-40%,Total,Total,Pupil residence,Revised,450,5663,274615.01,48.5,5482,96.8,2624,46.3,3863,68.2,1937,34.2,23644.24,4.18,964,17,1402,24.8,:,:,:,:,:
202021,Academic year,Regional,E92000001,England,E12000005,West Midlands,30-40%,Urban,Total,Pupil residence,Revised,430,5010,243707.26,48.6,4845,96.7,2338,46.7,3422,68.3,1730,34.5,20954.17,4.18,859,17.1,1253,25,:,:,:,:,:
202021,Academic year,Regional,E92000001,England,E12000005,West Midlands,40-50%,Rural,Total,Pupil residence,Revised,125,619,31613,51.1,608,98.2,316,51.1,465,75.1,238,38.4,2762.06,4.46,122,19.7,176,28.4,:,:,:,:,:
202021,Academic year,Regional,E92000001,England,E12000005,West Midlands,40-50%,Total,Total,Pupil residence,Revised,428,5201,261121,50.2,5076,97.6,2605,50.1,3728,71.7,1826,35.1,22522.21,4.33,954,18.3,1349,25.9,:,:,:,:,:
202021,Academic year,Regional,E92000001,England,E12000005,West Midlands,40-50%,Urban,Total,Pupil residence,Revised,412,4582,229508,50.1,4468,97.5,2289,50,3263,71.2,1588,34.7,19760.15,4.31,832,18.2,1173,25.6,:,:,:,:,:
202021,Academic year,Regional,E92000001,England,E12000005,West Midlands,50-60%,Rural,Total,Pupil residence,Revised,161,1160,61318.75,52.9,1139,98.2,639,55.1,900,77.6,454,39.1,5382.56,4.64,241,20.8,352,30.3,:,:,:,:,:
202021,Academic year,Regional,E92000001,England,E12000005,West Midlands,50-60%,Total,Total,Pupil residence,Revised,410,4860,255075.25,52.5,4759,97.9,2645,54.4,3664,75.4,1887,38.8,22220.64,4.57,1045,21.5,1450,29.8,:,:,:,:,:
202021,Academic year,Regional,E92000001,England,E12000005,West Midlands,50-60%,Urban,Total,Pupil residence,Revised,383,3700,193756.5,52.4,3620,97.8,2006,54.2,2764,74.7,1433,38.7,16838.08,4.55,804,21.7,1098,29.7,:,:,:,:,:
202021,Academic year,Regional,E92000001,England,E12000005,West Midlands,60-70%,Rural,Total,Pupil residence,Revised,188,1484,78480.13,52.9,1458,98.2,820,55.3,1141,76.9,502,33.8,6813.03,4.59,298,20.1,398,26.8,:,:,:,:,:
202021,Academic year,Regional,E92000001,England,E12000005,West Midlands,60-70%,Total,Total,Pupil residence,Revised,406,5227,277490.63,53.1,5129,98.1,2903,55.5,4014,76.8,1925,36.8,24104.13,4.61,1127,21.6,1529,29.3,:,:,:,:,:
202021,Academic year,Regional,E92000001,England,E12000005,West Midlands,60-70%,Urban,Total,Pupil residence,Revised,380,3743,199010.5,53.2,3671,98.1,2083,55.7,2873,76.8,1423,38,17291.1,4.62,829,22.1,1131,30.2,:,:,:,:,:
202021,Academic year,Regional,E92000001,England,E12000005,West Midlands,70-80%,Rural,Total,Pupil residence,Revised,182,1280,70527.25,55.1,1250,97.7,794,62,1041,81.3,548,42.8,6223.22,4.86,346,27,443,34.6,:,:,:,:,:
202021,Academic year,Regional,E92000001,England,E12000005,West Midlands,70-80%,Total,Total,Pupil residence,Revised,386,4673,255568.63,54.7,4582,98.1,2799,59.9,3719,79.6,1946,41.6,22397.18,4.79,1211,25.9,1559,33.4,:,:,:,:,:
202021,Academic year,Regional,E92000001,England,E12000005,West Midlands,70-80%,Urban,Total,Pupil residence,Revised,351,3393,185041.38,54.5,3332,98.2,2005,59.1,2678,78.9,1398,41.2,16173.96,4.77,865,25.5,1116,32.9,:,:,:,:,:
202021,Academic year,Regional,E92000001,England,E12000005,West Midlands,80-90%,Rural,Total,Pupil residence,Revised,175,1333,72806.25,54.6,1298,97.4,789,59.2,1079,80.9,539,40.4,6397.46,4.8,329,24.7,456,34.2,:,:,:,:,:
202021,Academic year,Regional,E92000001,England,E12000005,West Midlands,80-90%,Total,Total,Pupil residence,Revised,344,4798,268532.25,56,4696,97.9,2998,62.5,3903,81.3,2109,44,23702.02,4.94,1264,26.3,1702,35.5,:,:,:,:,:
202021,Academic year,Regional,E92000001,England,E12000005,West Midlands,80-90%,Urban,Total,Pupil residence,Revised,316,3465,195726,56.5,3398,98.1,2209,63.8,2824,81.5,1570,45.3,17304.56,4.99,935,27,1246,36,:,:,:,:,:
202021,Academic year,Regional,E92000001,England,E12000005,West Midlands,90-100%,Rural,Total,Pupil residence,Revised,143,1123,63813.5,56.8,1099,97.9,726,64.6,925,82.4,455,40.5,5638.47,5.02,324,28.9,395,35.2,:,:,:,:,:
202021,Academic year,Regional,E92000001,England,E12000005,West Midlands,90-100%,Total,Total,Pupil residence,Revised,302,4712,275632.25,58.5,4635,98.4,3187,67.6,4022,85.4,2255,47.9,24508.92,5.2,1461,31,1896,40.2,:,:,:,:,:
202021,Academic year,Regional,E92000001,England,E12000005,West Midlands,90-100%,Urban,Total,Pupil residence,Revised,267,3589,211818.75,59,3536,98.5,2461,68.6,3097,86.3,1800,50.2,18870.45,5.26,1137,31.7,1501,41.8,:,:,:,:,:
202021,Academic year,Regional,E92000001,England,E12000005,West Midlands,Total,Rural,4 Rural - Town and fringe,Pupil residence,Revised,255,3665,191699.75,52.3,3597,98.1,1985,54.2,2803,76.5,1317,35.9,16718.96,4.56,778,21.2,1041,28.4,:,:,:,:,:
202021,Academic year,Regional,E92000001,England,E12000005,West Midlands,Total,Rural,5 Rural - Village,Pupil residence,Revised,249,2486,134092.25,53.9,2438,98.1,1426,57.4,1958,78.8,993,39.9,11799.75,4.75,605,24.3,805,32.4,:,:,:,:,:
202021,Academic year,Regional,E92000001,England,E12000005,West Midlands,Total,Rural,6 Rural - Hamlet and isolated dwellings,Pupil residence,Revised,228,1917,103459.63,54,1855,96.8,1138,59.4,1515,79,763,39.8,9093.28,4.74,449,23.4,611,31.9,:,:,:,:,:
202021,Academic year,Regional,E92000001,England,E12000005,West Midlands,Total,Rural,Total,Pupil residence,Revised,344,8068,429251.63,53.2,7890,97.8,4549,56.4,6276,77.8,3073,38.1,37611.99,4.66,1832,22.7,2457,30.5,:,:,:,:,:
202021,Academic year,Regional,E92000001,England,E12000005,West Midlands,Total,Total,Total,Pupil residence,Revised,540,65275,3229734.32,49.5,63364,97.1,31757,48.7,45379,69.5,23327,35.7,278768.72,4.27,11982,18.4,16966,26,:,:,:,:,:
202021,Academic year,Regional,E92000001,England,E12000005,West Midlands,Total,Urban,1 Urban - Major conurbation,Pupil residence,Revised,292,32895,1615160.05,49.1,31915,97,15556,47.3,22328,67.9,12007,36.5,139161.77,4.23,5942,18.1,8505,25.9,:,:,:,:,:
202021,Academic year,Regional,E92000001,England,E12000005,West Midlands,Total,Urban,3 Urban - City and town,Pupil residence,Revised,359,24312,1185322.64,48.8,23559,96.9,11652,47.9,16775,69,8247,33.9,101994.96,4.2,4208,17.3,6004,24.7,:,:,:,:,:
202021,Academic year,Regional,E92000001,England,E12000005,West Midlands,Total,Urban,Total,Pupil residence,Revised,513,57207,2800482.69,49,55474,97,27208,47.6,39103,68.4,20254,35.4,241156.73,4.22,10150,17.7,14509,25.4,:,:,:,:,:
202021,Academic year,Regional,E92000001,England,E12000003,Yorkshire and The Humber,0-10%,Rural,Total,Pupil residence,Revised,41,197,8212.25,41.7,188,95.4,68,34.5,113,57.4,37,18.8,684.59,3.48,19,9.6,27,13.7,:,:,:,:,:
202021,Academic year,Regional,E92000001,England,E12000003,Yorkshire and The Humber,0-10%,Total,Total,Pupil residence,Revised,346,10820,445003.25,41.1,10356,95.7,3731,34.5,5903,54.6,2868,26.5,37274.1,3.44,1061,9.8,1730,16,:,:,:,:,:
202021,Academic year,Regional,E92000001,England,E12000003,Yorkshire and The Humber,0-10%,Urban,Total,Pupil residence,Revised,343,10623,436791,41.1,10168,95.7,3663,34.5,5790,54.5,2831,26.6,36589.51,3.44,1042,9.8,1703,16,:,:,:,:,:
202021,Academic year,Regional,E92000001,England,E12000003,Yorkshire and The Humber,10-20%,Rural,Total,Pupil residence,Revised,70,397,18543.5,46.7,385,97,178,44.8,261,65.7,122,30.7,1587.32,4,65,16.4,91,22.9,:,:,:,:,:
202021,Academic year,Regional,E92000001,England,E12000003,Yorkshire and The Humber,10-20%,Total,Total,Pupil residence,Revised,347,7658,337529.5,44.1,7391,96.5,3016,39.4,4664,60.9,2314,30.2,28617,3.74,968,12.6,1487,19.4,:,:,:,:,:
202021,Academic year,Regional,E92000001,England,E12000003,Yorkshire and The Humber,10-20%,Urban,Total,Pupil residence,Revised,334,7261,318986,43.9,7006,96.5,2838,39.1,4403,60.6,2192,30.2,27029.68,3.72,903,12.4,1396,19.2,:,:,:,:,:
202021,Academic year,Regional,E92000001,England,E12000003,Yorkshire and The Humber,20-30%,Rural,Total,Pupil residence,Revised,86,407,19284,47.4,398,97.8,186,45.7,273,67.1,127,31.2,1653.89,4.06,67,16.5,94,23.1,:,:,:,:,:
202021,Academic year,Regional,E92000001,England,E12000003,Yorkshire and The Humber,20-30%,Total,Total,Pupil residence,Revised,351,6808,311591.75,45.8,6599,96.9,2906,42.7,4377,64.3,2181,32,26564.94,3.9,980,14.4,1491,21.9,:,:,:,:,:
202021,Academic year,Regional,E92000001,England,E12000003,Yorkshire and The Humber,20-30%,Urban,Total,Pupil residence,Revised,336,6401,292307.75,45.7,6201,96.9,2720,42.5,4104,64.1,2054,32.1,24911.05,3.89,913,14.3,1397,21.8,:,:,:,:,:
202021,Academic year,Regional,E92000001,England,E12000003,Yorkshire and The Humber,30-40%,Rural,Total,Pupil residence,Revised,103,643,31484,49,625,97.2,311,48.4,455,70.8,203,31.6,2689.21,4.18,86,13.4,134,20.8,:,:,:,:,:
202021,Academic year,Regional,E92000001,England,E12000003,Yorkshire and The Humber,30-40%,Total,Total,Pupil residence,Revised,340,5217,252850.25,48.5,5091,97.6,2484,47.6,3598,69,1794,34.4,21718.34,4.16,852,16.3,1264,24.2,:,:,:,:,:
202021,Academic year,Regional,E92000001,England,E12000003,Yorkshire and The Humber,30-40%,Urban,Total,Pupil residence,Revised,319,4574,221366.25,48.4,4466,97.6,2173,47.5,3143,68.7,1591,34.8,19029.13,4.16,766,16.7,1130,24.7,:,:,:,:,:
202021,Academic year,Regional,E92000001,England,E12000003,Yorkshire and The Humber,40-50%,Rural,Total,Pupil residence,Revised,129,757,37962.25,50.1,735,97.1,389,51.4,557,73.6,258,34.1,3279.05,4.33,149,19.7,211,27.9,:,:,:,:,:
202021,Academic year,Regional,E92000001,England,E12000003,Yorkshire and The Humber,40-50%,Total,Total,Pupil residence,Revised,353,4488,225725.75,50.3,4381,97.6,2309,51.4,3298,73.5,1588,35.4,19453.42,4.33,831,18.5,1221,27.2,:,:,:,:,:
202021,Academic year,Regional,E92000001,England,E12000003,Yorkshire and The Humber,40-50%,Urban,Total,Pupil residence,Revised,329,3731,187763.5,50.3,3646,97.7,1920,51.5,2741,73.5,1330,35.6,16174.37,4.34,682,18.3,1010,27.1,:,:,:,:,:
202021,Academic year,Regional,E92000001,England,E12000003,Yorkshire and The Humber,50-60%,Rural,Total,Pupil residence,Revised,141,990,51305.25,51.8,969,97.9,543,54.8,748,75.6,347,35.1,4444.42,4.49,184,18.6,253,25.6,:,:,:,:,:
202021,Academic year,Regional,E92000001,England,E12000003,Yorkshire and The Humber,50-60%,Total,Total,Pupil residence,Revised,355,4478,232482.5,51.9,4385,97.9,2430,54.3,3376,75.4,1672,37.3,20130.96,4.5,897,20,1264,28.2,:,:,:,:,:
202021,Academic year,Regional,E92000001,England,E12000003,Yorkshire and The Humber,50-60%,Urban,Total,Pupil residence,Revised,320,3488,181177.25,51.9,3416,97.9,1887,54.1,2628,75.3,1325,38,15686.54,4.5,713,20.4,1011,29,:,:,:,:,:
202021,Academic year,Regional,E92000001,England,E12000003,Yorkshire and The Humber,60-70%,Rural,Total,Pupil residence,Revised,156,1085,58107.25,53.6,1069,98.5,613,56.5,850,78.3,410,37.8,5055.43,4.66,245,22.6,342,31.5,:,:,:,:,:
202021,Academic year,Regional,E92000001,England,E12000003,Yorkshire and The Humber,60-70%,Total,Total,Pupil residence,Revised,322,4208,225049.5,53.5,4140,98.4,2415,57.4,3296,78.3,1681,39.9,19674.74,4.68,989,23.5,1352,32.1,:,:,:,:,:
202021,Academic year,Regional,E92000001,England,E12000003,Yorkshire and The Humber,60-70%,Urban,Total,Pupil residence,Revised,284,3123,166942.25,53.5,3071,98.3,1802,57.7,2446,78.3,1271,40.7,14619.31,4.68,744,23.8,1010,32.3,:,:,:,:,:
202021,Academic year,Regional,E92000001,England,E12000003,Yorkshire and The Humber,70-80%,Rural,Total,Pupil residence,Revised,163,1371,75478.75,55.1,1341,97.8,829,60.5,1101,80.3,546,39.8,6610.86,4.82,335,24.4,450,32.8,:,:,:,:,:
202021,Academic year,Regional,E92000001,England,E12000003,Yorkshire and The Humber,70-80%,Total,Total,Pupil residence,Revised,332,4953,274019,55.3,4869,98.3,3045,61.5,4039,81.5,2079,42,24035.81,4.85,1264,25.5,1728,34.9,:,:,:,:,:
202021,Academic year,Regional,E92000001,England,E12000003,Yorkshire and The Humber,70-80%,Urban,Total,Pupil residence,Revised,300,3582,198540.25,55.4,3528,98.5,2216,61.9,2938,82,1533,42.8,17424.95,4.86,929,25.9,1278,35.7,:,:,:,:,:
202021,Academic year,Regional,E92000001,England,E12000003,Yorkshire and The Humber,80-90%,Rural,Total,Pupil residence,Revised,173,1782,99782,56,1747,98,1129,63.4,1498,84.1,773,43.4,8811.74,4.94,491,27.6,650,36.5,:,:,:,:,:
202021,Academic year,Regional,E92000001,England,E12000003,Yorkshire and The Humber,80-90%,Total,Total,Pupil residence,Revised,296,4979,282371.25,56.7,4907,98.6,3203,64.3,4168,83.7,2269,45.6,24985.59,5.02,1482,29.8,1936,38.9,:,:,:,:,:
202021,Academic year,Regional,E92000001,England,E12000003,Yorkshire and The Humber,80-90%,Urban,Total,Pupil residence,Revised,254,3197,182589.25,57.1,3160,98.8,2074,64.9,2670,83.5,1496,46.8,16173.85,5.06,991,31,1286,40.2,:,:,:,:,:
202021,Academic year,Regional,E92000001,England,E12000003,Yorkshire and The Humber,90-100%,Rural,Total,Pupil residence,Revised,138,1477,85991.5,58.2,1454,98.4,998,67.6,1250,84.6,711,48.1,7698.34,5.21,475,32.2,613,41.5,:,:,:,:,:
202021,Academic year,Regional,E92000001,England,E12000003,Yorkshire and The Humber,90-100%,Total,Total,Pupil residence,Revised,269,5067,299120,59,4990,98.5,3524,69.5,4378,86.4,2521,49.8,26774.79,5.28,1706,33.7,2177,43,:,:,:,:,:
202021,Academic year,Regional,E92000001,England,E12000003,Yorkshire and The Humber,90-100%,Urban,Total,Pupil residence,Revised,232,3590,213128.5,59.4,3536,98.5,2526,70.4,3128,87.1,1810,50.4,19076.45,5.31,1231,34.3,1564,43.6,:,:,:,:,:
202021,Academic year,Regional,E92000001,England,E12000003,Yorkshire and The Humber,Total,Rural,4 Rural - Town and fringe,Pupil residence,Revised,293,5526,289105.25,52.3,5409,97.9,3079,55.7,4207,76.1,2057,37.2,25146.41,4.55,1162,21,1621,29.3,:,:,:,:,:
202021,Academic year,Regional,E92000001,England,E12000003,Yorkshire and The Humber,Total,Rural,5 Rural - Village,Pupil residence,Revised,234,2394,130991.25,54.7,2340,97.7,1444,60.3,1931,80.7,988,41.3,11522.15,4.81,623,26,823,34.4,:,:,:,:,:
202021,Academic year,Regional,E92000001,England,E12000003,Yorkshire and The Humber,Total,Rural,6 Rural - Hamlet and isolated dwellings,Pupil residence,Revised,188,1186,66054.25,55.7,1162,98,721,60.8,968,81.6,489,41.2,5846.29,4.93,331,27.9,421,35.5,:,:,:,:,:
202021,Academic year,Regional,E92000001,England,E12000003,Yorkshire and The Humber,Total,Rural,Total,Pupil residence,Revised,345,9106,486150.75,53.4,8911,97.9,5244,57.6,7106,78,3534,38.8,42514.85,4.67,2116,23.2,2865,31.5,:,:,:,:,:
202021,Academic year,Regional,E92000001,England,E12000003,Yorkshire and The Humber,Total,Total,Total,Pupil residence,Revised,448,58676,2885742.75,49.2,57109,97.3,29063,49.5,41097,70,20967,35.7,249229.69,4.25,11030,18.8,15650,26.7,:,:,:,:,:
202021,Academic year,Regional,E92000001,England,E12000003,Yorkshire and The Humber,Total,Urban,1 Urban - Major conurbation,Pupil residence,Revised,165,20874,1010451.25,48.4,20276,97.1,10013,48,14212,68.1,7759,37.2,87411.56,4.19,3917,18.8,5587,26.8,:,:,:,:,:
202021,Academic year,Regional,E92000001,England,E12000003,Yorkshire and The Humber,Total,Urban,2 Urban - minor conurbation,Pupil residence,Revised,120,12042,571548.5,47.5,11679,97,5601,46.5,8034,66.7,3897,32.4,48656.09,4.04,1960,16.3,2813,23.4,:,:,:,:,:
202021,Academic year,Regional,E92000001,England,E12000003,Yorkshire and The Humber,Total,Urban,3 Urban - City and town,Pupil residence,Revised,336,16654,817592.25,49.1,16243,97.5,8205,49.3,11745,70.5,5777,34.7,70647.19,4.24,3037,18.2,4385,26.3,:,:,:,:,:
202021,Academic year,Regional,E92000001,England,E12000003,Yorkshire and The Humber,Total,Urban,Total,Pupil residence,Revised,412,49570,2399592,48.4,48198,97.2,23819,48.1,33991,68.6,17433,35.2,206714.84,4.17,8914,18,12785,25.8,:,:,:,:,:
