﻿time_period,time_identifier,geographic_level,country_code,country_name,version,qualification,breakdown,characteristic_prior_attainment,characteristic_disadvantage,tavent_ptq_ee
201617,Academic year,National,E92000001,England,Final,GCSE and equivalents,Prior attainment,Low prior,Total,7.5
201617,Academic year,National,E92000001,England,Final,GCSE and equivalents,Prior attainment,Mid prior,Total,9.4
201617,Academic year,National,E92000001,England,Final,GCSE and equivalents,Prior attainment,High prior,Total,10.1
201617,Academic year,National,E92000001,England,Final,GCSE and equivalents,Total,Total,Total,9.3
201617,Academic year,National,E92000001,England,Final,GCSE and equivalents,Disadvantage,Total,Disadvantaged,8.7
201617,Academic year,National,E92000001,England,Final,GCSE and equivalents,Disadvantage,Total,Disadvantaged all other,9.6
201718,Academic year,National,E92000001,England,Final,GCSE and equivalents,Prior attainment,Low prior,Total,6.5
201718,Academic year,National,E92000001,England,Final,GCSE and equivalents,Prior attainment,Mid prior,Total,8.1
201718,Academic year,National,E92000001,England,Final,GCSE and equivalents,Prior attainment,High prior,Total,9.1
201718,Academic year,National,E92000001,England,Final,GCSE and equivalents,Total,Total,Total,8.3
201718,Academic year,National,E92000001,England,Final,GCSE and equivalents,Disadvantage,Total,Disadvantaged,7.6
201718,Academic year,National,E92000001,England,Final,GCSE and equivalents,Disadvantage,Total,Disadvantaged all other,8.5
201819,Academic year,National,E92000001,England,Final,GCSE and equivalents,Prior attainment,Low prior,Total,6.2
201819,Academic year,National,E92000001,England,Final,GCSE and equivalents,Prior attainment,Mid prior,Total,8
201819,Academic year,National,E92000001,England,Final,GCSE and equivalents,Prior attainment,High prior,Total,9
201819,Academic year,National,E92000001,England,Final,GCSE and equivalents,Total,Total,Total,8.2
201819,Academic year,National,E92000001,England,Final,GCSE and equivalents,Disadvantage,Total,Disadvantaged,7.4
201819,Academic year,National,E92000001,England,Final,GCSE and equivalents,Disadvantage,Total,Disadvantaged all other,8.4
201920,Academic year,National,E92000001,England,Revised,GCSE and equivalents,Prior attainment,Low prior,Total,6.2
201920,Academic year,National,E92000001,England,Revised,GCSE and equivalents,Prior attainment,Mid prior,Total,7.9
201920,Academic year,National,E92000001,England,Revised,GCSE and equivalents,Prior attainment,High prior,Total,8.9
201920,Academic year,National,E92000001,England,Revised,GCSE and equivalents,Total,Total,Total,8.1
201920,Academic year,National,E92000001,England,Revised,GCSE and equivalents,Disadvantage,Total,Disadvantaged,7.4
201920,Academic year,National,E92000001,England,Revised,GCSE and equivalents,Disadvantage,Total,Disadvantaged all other,8.4
202021,Academic year,National,E92000001,England,Revised,GCSE and equivalents,Prior attainment,Low prior,Total,7.2
202021,Academic year,National,E92000001,England,Revised,GCSE and equivalents,Prior attainment,Mid prior,Total,8.4
202021,Academic year,National,E92000001,England,Revised,GCSE and equivalents,Prior attainment,High prior,Total,9.3
202021,Academic year,National,E92000001,England,Revised,GCSE and equivalents,Total,Total,Total,8.1
202021,Academic year,National,E92000001,England,Revised,GCSE and equivalents,Disadvantage,Total,Disadvantaged,7.4
202021,Academic year,National,E92000001,England,Revised,GCSE and equivalents,Disadvantage,Total,Disadvantaged all other,8.4
201617,Academic year,National,E92000001,England,Final,GCSE,Prior attainment,Low prior,Total,6.7
201617,Academic year,National,E92000001,England,Final,GCSE,Prior attainment,Mid prior,Total,8.6
201617,Academic year,National,E92000001,England,Final,GCSE,Prior attainment,High prior,Total,9.5
201617,Academic year,National,E92000001,England,Final,GCSE,Total,Total,Total,8.7
201617,Academic year,National,E92000001,England,Final,GCSE,Disadvantage,Total,Disadvantaged,7.9
201617,Academic year,National,E92000001,England,Final,GCSE,Disadvantage,Total,Disadvantaged all other,9
201718,Academic year,National,E92000001,England,Final,GCSE,Prior attainment,Low prior,Total,5.8
201718,Academic year,National,E92000001,England,Final,GCSE,Prior attainment,Mid prior,Total,7.5
201718,Academic year,National,E92000001,England,Final,GCSE,Prior attainment,High prior,Total,8.8
201718,Academic year,National,E92000001,England,Final,GCSE,Total,Total,Total,7.8
201718,Academic year,National,E92000001,England,Final,GCSE,Disadvantage,Total,Disadvantaged,6.9
201718,Academic year,National,E92000001,England,Final,GCSE,Disadvantage,Total,Disadvantaged all other,8.1
201819,Academic year,National,E92000001,England,Final,GCSE,Prior attainment,Low prior,Total,5.4
201819,Academic year,National,E92000001,England,Final,GCSE,Prior attainment,Mid prior,Total,7.1
201819,Academic year,National,E92000001,England,Final,GCSE,Prior attainment,High prior,Total,8.5
201819,Academic year,National,E92000001,England,Final,GCSE,Total,Total,Total,7.5
201819,Academic year,National,E92000001,England,Final,GCSE,Disadvantage,Total,Disadvantaged,6.6
201819,Academic year,National,E92000001,England,Final,GCSE,Disadvantage,Total,Disadvantaged all other,7.8
201920,Academic year,National,E92000001,England,Revised,GCSE,Prior attainment,Low prior,Total,5.4
201920,Academic year,National,E92000001,England,Revised,GCSE,Prior attainment,Mid prior,Total,7.1
201920,Academic year,National,E92000001,England,Revised,GCSE,Prior attainment,High prior,Total,8.5
201920,Academic year,National,E92000001,England,Revised,GCSE,Total,Total,Total,7.5
201920,Academic year,National,E92000001,England,Revised,GCSE,Disadvantage,Total,Disadvantaged,6.6
201920,Academic year,National,E92000001,England,Revised,GCSE,Disadvantage,Total,Disadvantaged all other,7.8
202021,Academic year,National,E92000001,England,Revised,GCSE,Prior attainment,Low prior,Total,6.3
202021,Academic year,National,E92000001,England,Revised,GCSE,Prior attainment,Mid prior,Total,7.7
202021,Academic year,National,E92000001,England,Revised,GCSE,Prior attainment,High prior,Total,9
202021,Academic year,National,E92000001,England,Revised,GCSE,Total,Total,Total,7.4
202021,Academic year,National,E92000001,England,Revised,GCSE,Disadvantage,Total,Disadvantaged,6.6
202021,Academic year,National,E92000001,England,Revised,GCSE,Disadvantage,Total,Disadvantaged all other,7.7
