time_period,time_identifier,geographic_level,country_code,country_name,version,characteristic_type,characteristic_value,KS2_Prior,Entered_for_EBacc,Not_Entered_for_Ebacc,%_Entered_for_EBacc,%_Not_Entered_for_Ebacc,EBacc_9-4_Achieved,EBacc_9-4_Not_Achieved,%_EBacc_9-4_Achieved,%_EBacc_9-4_Not_Achieved,EBacc_9-5_Achieved,EBacc_9-5_Not_Achieved,%_EBacc_9-5_Achieved,%_EBacc_9-5_Not_Achieved,Basics_9-4_Achieved,Basics_9-4_Not_Achieved,%_Basics_9-4_Achieved,%_Basics_9-4_Not_Achieved,Basics_9-5_Achieved,Basics_9-5_Not_Achieved,%_Basics_9-5_Achieved,%_Basics_9-5_Not_Achieved
202021,Academic year,National,E92000001,England,Final,All Pupils,All Pupils,Less than 80,437,11827,3.6,96.4,142,12122,1.2,98.8,76,12188,0.6,99.4,547,11717,4.5,95.5,246,12018,2,98
202021,Academic year,National,E92000001,England,Final,All Pupils,All Pupils,80 - 89.5,1832,21894,7.7,92.3,198,23528,0.8,99.2,58,23668,0.2,99.8,2080,21646,8.8,91.2,407,23319,1.7,98.3
202021,Academic year,National,E92000001,England,Final,All Pupils,All Pupils,90 - 95.5,9084,49727,15.4,84.6,2330,56481,4,96,692,58119,1.2,98.8,19089,39722,32.5,67.5,5287,53524,9,91
202021,Academic year,National,E92000001,England,Final,All Pupils,All Pupils,96 - 99.5,19460,60240,24.4,75.6,9055,70645,11.4,88.6,3378,76322,4.2,95.8,47089,32611,59.1,40.9,19557,60143,24.5,75.5
202021,Academic year,National,E92000001,England,Final,All Pupils,All Pupils,100 - 102,23299,48816,32.3,67.7,14141,57974,19.6,80.4,6617,65498,9.2,90.8,54252,17863,75.2,24.8,30010,42105,41.6,58.4
202021,Academic year,National,E92000001,England,Final,All Pupils,All Pupils,102.5 - 104.5,32036,46916,40.6,59.4,23181,55771,29.4,70.6,13569,65383,17.2,82.8,67151,11801,85.1,14.9,46348,32604,58.7,41.3
202021,Academic year,National,E92000001,England,Final,All Pupils,All Pupils,105 - 107,35091,38162,47.9,52.1,28744,44509,39.2,60.8,20052,53201,27.4,72.6,67126,6127,91.6,8.4,53822,19431,73.5,26.5
202021,Academic year,National,E92000001,England,Final,All Pupils,All Pupils,107.5 - 109.5,32965,26304,55.6,44.4,29516,29753,49.8,50.2,23568,35701,39.8,60.2,56763,2506,95.8,4.2,50503,8766,85.2,14.8
202021,Academic year,National,E92000001,England,Final,All Pupils,All Pupils,110 - 113,34311,19358,63.9,36.1,32508,21161,60.6,39.4,28894,24775,53.8,46.2,52687,982,98.2,1.8,50112,3557,93.4,6.6
202021,Academic year,National,E92000001,England,Final,All Pupils,All Pupils,113.5 - 116.5,17477,6496,72.9,27.1,17147,6826,71.5,28.5,16417,7556,68.5,31.5,23813,160,99.3,0.7,23455,518,97.8,2.2
202021,Academic year,National,E92000001,England,Final,All Pupils,All Pupils,117 - 120,4517,1158,79.6,20.4,4475,1200,78.9,21.1,4405,1270,77.6,22.4,5659,16,99.7,0.3,5628,47,99.2,0.8
202021,Academic year,National,E92000001,England,Final,Disadvantage,Disadvantaged Pupils,Less than 80,146,6265,2.3,97.7,38,6373,0.6,99.4,22,6389,0.3,99.7,175,6236,2.7,97.3,72,6339,1.1,98.9
202021,Academic year,National,E92000001,England,Final,Disadvantage,Disadvantaged Pupils,80 - 89.5,730,11108,6.2,93.8,57,11781,0.5,99.5,10,11828,0.1,99.9,678,11160,5.7,94.3,118,11720,1,99
202021,Academic year,National,E92000001,England,Final,Disadvantage,Disadvantaged Pupils,90 - 95.5,2986,19975,13,87,616,22345,2.7,97.3,182,22779,0.8,99.2,5447,17514,23.7,76.3,1352,21609,5.9,94.1
202021,Academic year,National,E92000001,England,Final,Disadvantage,Disadvantaged Pupils,96 - 99.5,5509,20459,21.2,78.8,2133,23835,8.2,91.8,765,25203,2.9,97.1,12249,13719,47.2,52.8,4480,21488,17.3,82.7
202021,Academic year,National,E92000001,England,Final,Disadvantage,Disadvantaged Pupils,100 - 102,5771,14981,27.8,72.2,2900,17852,14,86,1256,19496,6.1,93.9,13017,7735,62.7,37.3,6272,14480,30.2,69.8
202021,Academic year,National,E92000001,England,Final,Disadvantage,Disadvantaged Pupils,102.5 - 104.5,6858,12851,34.8,65.2,4219,15490,21.4,78.6,2280,17429,11.6,88.4,14449,5260,73.3,26.7,8689,11020,44.1,55.9
202021,Academic year,National,E92000001,England,Final,Disadvantage,Disadvantaged Pupils,105 - 107,6334,9284,40.6,59.4,4537,11081,29,71,2851,12767,18.3,81.7,12830,2788,82.1,17.9,9184,6434,58.8,41.2
202021,Academic year,National,E92000001,England,Final,Disadvantage,Disadvantaged Pupils,107.5 - 109.5,4906,5603,46.7,53.3,3993,6516,38,62,2927,7582,27.9,72.1,9321,1188,88.7,11.3,7562,2947,72,28
202021,Academic year,National,E92000001,England,Final,Disadvantage,Disadvantaged Pupils,110 - 113,3999,3266,55,45,3538,3727,48.7,51.3,2880,4385,39.6,60.4,6817,448,93.8,6.2,6080,1185,83.7,16.3
202021,Academic year,National,E92000001,England,Final,Disadvantage,Disadvantaged Pupils,113.5 - 116.5,1458,899,61.9,38.1,1367,990,58,42,1242,1115,52.7,47.3,2301,56,97.6,2.4,2187,170,92.8,7.2
202021,Academic year,National,E92000001,England,Final,Disadvantage,Disadvantaged Pupils,117 - 120,286,116,71.1,28.9,274,128,68.2,31.8,263,139,65.4,34.6,397,5,98.8,1.2,385,17,95.8,4.2
202021,Academic year,National,E92000001,England,Final,Disadvantage,Non Disadvantaged Pupils,Less than 80,291,5562,5,95,104,5749,1.8,98.2,54,5799,0.9,99.1,372,5481,6.4,93.6,174,5679,3,97
202021,Academic year,National,E92000001,England,Final,Disadvantage,Non Disadvantaged Pupils,80 - 89.5,1102,10786,9.3,90.7,141,11747,1.2,98.8,48,11840,0.4,99.6,1402,10486,11.8,88.2,289,11599,2.4,97.6
202021,Academic year,National,E92000001,England,Final,Disadvantage,Non Disadvantaged Pupils,90 - 95.5,6098,29752,17,83,1714,34136,4.8,95.2,510,35340,1.4,98.6,13642,22208,38.1,61.9,3935,31915,11,89
202021,Academic year,National,E92000001,England,Final,Disadvantage,Non Disadvantaged Pupils,96 - 99.5,13951,39781,26,74,6922,46810,12.9,87.1,2613,51119,4.9,95.1,34840,18892,64.8,35.2,15077,38655,28.1,71.9
202021,Academic year,National,E92000001,England,Final,Disadvantage,Non Disadvantaged Pupils,100 - 102,17528,33835,34.1,65.9,11241,40122,21.9,78.1,5361,46002,10.4,89.6,41235,10128,80.3,19.7,23738,27625,46.2,53.8
202021,Academic year,National,E92000001,England,Final,Disadvantage,Non Disadvantaged Pupils,102.5 - 104.5,25178,34065,42.5,57.5,18962,40281,32,68,11289,47954,19.1,80.9,52702,6541,89,11,37659,21584,63.6,36.4
202021,Academic year,National,E92000001,England,Final,Disadvantage,Non Disadvantaged Pupils,105 - 107,28757,28878,49.9,50.1,24207,33428,42,58,17201,40434,29.8,70.2,54296,3339,94.2,5.8,44638,12997,77.4,22.6
202021,Academic year,National,E92000001,England,Final,Disadvantage,Non Disadvantaged Pupils,107.5 - 109.5,28059,20701,57.5,42.5,25523,23237,52.3,47.7,20641,28119,42.3,57.7,47442,1318,97.3,2.7,42941,5819,88.1,11.9
202021,Academic year,National,E92000001,England,Final,Disadvantage,Non Disadvantaged Pupils,110 - 113,30312,16092,65.3,34.7,28970,17434,62.4,37.6,26014,20390,56.1,43.9,45870,534,98.8,1.2,44032,2372,94.9,5.1
202021,Academic year,National,E92000001,England,Final,Disadvantage,Non Disadvantaged Pupils,113.5 - 116.5,16019,5597,74.1,25.9,15780,5836,73,27,15175,6441,70.2,29.8,21512,104,99.5,0.5,21268,348,98.4,1.6
202021,Academic year,National,E92000001,England,Final,Disadvantage,Non Disadvantaged Pupils,117 - 120,4231,1042,80.2,19.8,4201,1072,79.7,20.3,4142,1131,78.6,21.4,5262,11,99.8,0.2,5243,30,99.4,0.6
202021,Academic year,National,E92000001,England,Final,EAL,EAL Pupils,Less than 80,362,2539,12.5,87.5,133,2768,4.6,95.4,68,2833,2.3,97.7,416,2485,14.3,85.7,208,2693,7.2,92.8
202021,Academic year,National,E92000001,England,Final,EAL,EAL Pupils,80 - 89.5,842,3303,20.3,79.7,147,3998,3.5,96.5,52,4093,1.3,98.7,736,3409,17.8,82.2,236,3909,5.7,94.3
202021,Academic year,National,E92000001,England,Final,EAL,EAL Pupils,90 - 95.5,3342,6802,32.9,67.1,1122,9022,11.1,88.9,412,9732,4.1,95.9,4795,5349,47.3,52.7,1846,8298,18.2,81.8
202021,Academic year,National,E92000001,England,Final,EAL,EAL Pupils,96 - 99.5,5515,6954,44.2,55.8,3032,9437,24.3,75.7,1427,11042,11.4,88.6,8858,3611,71,29,4788,7681,38.4,61.6
202021,Academic year,National,E92000001,England,Final,EAL,EAL Pupils,100 - 102,5400,5064,51.6,48.4,3617,6847,34.6,65.4,2019,8445,19.3,80.7,8750,1714,83.6,16.4,5807,4657,55.5,44.5
202021,Academic year,National,E92000001,England,Final,EAL,EAL Pupils,102.5 - 104.5,6558,4674,58.4,41.6,5052,6180,45,55,3384,7848,30.1,69.9,10131,1101,90.2,9.8,7885,3347,70.2,29.8
202021,Academic year,National,E92000001,England,Final,EAL,EAL Pupils,105 - 107,5994,3595,62.5,37.5,5093,4496,53.1,46.9,3896,5693,40.6,59.4,9066,523,94.5,5.5,7825,1764,81.6,18.4
202021,Academic year,National,E92000001,England,Final,EAL,EAL Pupils,107.5 - 109.5,5204,2401,68.4,31.6,4704,2901,61.9,38.1,4015,3590,52.8,47.2,7371,234,96.9,3.1,6813,792,89.6,10.4
202021,Academic year,National,E92000001,England,Final,EAL,EAL Pupils,110 - 113,5007,1819,73.4,26.6,4780,2046,70,30,4368,2458,64,36,6733,93,98.6,1.4,6496,330,95.2,4.8
202021,Academic year,National,E92000001,England,Final,EAL,EAL Pupils,113.5 - 116.5,2378,576,80.5,19.5,2347,607,79.5,20.5,2264,690,76.6,23.4,2940,14,99.5,0.5,2911,43,98.5,1.5
202021,Academic year,National,E92000001,England,Final,EAL,EAL Pupils,117 - 120,637,105,85.8,14.2,632,110,85.2,14.8,622,120,83.8,16.2,742,0,100,0,738,4,99.5,0.5
202021,Academic year,National,E92000001,England,Final,EAL,Non EAL Pupils,Less than 80,75,9288,0.8,99.2,9,9354,0.1,99.9,8,9355,0.1,99.9,131,9232,1.4,98.6,38,9325,0.4,99.6
202021,Academic year,National,E92000001,England,Final,EAL,Non EAL Pupils,80 - 89.5,990,18591,5.1,94.9,51,19530,0.3,99.7,6,19575,0,100,1344,18237,6.9,93.1,171,19410,0.9,99.1
202021,Academic year,National,E92000001,England,Final,EAL,Non EAL Pupils,90 - 95.5,5742,42925,11.8,88.2,1208,47459,2.5,97.5,280,48387,0.6,99.4,14294,34373,29.4,70.6,3441,45226,7.1,92.9
202021,Academic year,National,E92000001,England,Final,EAL,Non EAL Pupils,96 - 99.5,13945,53286,20.7,79.3,6023,61208,9,91,1951,65280,2.9,97.1,38231,29000,56.9,43.1,14769,52462,22,78
202021,Academic year,National,E92000001,England,Final,EAL,Non EAL Pupils,100 - 102,17899,43752,29,71,10524,51127,17.1,82.9,4598,57053,7.5,92.5,45502,16149,73.8,26.2,24203,37448,39.3,60.7
202021,Academic year,National,E92000001,England,Final,EAL,Non EAL Pupils,102.5 - 104.5,25478,42242,37.6,62.4,18129,49591,26.8,73.2,10185,57535,15,85,57020,10700,84.2,15.8,38463,29257,56.8,43.2
202021,Academic year,National,E92000001,England,Final,EAL,Non EAL Pupils,105 - 107,29097,34567,45.7,54.3,23651,40013,37.1,62.9,16156,47508,25.4,74.6,58060,5604,91.2,8.8,45997,17667,72.2,27.8
202021,Academic year,National,E92000001,England,Final,EAL,Non EAL Pupils,107.5 - 109.5,27761,23903,53.7,46.3,24812,26852,48,52,19553,32111,37.8,62.2,49392,2272,95.6,4.4,43690,7974,84.6,15.4
202021,Academic year,National,E92000001,England,Final,EAL,Non EAL Pupils,110 - 113,29304,17539,62.6,37.4,27728,19115,59.2,40.8,24526,22317,52.4,47.6,45954,889,98.1,1.9,43616,3227,93.1,6.9
202021,Academic year,National,E92000001,England,Final,EAL,Non EAL Pupils,113.5 - 116.5,15099,5920,71.8,28.2,14800,6219,70.4,29.6,14153,6866,67.3,32.7,20873,146,99.3,0.7,20544,475,97.7,2.3
202021,Academic year,National,E92000001,England,Final,EAL,Non EAL Pupils,117 - 120,3880,1053,78.7,21.3,3843,1090,77.9,22.1,3783,1150,76.7,23.3,4917,16,99.7,0.3,4890,43,99.1,0.9
202021,Academic year,National,E92000001,England,Final,Gender,Female Pupils,Less than 80,245,4058,5.7,94.3,91,4212,2.1,97.9,46,4257,1.1,98.9,255,4048,5.9,94.1,113,4190,2.6,97.4
202021,Academic year,National,E92000001,England,Final,Gender,Female Pupils,80 - 89.5,1053,9319,10.2,89.8,130,10242,1.3,98.7,36,10336,0.3,99.7,990,9382,9.5,90.5,218,10154,2.1,97.9
202021,Academic year,National,E92000001,England,Final,Gender,Female Pupils,90 - 95.5,5143,22029,18.9,81.1,1442,25730,5.3,94.7,432,26740,1.6,98.4,9339,17833,34.4,65.6,2755,24417,10.1,89.9
202021,Academic year,National,E92000001,England,Final,Gender,Female Pupils,96 - 99.5,11358,27558,29.2,70.8,5807,33109,14.9,85.1,2238,36678,5.8,94.2,24044,14872,61.8,38.2,10550,28366,27.1,72.9
202021,Academic year,National,E92000001,England,Final,Gender,Female Pupils,100 - 102,13478,22304,37.7,62.3,8841,26941,24.7,75.3,4435,31347,12.4,87.6,27828,7954,77.8,22.2,16278,19504,45.5,54.5
202021,Academic year,National,E92000001,England,Final,Gender,Female Pupils,102.5 - 104.5,18346,21105,46.5,53.5,14170,25281,35.9,64.1,8822,30629,22.4,77.6,34333,5118,87,13,24580,14871,62.3,37.7
202021,Academic year,National,E92000001,England,Final,Gender,Female Pupils,105 - 107,19777,17282,53.4,46.6,17105,19954,46.2,53.8,12602,24457,34,66,34461,2598,93,7,28392,8667,76.6,23.4
202021,Academic year,National,E92000001,England,Final,Gender,Female Pupils,107.5 - 109.5,18136,12047,60.1,39.9,16847,13336,55.8,44.2,14058,16125,46.6,53.4,29179,1004,96.7,3.3,26311,3872,87.2,12.8
202021,Academic year,National,E92000001,England,Final,Gender,Female Pupils,110 - 113,18460,8747,67.9,32.1,17828,9379,65.5,34.5,16393,10814,60.3,39.7,26830,377,98.6,1.4,25745,1462,94.6,5.4
202021,Academic year,National,E92000001,England,Final,Gender,Female Pupils,113.5 - 116.5,9546,3030,75.9,24.1,9445,3131,75.1,24.9,9169,3407,72.9,27.1,12510,66,99.5,0.5,12373,203,98.4,1.6
202021,Academic year,National,E92000001,England,Final,Gender,Female Pupils,117 - 120,2399,520,82.2,17.8,2386,533,81.7,18.3,2360,559,80.8,19.2,2912,7,99.8,0.2,2901,18,99.4,0.6
202021,Academic year,National,E92000001,England,Final,Gender,Male Pupils,Less than 80,192,7769,2.4,97.6,51,7910,0.6,99.4,30,7931,0.4,99.6,292,7669,3.7,96.3,133,7828,1.7,98.3
202021,Academic year,National,E92000001,England,Final,Gender,Male Pupils,80 - 89.5,779,12575,5.8,94.2,68,13286,0.5,99.5,22,13332,0.2,99.8,1090,12264,8.2,91.8,189,13165,1.4,98.6
202021,Academic year,National,E92000001,England,Final,Gender,Male Pupils,90 - 95.5,3941,27698,12.5,87.5,888,30751,2.8,97.2,260,31379,0.8,99.2,9750,21889,30.8,69.2,2532,29107,8,92
202021,Academic year,National,E92000001,England,Final,Gender,Male Pupils,96 - 99.5,8102,32682,19.9,80.1,3248,37536,8,92,1140,39644,2.8,97.2,23045,17739,56.5,43.5,9007,31777,22.1,77.9
202021,Academic year,National,E92000001,England,Final,Gender,Male Pupils,100 - 102,9821,26512,27,73,5300,31033,14.6,85.4,2182,34151,6,94,26424,9909,72.7,27.3,13732,22601,37.8,62.2
202021,Academic year,National,E92000001,England,Final,Gender,Male Pupils,102.5 - 104.5,13690,25811,34.7,65.3,9011,30490,22.8,77.2,4747,34754,12,88,32818,6683,83.1,16.9,21768,17733,55.1,44.9
202021,Academic year,National,E92000001,England,Final,Gender,Male Pupils,105 - 107,15314,20880,42.3,57.7,11639,24555,32.2,67.8,7450,28744,20.6,79.4,32665,3529,90.2,9.8,25430,10764,70.3,29.7
202021,Academic year,National,E92000001,England,Final,Gender,Male Pupils,107.5 - 109.5,14829,14257,51,49,12669,16417,43.6,56.4,9510,19576,32.7,67.3,27584,1502,94.8,5.2,24192,4894,83.2,16.8
202021,Academic year,National,E92000001,England,Final,Gender,Male Pupils,110 - 113,15851,10611,59.9,40.1,14680,11782,55.5,44.5,12501,13961,47.2,52.8,25857,605,97.7,2.3,24367,2095,92.1,7.9
202021,Academic year,National,E92000001,England,Final,Gender,Male Pupils,113.5 - 116.5,7931,3466,69.6,30.4,7702,3695,67.6,32.4,7248,4149,63.6,36.4,11303,94,99.2,0.8,11082,315,97.2,2.8
202021,Academic year,National,E92000001,England,Final,Gender,Male Pupils,117 - 120,2118,638,76.9,23.1,2089,667,75.8,24.2,2045,711,74.2,25.8,2747,9,99.7,0.3,2727,29,98.9,1.1
202021,Academic year,National,E92000001,England,Final,SEN,Non SEN Pupils,Less than 80,318,1059,23.1,76.9,130,1247,9.4,90.6,70,1307,5.1,94.9,397,980,28.8,71.2,203,1174,14.7,85.3
202021,Academic year,National,E92000001,England,Final,SEN,Non SEN Pupils,80 - 89.5,1233,8634,12.5,87.5,171,9696,1.7,98.3,55,9812,0.6,99.4,1206,8661,12.2,87.8,297,9570,3,97
202021,Academic year,National,E92000001,England,Final,SEN,Non SEN Pupils,90 - 95.5,7565,33879,18.3,81.7,2072,39372,5,95,640,40804,1.5,98.5,15142,26302,36.5,63.5,4409,37035,10.6,89.4
202021,Academic year,National,E92000001,England,Final,SEN,Non SEN Pupils,96 - 99.5,17845,49085,26.7,73.3,8488,58442,12.7,87.3,3196,63734,4.8,95.2,41710,25220,62.3,37.7,17715,49215,26.5,73.5
202021,Academic year,National,E92000001,England,Final,SEN,Non SEN Pupils,100 - 102,21911,42210,34.2,65.8,13484,50637,21,79,6344,57777,9.9,90.1,49911,14210,77.8,22.2,28041,36080,43.7,56.3
202021,Academic year,National,E92000001,England,Final,SEN,Non SEN Pupils,102.5 - 104.5,30471,41718,42.2,57.8,22265,49924,30.8,69.2,13109,59080,18.2,81.8,62710,9479,86.9,13.1,43828,28361,60.7,39.3
202021,Academic year,National,E92000001,England,Final,SEN,Non SEN Pupils,105 - 107,33628,34431,49.4,50.6,27758,40301,40.8,59.2,19437,48622,28.6,71.4,63275,4784,93,7,51232,16827,75.3,24.7
202021,Academic year,National,E92000001,England,Final,SEN,Non SEN Pupils,107.5 - 109.5,31709,24082,56.8,43.2,28543,27248,51.2,48.8,22858,32933,41,59,53896,1895,96.6,3.4,48276,7515,86.5,13.5
202021,Academic year,National,E92000001,England,Final,SEN,Non SEN Pupils,110 - 113,33130,17825,65,35,31479,19476,61.8,38.2,28056,22899,55.1,44.9,50254,701,98.6,1.4,47995,2960,94.2,5.8
202021,Academic year,National,E92000001,England,Final,SEN,Non SEN Pupils,113.5 - 116.5,16968,6056,73.7,26.3,16661,6363,72.4,27.6,15974,7050,69.4,30.6,22907,117,99.5,0.5,22604,420,98.2,1.8
202021,Academic year,National,E92000001,England,Final,SEN,Non SEN Pupils,117 - 120,4380,1091,80.1,19.9,4339,1132,79.3,20.7,4272,1199,78.1,21.9,5461,10,99.8,0.2,5436,35,99.4,0.6
202021,Academic year,National,E92000001,England,Final,SEN,SEN Pupils,Less than 80,119,10768,1.1,98.9,12,10875,0.1,99.9,6,10881,0.1,99.9,150,10737,1.4,98.6,43,10844,0.4,99.6
202021,Academic year,National,E92000001,England,Final,SEN,SEN Pupils,80 - 89.5,599,13260,4.3,95.7,27,13832,0.2,99.8,3,13856,0,100,874,12985,6.3,93.7,110,13749,0.8,99.2
202021,Academic year,National,E92000001,England,Final,SEN,SEN Pupils,90 - 95.5,1519,15848,8.7,91.3,258,17109,1.5,98.5,52,17315,0.3,99.7,3947,13420,22.7,77.3,878,16489,5.1,94.9
202021,Academic year,National,E92000001,England,Final,SEN,SEN Pupils,96 - 99.5,1615,11155,12.6,87.4,567,12203,4.4,95.6,182,12588,1.4,98.6,5379,7391,42.1,57.9,1842,10928,14.4,85.6
202021,Academic year,National,E92000001,England,Final,SEN,SEN Pupils,100 - 102,1388,6606,17.4,82.6,657,7337,8.2,91.8,273,7721,3.4,96.6,4341,3653,54.3,45.7,1969,6025,24.6,75.4
202021,Academic year,National,E92000001,England,Final,SEN,SEN Pupils,102.5 - 104.5,1565,5198,23.1,76.9,916,5847,13.5,86.5,460,6303,6.8,93.2,4441,2322,65.7,34.3,2520,4243,37.3,62.7
202021,Academic year,National,E92000001,England,Final,SEN,SEN Pupils,105 - 107,1463,3731,28.2,71.8,986,4208,19,81,615,4579,11.8,88.2,3851,1343,74.1,25.9,2590,2604,49.9,50.1
202021,Academic year,National,E92000001,England,Final,SEN,SEN Pupils,107.5 - 109.5,1256,2222,36.1,63.9,973,2505,28,72,710,2768,20.4,79.6,2867,611,82.4,17.6,2227,1251,64,36
202021,Academic year,National,E92000001,England,Final,SEN,SEN Pupils,110 - 113,1181,1533,43.5,56.5,1029,1685,37.9,62.1,838,1876,30.9,69.1,2433,281,89.6,10.4,2117,597,78,22
202021,Academic year,National,E92000001,England,Final,SEN,SEN Pupils,113.5 - 116.5,509,440,53.6,46.4,486,463,51.2,48.8,443,506,46.7,53.3,906,43,95.5,4.5,851,98,89.7,10.3
202021,Academic year,National,E92000001,England,Final,SEN,SEN Pupils,117 - 120,137,67,67.2,32.8,136,68,66.7,33.3,133,71,65.2,34.8,198,6,97.1,2.9,192,12,94.1,5.9
