time_period,time_identifier,version,geographic_level,country_code,country_name,school_characteristic,subject,qualification_type,subject_entry,Total_achieving_level1_pass,Total_achieving_level2_pass,Percentage_achieving_level1_pass,Percentage_achieving_level2_pass
201920,Academic year,Revised,National,E92000001,England,Alternative Provision,Animal Care,Vocational,9,9,7,100,78
201920,Academic year,Revised,National,E92000001,England,Alternative Provision,Any subject,Vocational,669,613,365,92,55
201920,Academic year,Revised,National,E92000001,England,Alternative Provision,Art & Design,Vocational,29,28,26,97,90
201920,Academic year,Revised,National,E92000001,England,Alternative Provision,Business,Vocational,36,31,14,86,39
201920,Academic year,Revised,National,E92000001,England,Alternative Provision,Childcare,Vocational,67,61,48,91,72
201920,Academic year,Revised,National,E92000001,England,Alternative Provision,Construction,Vocational,19,18,11,95,58
201920,Academic year,Revised,National,E92000001,England,Alternative Provision,Engineering,Vocational,16,14,2,88,13
201920,Academic year,Revised,National,E92000001,England,Alternative Provision,Hair/Personal Care,Vocational,1,1,1,100,100
201920,Academic year,Revised,National,E92000001,England,Alternative Provision,Health,Vocational,63,51,28,81,44
201920,Academic year,Revised,National,E92000001,England,Alternative Provision,Hospitality and Catering,Vocational,86,81,42,94,49
201920,Academic year,Revised,National,E92000001,England,Alternative Provision,Information and Communication Technology,Vocational,47,39,19,83,40
201920,Academic year,Revised,National,E92000001,England,Alternative Provision,Multimedia,Vocational,72,67,46,93,64
201920,Academic year,Revised,National,E92000001,England,Alternative Provision,Music,Vocational,44,40,22,91,50
201920,Academic year,Revised,National,E92000001,England,Alternative Provision,Speech & Drama,Vocational,4,2,1,50,25
201920,Academic year,Revised,National,E92000001,England,Alternative Provision,Sports,Vocational,275,258,146,94,53
201920,Academic year,Revised,National,E92000001,England,Alternative Provision,Tourism,Vocational,25,25,16,100,64
