﻿time_period,time_identifier,geographic_level,country_code,country_name,region_code,region_name,lad_name,lad_code,version,t_schools,t_pupils,t_att8,avg_att8,t_entbasics,pt_entbasics,t_l2basics_95,pt_l2basics_95,t_l2basics_94,pt_l2basics_94,t_ebacc_e_ptq_ee,pt_ebacc_e_ptq_ee,t_ebaccaps,avg_ebaccaps,t_ebacc_95,pt_ebacc_95,t_ebacc_94,pt_ebacc_94
201920,Academic year,National,E92000001,England,,,,,Revised,3987,561094,28156249.31,50.2,545361,97.2,280071,49.9,399810,71.3,223236,39.8,2460507.92,4.39,119332,21.3,167508,29.9
201920,Academic year,Regional,E92000001,England,E12000004,East Midlands,,,Revised,500,48936,2399964.26,49,47649,97.4,23514,48.1,34177,69.8,17741,36.3,208948.66,4.27,9477,19.4,13489,27.6
201920,Academic year,Regional,E92000001,England,E12000006,East of England,,,Revised,671,63347,3184859.55,50.3,61711,97.4,31668,50,45447,71.7,25067,39.6,278932.11,4.4,13567,21.4,18954,29.9
201920,Academic year,Regional,E92000001,England,E12000007,Inner London,,,Revised,512,27295,1435066.59,52.6,26423,96.8,14649,53.7,20148,73.8,15535,56.9,129605.5,4.75,7681,28.1,10979,40.2
201920,Academic year,Regional,E92000001,England,E12000001,North East,,,Revised,209,26421,1279326.75,48.4,25383,96.1,12504,47.3,18123,68.6,8595,32.5,109103.42,4.13,4663,17.6,6660,25.2
201920,Academic year,Regional,E92000001,England,E12000002,North West,,,Revised,606,77036,3770553.27,48.9,74820,97.1,36515,47.4,53411,69.3,27413,35.6,325105.97,4.22,14379,18.7,20574,26.7
201920,Academic year,Regional,E92000001,England,E12000007,Outer London,,,Revised,744,56412,3033333.32,53.8,54879,97.3,32075,56.9,42839,75.9,30664,54.4,274246.83,4.86,17183,30.5,23252,41.2
201920,Academic year,Regional,E92000001,England,E12000008,South East,,,Revised,881,88371,4529438.45,51.3,86004,97.3,46091,52.2,64705,73.2,35990,40.7,398083.71,4.5,20348,23,27783,31.4
201920,Academic year,Regional,E92000001,England,E12000009,South West,,,Revised,440,52152,2626190.2,50.4,50757,97.3,25953,49.8,37654,72.2,17357,33.3,226810.59,4.35,9569,18.3,13305,25.5
201920,Academic year,Regional,E92000001,England,E12000005,West Midlands,,,Revised,538,63662,3117554.53,49,61867,97.2,29731,46.7,43685,68.6,23944,37.6,269355.94,4.23,11762,18.5,17204,27
201920,Academic year,Regional,E92000001,England,E12000003,Yorkshire and The Humber,,,Revised,448,57462,2779962.39,48.4,55868,97.2,27371,47.6,39621,69,20930,36.4,240315.19,4.18,10703,18.6,15308,26.6
201920,Academic year,Local authority district,E92000001,England,E12000001,North East,Hartlepool,E06000001,Revised,22,1052,49247,46.8,1020,97,474,45.1,694,66,319,30.3,4145.99,3.94,140,13.3,205,19.5
201920,Academic year,Local authority district,E92000001,England,E12000001,North East,Middlesbrough,E06000002,Revised,33,1688,78021.75,46.2,1622,96.1,740,43.8,1125,66.6,378,22.4,6393.19,3.79,239,14.2,321,19
201920,Academic year,Local authority district,E92000001,England,E12000001,North East,Redcar and Cleveland,E06000003,Revised,29,1454,69344.75,47.7,1409,96.9,719,49.4,1006,69.2,408,28.1,5926.2,4.08,281,19.3,354,24.3
201920,Academic year,Local authority district,E92000001,England,E12000001,North East,Stockton-on-Tees,E06000004,Revised,42,2061,99937.25,48.5,1973,95.7,1065,51.7,1469,71.3,679,32.9,8597.07,4.17,337,16.4,487,23.6
201920,Academic year,Local authority district,E92000001,England,E12000001,North East,Darlington,E06000005,Revised,30,1161,57603.25,49.6,1127,97.1,574,49.4,824,71,351,30.2,4903.08,4.22,183,15.8,269,23.2
201920,Academic year,Local authority district,E92000001,England,E12000002,North West,Halton,E06000006,Revised,41,1449,69209,47.8,1415,97.7,602,41.5,928,64,504,34.8,5865.79,4.05,270,18.6,398,27.5
201920,Academic year,Local authority district,E92000001,England,E12000002,North West,Warrington,E06000007,Revised,51,2330,121635.14,52.2,2284,98,1293,55.5,1778,76.3,832,35.7,10533.48,4.52,486,20.9,667,28.6
201920,Academic year,Local authority district,E92000001,England,E12000002,North West,Blackburn with Darwen,E06000008,Revised,38,1986,97873.43,49.3,1925,96.9,973,49,1411,71,838,42.2,8585.52,4.32,432,21.8,610,30.7
201920,Academic year,Local authority district,E92000001,England,E12000002,North West,Blackpool,E06000009,Revised,28,1501,64378.75,42.9,1442,96.1,536,35.7,882,58.8,266,17.7,5342.34,3.56,126,8.4,180,12
201920,Academic year,Local authority district,E92000001,England,E12000003,Yorkshire and The Humber,"Kingston upon Hull, City of",E06000010,Revised,31,2764,126251.75,45.7,2664,96.4,1081,39.1,1769,64,1176,42.5,10926.84,3.95,467,16.9,746,27
201920,Academic year,Local authority district,E92000001,England,E12000003,Yorkshire and The Humber,East Riding of Yorkshire,E06000011,Revised,68,3174,160845,50.7,3091,97.4,1660,52.3,2363,74.4,1063,33.5,13968.54,4.4,602,19,835,26.3
201920,Academic year,Local authority district,E92000001,England,E12000003,Yorkshire and The Humber,North East Lincolnshire,E06000012,Revised,28,1709,77310.5,45.2,1650,96.5,706,41.3,1119,65.5,555,32.5,6716.31,3.93,292,17.1,422,24.7
201920,Academic year,Local authority district,E92000001,England,E12000003,Yorkshire and The Humber,North Lincolnshire,E06000013,Revised,39,1858,89961.75,48.4,1827,98.3,943,50.8,1342,72.2,625,33.6,7733.83,4.16,377,20.3,517,27.8
201920,Academic year,Local authority district,E92000001,England,E12000003,Yorkshire and The Humber,York,E06000014,Revised,21,1669,89453.5,53.6,1645,98.6,922,55.2,1281,76.8,734,44,7911.05,4.74,395,23.7,555,33.3
201920,Academic year,Local authority district,E92000001,England,E12000004,East Midlands,Derby,E06000015,Revised,46,2867,132606.5,46.3,2771,96.7,1233,43,1825,63.7,1061,37,11609.84,4.05,499,17.4,752,26.2
201920,Academic year,Local authority district,E92000001,England,E12000004,East Midlands,Leicester,E06000016,Revised,54,4376,202687.38,46.3,4204,96.1,1866,42.6,2726,62.3,1542,35.2,17602.2,4.02,749,17.1,1059,24.2
201920,Academic year,Local authority district,E92000001,England,E12000004,East Midlands,Rutland,E06000017,Revised,14,307,17134.25,55.8,300,97.7,203,66.1,254,82.7,144,46.9,1541.17,5.02,91,29.6,125,40.7
201920,Academic year,Local authority district,E92000001,England,E12000004,East Midlands,Nottingham,E06000018,Revised,58,3116,141307,45.3,3014,96.7,1217,39.1,1927,61.8,902,28.9,12049.87,3.87,403,12.9,617,19.8
201920,Academic year,Local authority district,E92000001,England,E12000005,West Midlands,"Herefordshire, County of",E06000019,Revised,35,1740,87141.75,50.1,1705,98,868,49.9,1272,73.1,726,41.7,7709.23,4.43,378,21.7,569,32.7
201920,Academic year,Local authority district,E92000001,England,E12000005,West Midlands,Telford and Wrekin,E06000020,Revised,34,1966,94853.5,48.2,1921,97.7,829,42.2,1312,66.7,631,32.1,8163.75,4.15,311,15.8,465,23.7
201920,Academic year,Local authority district,E92000001,England,E12000005,West Midlands,Stoke-on-Trent,E06000021,Revised,48,2866,132122.75,46.1,2783,97.1,1162,40.5,1820,63.5,808,28.2,10936.73,3.82,370,12.9,562,19.6
201920,Academic year,Local authority district,E92000001,England,E12000009,South West,Bath and North East Somerset,E06000022,Revised,42,1573,84066.13,53.4,1526,97,877,55.8,1204,76.5,746,47.4,7458.44,4.74,455,28.9,634,40.3
201920,Academic year,Local authority district,E92000001,England,E12000009,South West,"Bristol, City of",E06000023,Revised,65,3812,183631.75,48.2,3676,96.4,1697,44.5,2535,66.5,1246,32.7,15817.22,4.15,517,13.6,772,20.3
201920,Academic year,Local authority district,E92000001,England,E12000009,South West,North Somerset,E06000024,Revised,32,2152,108621,50.5,2103,97.7,1094,50.8,1596,74.2,928,43.1,9529.93,4.43,453,21.1,683,31.7
201920,Academic year,Local authority district,E92000001,England,E12000009,South West,South Gloucestershire,E06000025,Revised,64,2778,142579,51.3,2722,98,1465,52.7,2100,75.6,1021,36.8,12334.52,4.44,564,20.3,801,28.8
201920,Academic year,Local authority district,E92000001,England,E12000009,South West,Plymouth,E06000026,Revised,36,2531,119791.75,47.3,2444,96.6,1122,44.3,1716,67.8,818,32.3,10207.25,4.03,413,16.3,621,24.5
201920,Academic year,Local authority district,E92000001,England,E12000009,South West,Torbay,E06000027,Revised,21,1372,66448,48.4,1312,95.6,678,49.4,925,67.4,294,21.4,5550.64,4.05,201,14.7,251,18.3
201920,Academic year,Local authority district,E92000001,England,E12000009,South West,Swindon,E06000030,Revised,39,2421,119934.3,49.5,2346,96.9,1207,49.9,1723,71.2,661,27.3,10286.12,4.25,406,16.8,544,22.5
201920,Academic year,Local authority district,E92000001,England,E12000006,East of England,Peterborough,E06000031,Revised,34,2378,110776,46.6,2296,96.6,965,40.6,1513,63.6,737,31,9516.92,4,383,16.1,538,22.6
201920,Academic year,Local authority district,E92000001,England,E12000006,East of England,Luton,E06000032,Revised,58,2870,135301.9,47.1,2789,97.2,1273,44.4,1893,66,893,31.1,11791.16,4.11,402,14,585,20.4
201920,Academic year,Local authority district,E92000001,England,E12000006,East of England,Southend-on-Sea,E06000033,Revised,38,1881,95643,50.8,1792,95.3,977,51.9,1360,72.3,771,41,8326.42,4.43,427,22.7,586,31.2
201920,Academic year,Local authority district,E92000001,England,E12000006,East of England,Thurrock,E06000034,Revised,90,2152,106876,49.7,2106,97.9,1116,51.9,1552,72.1,921,42.8,9308.18,4.33,443,20.6,689,32
201920,Academic year,Local authority district,E92000001,England,E12000008,South East,Medway,E06000035,Revised,76,3094,152075,49.2,3021,97.6,1471,47.5,2150,69.5,1153,37.3,13233.12,4.28,646,20.9,918,29.7
201920,Academic year,Local authority district,E92000001,England,E12000008,South East,Bracknell Forest,E06000036,Revised,50,1225,61297.5,50,1201,98,573,46.8,866,70.7,331,27,5203.05,4.25,189,15.4,255,20.8
201920,Academic year,Local authority district,E92000001,England,E12000008,South East,West Berkshire,E06000037,Revised,33,1590,83668.75,52.6,1559,98.1,857,53.9,1201,75.5,839,52.8,7423.48,4.67,413,26,619,38.9
201920,Academic year,Local authority district,E92000001,England,E12000008,South East,Reading,E06000038,Revised,41,1533,76216,49.7,1500,97.8,724,47.2,1070,69.8,537,35,6685.02,4.36,319,20.8,434,28.3
201920,Academic year,Local authority district,E92000001,England,E12000008,South East,Slough,E06000039,Revised,67,1888,98989.25,52.4,1845,97.7,1019,54,1392,73.7,784,41.5,8633.57,4.57,387,20.5,562,29.8
201920,Academic year,Local authority district,E92000001,England,E12000008,South East,Windsor and Maidenhead,E06000040,Revised,53,1460,80392.38,55.1,1430,97.9,857,58.7,1168,80,729,49.9,7265.57,4.98,447,30.6,591,40.5
201920,Academic year,Local authority district,E92000001,England,E12000008,South East,Wokingham,E06000041,Revised,51,1800,104269.26,57.9,1757,97.6,1176,65.3,1501,83.4,956,53.1,9410.31,5.23,649,36.1,818,45.4
201920,Academic year,Local authority district,E92000001,England,E12000008,South East,Milton Keynes,E06000042,Revised,43,3337,162841.25,48.8,3242,97.2,1526,45.7,2284,68.4,1447,43.4,14153.85,4.24,624,18.7,922,27.6
201920,Academic year,Local authority district,E92000001,England,E12000008,South East,Brighton and Hove,E06000043,Revised,30,2221,115281.75,51.9,2169,97.7,1182,53.2,1676,75.5,1100,49.5,10238.8,4.61,582,26.2,819,36.9
201920,Academic year,Local authority district,E92000001,England,E12000008,South East,Portsmouth,E06000044,Revised,37,1893,86416.75,45.7,1839,97.1,801,42.3,1225,64.7,745,39.4,7503.79,3.96,287,15.2,476,25.1
201920,Academic year,Local authority district,E92000001,England,E12000008,South East,Southampton,E06000045,Revised,38,2243,104461,46.6,2171,96.8,934,41.6,1425,63.5,708,31.6,9000.77,4.01,347,15.5,515,23
201920,Academic year,Local authority district,E92000001,England,E12000008,South East,Isle of Wight,E06000046,Revised,11,1187,55276.25,46.6,1156,97.4,489,41.2,813,68.5,427,36,4651.68,3.92,136,11.5,212,17.9
201920,Academic year,Local authority district,E92000001,England,E12000001,North East,County Durham,E06000047,Revised,98,5151,253019.25,49.1,4968,96.4,2485,48.2,3569,69.3,1673,32.5,21309.82,4.14,926,18,1352,26.2
201920,Academic year,Local authority district,E92000001,England,E12000002,North West,Cheshire East,E06000049,Revised,90,3743,192252.13,51.4,3654,97.6,1996,53.3,2785,74.4,1278,34.1,16519.14,4.41,711,19,985,26.3
201920,Academic year,Local authority district,E92000001,England,E12000002,North West,Cheshire West and Chester,E06000050,Revised,79,3335,171503,51.4,3250,97.5,1739,52.1,2456,73.6,1542,46.2,15286.95,4.58,878,26.3,1238,37.1
201920,Academic year,Local authority district,E92000001,England,E12000005,West Midlands,Shropshire,E06000051,Revised,72,2824,140442,49.7,2763,97.8,1367,48.4,2026,71.7,1118,39.6,12370.78,4.38,594,21,880,31.2
201920,Academic year,Local authority district,E92000001,England,E12000009,South West,Cornwall,E06000052,Revised,56,5250,258459,49.2,5122,97.6,2404,45.8,3698,70.4,1345,25.6,21802.34,4.15,703,13.4,1012,19.3
201920,Academic year,Local authority district,E92000001,England,E12000009,South West,Isles of Scilly,E06000053,Revised,1,18,c,c,c,c,c,c,c,c,c,c,c,c,c,c,c,c
201920,Academic year,Local authority district,E92000001,England,E12000009,South West,Wiltshire,E06000054,Revised,92,4892,247971.64,50.7,4785,97.8,2430,49.7,3553,72.6,1521,31.1,21525.74,4.4,915,18.7,1215,24.8
201920,Academic year,Local authority district,E92000001,England,E12000006,East of England,Bedford,E06000055,Revised,34,1827,88337.13,48.4,1793,98.1,781,42.7,1224,67,636,34.8,7665.73,4.2,292,16,435,23.8
201920,Academic year,Local authority district,E92000001,England,E12000006,East of England,Central Bedfordshire,E06000056,Revised,76,2830,137842,48.7,2768,97.8,1359,48,2008,71,893,31.6,11896.29,4.2,415,14.7,626,22.1
201920,Academic year,Local authority district,E92000001,England,E12000001,North East,Northumberland,E06000057,Revised,53,3082,152828.5,49.6,2988,97,1505,48.8,2191,71.1,782,25.4,12944.23,4.2,430,14,606,19.7
201920,Academic year,Local authority district,E92000001,England,E12000009,South West,"Bournemouth, Christchurch and Poole",E06000058,Revised,42,3392,179374,52.9,3308,97.5,1945,57.3,2604,76.8,1287,37.9,15621.4,4.61,768,22.6,1001,29.5
201920,Academic year,Local authority district,E92000001,England,E12000009,South West,Dorset,E06000059,Revised,53,3401,171803.88,50.5,3297,96.9,1713,50.4,2457,72.2,1434,42.2,15023.57,4.42,689,20.3,997,29.3
201920,Academic year,Local authority district,E92000001,England,E12000008,South East,Aylesbury Vale,E07000004,Revised,69,2071,108405,52.3,2022,97.6,1142,55.1,1542,74.5,791,38.2,9426.13,4.55,472,22.8,614,29.6
201920,Academic year,Local authority district,E92000001,England,E12000008,South East,Chiltern,E07000005,Revised,52,1090,68525.25,62.9,1062,97.4,805,73.9,935,85.8,630,57.8,6274.7,5.76,532,48.8,590,54.1
201920,Academic year,Local authority district,E92000001,England,E12000008,South East,South Bucks,E07000006,Revised,67,620,36338.75,58.6,605,97.6,403,65,511,82.4,302,48.7,3273.23,5.28,218,35.2,267,43.1
201920,Academic year,Local authority district,E92000001,England,E12000008,South East,Wycombe,E07000007,Revised,71,2017,109670.25,54.4,1950,96.7,1170,58,1552,76.9,809,40.1,9708.55,4.81,560,27.8,683,33.9
201920,Academic year,Local authority district,E92000001,England,E12000006,East of England,Cambridge,E07000008,Revised,24,828,45289.75,54.7,800,96.6,480,58,637,76.9,475,57.4,4198.07,5.07,311,37.6,389,47
201920,Academic year,Local authority district,E92000001,England,E12000006,East of England,East Cambridgeshire,E07000009,Revised,28,877,44658.75,50.9,854,97.4,433,49.4,644,73.4,387,44.1,3982.98,4.54,200,22.8,294,33.5
201920,Academic year,Local authority district,E92000001,England,E12000006,East of England,Fenland,E07000010,Revised,41,1006,44633.5,44.4,976,97,363,36.1,627,62.3,175,17.4,3673.09,3.65,77,7.7,117,11.6
201920,Academic year,Local authority district,E92000001,England,E12000006,East of England,Huntingdonshire,E07000011,Revised,46,1693,82493.75,48.7,1639,96.8,789,46.6,1190,70.3,481,28.4,7133.17,4.21,290,17.1,370,21.9
201920,Academic year,Local authority district,E92000001,England,E12000006,East of England,South Cambridgeshire,E07000012,Revised,41,1600,91044.25,56.9,1568,98,1013,63.3,1281,80.1,852,53.3,8303.43,5.19,593,37.1,737,46.1
201920,Academic year,Local authority district,E92000001,England,E12000002,North West,Allerdale,E07000026,Revised,19,949,48918.5,51.5,931,98.1,472,49.7,713,75.1,279,29.4,4207.34,4.43,182,19.2,231,24.3
201920,Academic year,Local authority district,E92000001,England,E12000002,North West,Barrow-in-Furness,E07000027,Revised,8,695,33309.5,47.9,676,97.3,306,44,466,67.1,123,17.7,2804.83,4.04,70,10.1,104,15
201920,Academic year,Local authority district,E92000001,England,E12000002,North West,Carlisle,E07000028,Revised,12,1068,51162.75,47.9,1048,98.1,489,45.8,716,67,365,34.2,4446.02,4.16,184,17.2,275,25.7
201920,Academic year,Local authority district,E92000001,England,E12000002,North West,Copeland,E07000029,Revised,13,688,34117,49.6,675,98.1,322,46.8,475,69,259,37.6,2930.89,4.26,120,17.4,172,25
201920,Academic year,Local authority district,E92000001,England,E12000002,North West,Eden,E07000030,Revised,16,543,27374.75,50.4,532,98,284,52.3,394,72.6,137,25.2,2349.09,4.33,74,13.6,111,20.4
201920,Academic year,Local authority district,E92000001,England,E12000002,North West,South Lakeland,E07000031,Revised,23,943,49302.63,52.3,924,98,494,52.4,718,76.1,261,27.7,4199.95,4.45,166,17.6,222,23.5
201920,Academic year,Local authority district,E92000001,England,E12000004,East Midlands,Amber Valley,E07000032,Revised,42,1189,60061.75,50.5,1164,97.9,612,51.5,858,72.2,519,43.7,5320.07,4.47,307,25.8,411,34.6
201920,Academic year,Local authority district,E92000001,England,E12000004,East Midlands,Bolsover,E07000033,Revised,40,723,34604.25,47.9,703,97.2,336,46.5,502,69.4,278,38.5,3012.93,4.17,120,16.6,182,25.2
201920,Academic year,Local authority district,E92000001,England,E12000004,East Midlands,Chesterfield,E07000034,Revised,24,999,49491.5,49.5,977,97.8,515,51.6,720,72.1,291,29.1,4295.61,4.3,183,18.3,244,24.4
201920,Academic year,Local authority district,E92000001,England,E12000004,East Midlands,Derbyshire Dales,E07000035,Revised,22,711,38584.75,54.3,700,98.5,402,56.5,550,77.4,226,31.8,3334.36,4.69,157,22.1,197,27.7
201920,Academic year,Local authority district,E92000001,England,E12000004,East Midlands,Erewash,E07000036,Revised,42,1159,54672.5,47.2,1136,98,530,45.7,795,68.6,403,34.8,4743.53,4.09,185,16,273,23.6
201920,Academic year,Local authority district,E92000001,England,E12000004,East Midlands,High Peak,E07000037,Revised,28,916,45932,50.1,897,97.9,429,46.8,662,72.3,219,23.9,3869.24,4.22,125,13.6,176,19.2
201920,Academic year,Local authority district,E92000001,England,E12000004,East Midlands,North East Derbyshire,E07000038,Revised,44,973,48083.75,49.4,950,97.6,466,47.9,682,70.1,363,37.3,4252.84,4.37,230,23.6,309,31.8
201920,Academic year,Local authority district,E92000001,England,E12000004,East Midlands,South Derbyshire,E07000039,Revised,43,1044,53275,51,1023,98,565,54.1,781,74.8,311,29.8,4584,4.39,208,19.9,273,26.1
201920,Academic year,Local authority district,E92000001,England,E12000009,South West,East Devon,E07000040,Revised,31,1318,70339,53.4,1286,97.6,766,58.1,1026,77.8,408,31,6170.07,4.68,312,23.7,364,27.6
201920,Academic year,Local authority district,E92000001,England,E12000009,South West,Exeter,E07000041,Revised,32,967,49931.5,51.6,946,97.8,486,50.3,709,73.3,418,43.2,4390.9,4.54,234,24.2,309,32
201920,Academic year,Local authority district,E92000001,England,E12000009,South West,Mid Devon,E07000042,Revised,28,783,38868.5,49.6,757,96.7,390,49.8,579,73.9,234,29.9,3358.09,4.29,127,16.2,170,21.7
201920,Academic year,Local authority district,E92000001,England,E12000009,South West,North Devon,E07000043,Revised,13,953,44632,46.8,923,96.9,403,42.3,644,67.6,310,32.5,3857.79,4.05,128,13.4,204,21.4
201920,Academic year,Local authority district,E92000001,England,E12000009,South West,South Hams,E07000044,Revised,35,833,45207.75,54.3,815,97.8,477,57.3,648,77.8,328,39.4,3942.35,4.73,188,22.6,264,31.7
201920,Academic year,Local authority district,E92000001,England,E12000009,South West,Teignbridge,E07000045,Revised,38,1291,65932.5,51.1,1252,97,646,50,959,74.3,515,39.9,5777.77,4.48,284,22,403,31.2
201920,Academic year,Local authority district,E92000001,England,E12000009,South West,Torridge,E07000046,Revised,15,582,27061.25,46.5,570,97.9,234,40.2,390,67,280,48.1,2415.59,4.15,95,16.3,158,27.1
201920,Academic year,Local authority district,E92000001,England,E12000009,South West,West Devon,E07000047,Revised,28,521,26952,51.7,509,97.7,263,50.5,380,72.9,191,36.7,2329.46,4.47,102,19.6,148,28.4
201920,Academic year,Local authority district,E92000001,England,E12000008,South East,Eastbourne,E07000061,Revised,24,986,46831,47.5,954,96.8,424,43,676,68.6,271,27.5,3992.08,4.05,148,15,213,21.6
201920,Academic year,Local authority district,E92000001,England,E12000008,South East,Hastings,E07000062,Revised,23,930,40551.75,43.6,885,95.2,363,39,571,61.4,269,28.9,3502.16,3.77,147,15.8,199,21.4
201920,Academic year,Local authority district,E92000001,England,E12000008,South East,Lewes,E07000063,Revised,31,929,46877.5,50.5,913,98.3,480,51.7,681,73.3,432,46.5,4186.03,4.51,236,25.4,331,35.6
201920,Academic year,Local authority district,E92000001,England,E12000008,South East,Rother,E07000064,Revised,36,746,36522,49,735,98.5,358,48,505,67.7,254,34,3182.88,4.27,155,20.8,208,27.9
201920,Academic year,Local authority district,E92000001,England,E12000008,South East,Wealden,E07000065,Revised,51,1360,72014.63,53,1338,98.4,764,56.2,1048,77.1,555,40.8,6339.88,4.66,342,25.1,445,32.7
201920,Academic year,Local authority district,E92000001,England,E12000006,East of England,Basildon,E07000066,Revised,69,2088,98367.88,47.1,2022,96.8,922,44.2,1358,65,1081,51.8,8732.38,4.18,460,22,714,34.2
201920,Academic year,Local authority district,E92000001,England,E12000006,East of England,Braintree,E07000067,Revised,61,1570,76391.25,48.7,1527,97.3,722,46,1089,69.4,540,34.4,6584.12,4.19,267,17,390,24.8
201920,Academic year,Local authority district,E92000001,England,E12000006,East of England,Brentwood,E07000068,Revised,42,794,43936.5,55.3,777,97.9,495,62.3,654,82.4,316,39.8,3857.16,4.86,228,28.7,269,33.9
201920,Academic year,Local authority district,E92000001,England,E12000006,East of England,Castle Point,E07000069,Revised,33,981,46463.5,47.4,962,98.1,428,43.6,667,68,399,40.7,4002.94,4.08,171,17.4,282,28.7
201920,Academic year,Local authority district,E92000001,England,E12000006,East of England,Chelmsford,E07000070,Revised,58,1907,104375,54.7,1869,98,1078,56.5,1477,77.5,841,44.1,9256.64,4.85,554,29.1,712,37.3
201920,Academic year,Local authority district,E92000001,England,E12000006,East of England,Colchester,E07000071,Revised,46,1945,99522,51.2,1909,98.1,973,50,1398,71.9,849,43.7,8822.69,4.54,452,23.2,664,34.1
201920,Academic year,Local authority district,E92000001,England,E12000006,East of England,Epping Forest,E07000072,Revised,93,1263,65249.75,51.7,1245,98.6,690,54.6,959,75.9,508,40.2,5718.98,4.53,269,21.3,381,30.2
201920,Academic year,Local authority district,E92000001,England,E12000006,East of England,Harlow,E07000073,Revised,47,1026,47235.75,46,994,96.9,420,40.9,714,69.6,362,35.3,4072.28,3.97,173,16.9,257,25
201920,Academic year,Local authority district,E92000001,England,E12000006,East of England,Maldon,E07000074,Revised,35,639,30980.5,48.5,615,96.2,275,43,403,63.1,215,33.6,2651.61,4.15,139,21.8,178,27.9
201920,Academic year,Local authority district,E92000001,England,E12000006,East of England,Rochford,E07000075,Revised,38,960,48344.5,50.4,932,97.1,484,50.4,710,74,383,39.9,4242.29,4.42,227,23.6,324,33.8
201920,Academic year,Local authority district,E92000001,England,E12000006,East of England,Tendring,E07000076,Revised,29,1487,65481,44,1420,95.5,527,35.4,865,58.2,237,15.9,5213.92,3.51,143,9.6,194,13
201920,Academic year,Local authority district,E92000001,England,E12000006,East of England,Uttlesford,E07000077,Revised,39,955,52629.25,55.1,949,99.4,559,58.5,758,79.4,525,55,4750.07,4.97,328,34.3,428,44.8
201920,Academic year,Local authority district,E92000001,England,E12000009,South West,Cheltenham,E07000078,Revised,23,986,54283.25,55.1,965,97.9,594,60.2,776,78.7,400,40.6,4780.95,4.85,291,29.5,352,35.7
201920,Academic year,Local authority district,E92000001,England,E12000009,South West,Cotswold,E07000079,Revised,41,777,42072.25,54.1,768,98.8,443,57,595,76.6,308,39.6,3737.78,4.81,206,26.5,272,35
201920,Academic year,Local authority district,E92000001,England,E12000009,South West,Forest of Dean,E07000080,Revised,30,776,39196,50.5,754,97.2,401,51.7,559,72,234,30.2,3363.46,4.33,145,18.7,199,25.6
201920,Academic year,Local authority district,E92000001,England,E12000009,South West,Gloucester,E07000081,Revised,35,1361,66809,49.1,1315,96.6,638,46.9,927,68.1,336,24.7,5704.33,4.19,202,14.8,275,20.2
201920,Academic year,Local authority district,E92000001,England,E12000009,South West,Stroud,E07000082,Revised,36,1204,64695.25,53.7,1176,97.7,663,55.1,913,75.8,372,30.9,5605.27,4.66,274,22.8,336,27.9
201920,Academic year,Local authority district,E92000001,England,E12000009,South West,Tewkesbury,E07000083,Revised,37,915,48847.25,53.4,892,97.5,503,55,708,77.4,227,24.8,4157.89,4.54,163,17.8,211,23.1
201920,Academic year,Local authority district,E92000001,England,E12000008,South East,Basingstoke and Deane,E07000084,Revised,46,1714,83805.88,48.9,1658,96.7,828,48.3,1225,71.5,581,33.9,7372.99,4.3,325,19,450,26.3
201920,Academic year,Local authority district,E92000001,England,E12000008,South East,East Hampshire,E07000085,Revised,46,1161,62202.5,53.6,1145,98.6,646,55.6,937,80.7,503,43.3,5465.43,4.71,289,24.9,412,35.5
201920,Academic year,Local authority district,E92000001,England,E12000008,South East,Eastleigh,E07000086,Revised,37,1342,70024.5,52.2,1324,98.7,710,52.9,1019,75.9,626,46.6,6348.7,4.73,363,27,498,37.1
201920,Academic year,Local authority district,E92000001,England,E12000008,South East,Fareham,E07000087,Revised,38,1102,57956.5,52.6,1082,98.2,632,57.4,867,78.7,373,33.8,5065.65,4.6,188,17.1,280,25.4
201920,Academic year,Local authority district,E92000001,England,E12000008,South East,Gosport,E07000088,Revised,24,832,36061.25,43.3,811,97.5,294,35.3,500,60.1,186,22.4,3011.91,3.62,68,8.2,107,12.9
201920,Academic year,Local authority district,E92000001,England,E12000008,South East,Hart,E07000089,Revised,30,998,55660.5,55.8,985,98.7,611,61.2,828,83,210,21,4724.19,4.73,165,16.5,192,19.2
201920,Academic year,Local authority district,E92000001,England,E12000008,South East,Havant,E07000090,Revised,37,1179,53755.25,45.6,1157,98.1,458,38.8,751,63.7,336,28.5,4542.6,3.85,120,10.2,197,16.7
201920,Academic year,Local authority district,E92000001,England,E12000008,South East,New Forest,E07000091,Revised,38,1583,82009.5,51.8,1548,97.8,849,53.6,1169,73.8,476,30.1,7184.9,4.54,329,20.8,416,26.3
201920,Academic year,Local authority district,E92000001,England,E12000008,South East,Rushmoor,E07000092,Revised,31,957,47091,49.2,925,96.7,450,47,658,68.8,324,33.9,4106.44,4.29,171,17.9,236,24.7
201920,Academic year,Local authority district,E92000001,England,E12000008,South East,Test Valley,E07000093,Revised,49,1221,64418.25,52.8,1185,97.1,663,54.3,923,75.6,478,39.1,5713.77,4.68,302,24.7,411,33.7
201920,Academic year,Local authority district,E92000001,England,E12000008,South East,Winchester,E07000094,Revised,42,1096,61161.25,55.8,1080,98.5,678,61.9,892,81.4,484,44.2,5484.99,5,332,30.3,419,38.2
201920,Academic year,Local authority district,E92000001,England,E12000006,East of England,Broxbourne,E07000095,Revised,55,1079,54560,50.6,1056,97.9,550,51,782,72.5,586,54.3,4819.53,4.47,258,23.9,394,36.5
201920,Academic year,Local authority district,E92000001,England,E12000006,East of England,Dacorum,E07000096,Revised,65,1496,76443,51.1,1465,97.9,773,51.7,1100,73.5,531,35.5,6659.95,4.45,307,20.5,420,28.1
201920,Academic year,Local authority district,E92000001,England,E12000006,East of England,Hertsmere,E07000098,Revised,79,1094,59938.63,54.8,1069,97.7,661,60.4,888,81.2,514,47,5283.86,4.83,301,27.5,413,37.8
201920,Academic year,Local authority district,E92000001,England,E12000006,East of England,North Hertfordshire,E07000099,Revised,52,1369,72255.26,52.8,1334,97.4,751,54.9,1028,75.1,526,38.4,6400.56,4.68,361,26.4,468,34.2
201920,Academic year,Local authority district,E92000001,England,E12000006,East of England,Three Rivers,E07000102,Revised,62,1011,56348.25,55.7,991,98,638,63.1,832,82.3,544,53.8,5103.01,5.05,324,32,426,42.1
201920,Academic year,Local authority district,E92000001,England,E12000006,East of England,Watford,E07000103,Revised,64,1141,61876.75,54.2,1110,97.3,674,59.1,887,77.7,618,54.2,5596.95,4.91,316,27.7,426,37.3
201920,Academic year,Local authority district,E92000001,England,E12000008,South East,Ashford,E07000105,Revised,50,1434,71807.5,50.1,1393,97.1,737,51.4,995,69.4,760,53,6455.94,4.5,411,28.7,557,38.8
201920,Academic year,Local authority district,E92000001,England,E12000008,South East,Canterbury,E07000106,Revised,47,1379,68267.51,49.5,1304,94.6,685,49.7,973,70.6,519,37.6,5886.76,4.27,276,20,397,28.8
201920,Academic year,Local authority district,E92000001,England,E12000008,South East,Dartford,E07000107,Revised,75,1254,66027.14,52.7,1224,97.6,682,54.4,940,75,554,44.2,5759.3,4.59,346,27.6,454,36.2
201920,Academic year,Local authority district,E92000001,England,E12000008,South East,Dover,E07000108,Revised,43,1210,57450.75,47.5,1173,96.9,548,45.3,798,66,462,38.2,5051.15,4.17,267,22.1,377,31.2
201920,Academic year,Local authority district,E92000001,England,E12000008,South East,Gravesham,E07000109,Revised,48,1232,62146.13,50.4,1212,98.4,645,52.4,904,73.4,490,39.8,5422.66,4.4,286,23.2,393,31.9
201920,Academic year,Local authority district,E92000001,England,E12000008,South East,Maidstone,E07000110,Revised,62,1743,91202.75,52.3,1706,97.9,916,52.6,1302,74.7,885,50.8,8132.58,4.67,507,29.1,674,38.7
201920,Academic year,Local authority district,E92000001,England,E12000008,South East,Sevenoaks,E07000111,Revised,77,1161,64095.75,55.2,1136,97.8,694,59.8,908,78.2,583,50.2,5761.95,4.96,375,32.3,486,41.9
201920,Academic year,Local authority district,E92000001,England,E12000008,South East,Folkestone and Hythe,E07000112,Revised,33,1039,49425.75,47.6,1002,96.4,456,43.9,676,65.1,451,43.4,4235.96,4.08,192,18.5,311,29.9
201920,Academic year,Local authority district,E92000001,England,E12000008,South East,Swale,E07000113,Revised,55,1559,72688.5,46.6,1507,96.7,664,42.6,1012,64.9,444,28.5,6125.52,3.93,250,16,376,24.1
201920,Academic year,Local authority district,E92000001,England,E12000008,South East,Thanet,E07000114,Revised,31,1486,64412,43.3,1390,93.5,581,39.1,903,60.8,332,22.3,5298.61,3.57,162,10.9,265,17.8
201920,Academic year,Local authority district,E92000001,England,E12000008,South East,Tonbridge and Malling,E07000115,Revised,65,1398,76186.63,54.5,1360,97.3,813,58.2,1073,76.8,619,44.3,6721.3,4.81,437,31.3,536,38.3
201920,Academic year,Local authority district,E92000001,England,E12000008,South East,Tunbridge Wells,E07000116,Revised,41,1275,73099.75,57.3,1247,97.8,847,66.4,1026,80.5,792,62.1,6732.18,5.28,512,40.2,642,50.4
201920,Academic year,Local authority district,E92000001,England,E12000002,North West,Burnley,E07000117,Revised,34,1026,46583.5,45.4,995,97,440,42.9,668,65.1,421,41,4069.1,3.97,155,15.1,251,24.5
201920,Academic year,Local authority district,E92000001,England,E12000002,North West,Chorley,E07000118,Revised,55,1244,64474,51.8,1214,97.6,677,54.4,949,76.3,436,35,5593.25,4.5,278,22.3,369,29.7
201920,Academic year,Local authority district,E92000001,England,E12000002,North West,Fylde,E07000119,Revised,29,640,32741.25,51.2,621,97,313,48.9,470,73.4,156,24.4,2748.11,4.29,83,13,122,19.1
201920,Academic year,Local authority district,E92000001,England,E12000002,North West,Hyndburn,E07000120,Revised,33,958,44491.5,46.4,928,96.9,385,40.2,597,62.3,149,15.6,3609.1,3.77,71,7.4,106,11.1
201920,Academic year,Local authority district,E92000001,England,E12000002,North West,Lancaster,E07000121,Revised,26,1270,62545.25,49.2,1229,96.8,600,47.2,883,69.5,412,32.4,5357.48,4.22,226,17.8,307,24.2
201920,Academic year,Local authority district,E92000001,England,E12000002,North West,Pendle,E07000122,Revised,35,1084,48938.75,45.1,1059,97.7,431,39.8,678,62.5,255,23.5,4104.96,3.79,121,11.2,174,16.1
201920,Academic year,Local authority district,E92000001,England,E12000002,North West,Preston,E07000123,Revised,43,1544,80082.5,51.9,1504,97.4,815,52.8,1145,74.2,628,40.7,7090.41,4.59,393,25.5,518,33.5
201920,Academic year,Local authority district,E92000001,England,E12000002,North West,Ribble Valley,E07000124,Revised,34,597,33473.75,56.1,592,99.2,370,62,487,81.6,240,40.2,2954.57,4.95,149,25,204,34.2
201920,Academic year,Local authority district,E92000001,England,E12000002,North West,Rossendale,E07000125,Revised,46,734,36663.75,50,708,96.5,383,52.2,547,74.5,224,30.5,3133.16,4.27,115,15.7,168,22.9
201920,Academic year,Local authority district,E92000001,England,E12000002,North West,South Ribble,E07000126,Revised,44,1190,61285.25,51.5,1171,98.4,649,54.5,907,76.2,347,29.2,5268.39,4.43,214,18,285,23.9
201920,Academic year,Local authority district,E92000001,England,E12000002,North West,West Lancashire,E07000127,Revised,55,1159,57250.25,49.4,1135,97.9,569,49.1,822,70.9,466,40.2,4977.34,4.29,226,19.5,326,28.1
201920,Academic year,Local authority district,E92000001,England,E12000002,North West,Wyre,E07000128,Revised,29,1026,50287.25,49,1003,97.8,477,46.5,732,71.3,283,27.6,4283.33,4.17,148,14.4,233,22.7
201920,Academic year,Local authority district,E92000001,England,E12000004,East Midlands,Blaby,E07000129,Revised,44,1138,57806,50.8,1121,98.5,584,51.3,851,74.8,409,35.9,4976.85,4.37,196,17.2,293,25.7
201920,Academic year,Local authority district,E92000001,England,E12000004,East Midlands,Charnwood,E07000130,Revised,53,1649,82151.25,49.8,1628,98.7,838,50.8,1196,72.5,777,47.1,7292.91,4.42,342,20.7,530,32.1
201920,Academic year,Local authority district,E92000001,England,E12000004,East Midlands,Harborough,E07000131,Revised,33,984,53485.75,54.4,968,98.4,608,61.8,801,81.4,355,36.1,4657.26,4.73,252,25.6,314,31.9
201920,Academic year,Local authority district,E92000001,England,E12000004,East Midlands,Hinckley and Bosworth,E07000132,Revised,39,1114,56680.5,50.9,1092,98,574,51.5,842,75.6,369,33.1,4889.04,4.39,196,17.6,276,24.8
201920,Academic year,Local authority district,E92000001,England,E12000004,East Midlands,Melton,E07000133,Revised,24,498,26720.75,53.7,486,97.6,278,55.8,397,79.7,189,38,2340.11,4.7,117,23.5,154,30.9
201920,Academic year,Local authority district,E92000001,England,E12000004,East Midlands,North West Leicestershire,E07000134,Revised,44,1086,51231.75,47.2,1060,97.6,494,45.5,737,67.9,307,28.3,4431.64,4.08,145,13.4,210,19.3
201920,Academic year,Local authority district,E92000001,England,E12000004,East Midlands,Oadby and Wigston,E07000135,Revised,31,570,28927.25,50.7,559,98.1,305,53.5,402,70.5,281,49.3,2613.13,4.58,159,27.9,223,39.1
201920,Academic year,Local authority district,E92000001,England,E12000004,East Midlands,Boston,E07000136,Revised,28,711,32227.75,45.3,688,96.8,286,40.2,446,62.7,192,27,2742.92,3.86,114,16,162,22.8
201920,Academic year,Local authority district,E92000001,England,E12000004,East Midlands,East Lindsey,E07000137,Revised,44,1305,60352.5,46.2,1225,93.9,573,43.9,872,66.8,426,32.6,5246.44,4.02,238,18.2,359,27.5
201920,Academic year,Local authority district,E92000001,England,E12000004,East Midlands,Lincoln,E07000138,Revised,30,853,38468.75,45.1,830,97.3,297,34.8,529,62,285,33.4,3316.86,3.89,138,16.2,203,23.8
201920,Academic year,Local authority district,E92000001,England,E12000004,East Midlands,North Kesteven,E07000139,Revised,34,1209,61386.5,50.8,1186,98.1,628,51.9,911,75.4,559,46.2,5446.4,4.5,317,26.2,475,39.3
201920,Academic year,Local authority district,E92000001,England,E12000004,East Midlands,South Holland,E07000140,Revised,39,915,44228.25,48.3,887,96.9,399,43.6,629,68.7,405,44.3,3879.15,4.24,186,20.3,290,31.7
201920,Academic year,Local authority district,E92000001,England,E12000004,East Midlands,South Kesteven,E07000141,Revised,39,1499,79033.75,52.7,1469,98,812,54.2,1114,74.3,566,37.8,6928.77,4.62,354,23.6,468,31.2
201920,Academic year,Local authority district,E92000001,England,E12000004,East Midlands,West Lindsey,E07000142,Revised,41,965,48512,50.3,934,96.8,479,49.6,704,73,372,38.5,4212.46,4.37,207,21.5,309,32
201920,Academic year,Local authority district,E92000001,England,E12000006,East of England,Breckland,E07000143,Revised,46,1264,60241,47.7,1244,98.4,571,45.2,844,66.8,513,40.6,5352.88,4.23,243,19.2,359,28.4
201920,Academic year,Local authority district,E92000001,England,E12000006,East of England,Broadland,E07000144,Revised,35,1228,63948.5,52.1,1201,97.8,664,54.1,928,75.6,490,39.9,5643.59,4.6,282,23,395,32.2
201920,Academic year,Local authority district,E92000001,England,E12000006,East of England,Great Yarmouth,E07000145,Revised,24,1016,47923.25,47.2,985,96.9,432,42.5,655,64.5,349,34.4,4018.79,3.96,138,13.6,217,21.4
201920,Academic year,Local authority district,E92000001,England,E12000006,East of England,King's Lynn and West Norfolk,E07000146,Revised,33,1336,63294.25,47.4,1310,98.1,600,44.9,916,68.6,441,33,5461.33,4.09,194,14.5,300,22.5
201920,Academic year,Local authority district,E92000001,England,E12000006,East of England,North Norfolk,E07000147,Revised,30,791,37634.5,47.6,769,97.2,360,45.5,539,68.1,370,46.8,3350.5,4.24,143,18.1,243,30.7
201920,Academic year,Local authority district,E92000001,England,E12000006,East of England,Norwich,E07000148,Revised,34,1052,50623,48.1,1022,97.1,491,46.7,703,66.8,331,31.5,4341.25,4.13,169,16.1,240,22.8
201920,Academic year,Local authority district,E92000001,England,E12000006,East of England,South Norfolk,E07000149,Revised,44,1277,68099,53.3,1251,98,714,55.9,988,77.4,736,57.6,6142.08,4.81,384,30.1,543,42.5
201920,Academic year,Local authority district,E92000001,England,E12000004,East Midlands,Corby,E07000150,Revised,24,814,36300.25,44.6,791,97.2,321,39.4,485,59.6,237,29.1,3119.31,3.83,110,13.5,187,23
201920,Academic year,Local authority district,E92000001,England,E12000004,East Midlands,Daventry,E07000151,Revised,36,789,39897.75,50.6,784,99.4,395,50.1,579,73.4,321,40.7,3488.42,4.42,179,22.7,247,31.3
201920,Academic year,Local authority district,E92000001,England,E12000004,East Midlands,East Northamptonshire,E07000152,Revised,51,967,47238.25,48.9,936,96.8,456,47.2,670,69.3,318,32.9,4050.65,4.19,164,17,237,24.5
201920,Academic year,Local authority district,E92000001,England,E12000004,East Midlands,Kettering,E07000153,Revised,30,1144,56593.5,49.5,1113,97.3,551,48.2,807,70.5,577,50.4,5112.89,4.47,293,25.6,437,38.2
201920,Academic year,Local authority district,E92000001,England,E12000004,East Midlands,Northampton,E07000154,Revised,40,2417,117265,48.5,2363,97.8,1133,46.9,1642,67.9,820,33.9,10071.68,4.17,418,17.3,608,25.2
201920,Academic year,Local authority district,E92000001,England,E12000004,East Midlands,South Northamptonshire,E07000155,Revised,45,949,49768,52.4,933,98.3,507,53.4,733,77.2,362,38.1,4339.42,4.57,203,21.4,290,30.6
201920,Academic year,Local authority district,E92000001,England,E12000004,East Midlands,Wellingborough,E07000156,Revised,35,927,44016,47.5,882,95.1,432,46.6,651,70.2,258,27.8,3774.93,4.07,143,15.4,200,21.6
201920,Academic year,Local authority district,E92000001,England,E12000003,Yorkshire and The Humber,Craven,E07000163,Revised,24,530,27998,52.8,520,98.1,282,53.2,388,73.2,176,33.2,2435.48,4.6,130,24.5,167,31.5
201920,Academic year,Local authority district,E92000001,England,E12000003,Yorkshire and The Humber,Hambleton,E07000164,Revised,37,786,40065.75,51,765,97.3,407,51.8,565,71.9,382,48.6,3630.17,4.62,211,26.8,295,37.5
201920,Academic year,Local authority district,E92000001,England,E12000003,Yorkshire and The Humber,Harrogate,E07000165,Revised,31,1565,84471.88,54,1510,96.5,924,59,1257,80.3,812,51.9,7632.12,4.88,508,32.5,694,44.3
201920,Academic year,Local authority district,E92000001,England,E12000003,Yorkshire and The Humber,Richmondshire,E07000166,Revised,17,471,24061.5,51.1,461,97.9,247,52.4,345,73.2,251,53.3,2167.66,4.6,135,28.7,194,41.2
201920,Academic year,Local authority district,E92000001,England,E12000003,Yorkshire and The Humber,Ryedale,E07000167,Revised,22,498,25683.5,51.6,484,97.2,255,51.2,387,77.7,184,36.9,2249.92,4.52,109,21.9,144,28.9
201920,Academic year,Local authority district,E92000001,England,E12000003,Yorkshire and The Humber,Scarborough,E07000168,Revised,26,1001,47179.25,47.1,974,97.3,472,47.2,688,68.7,275,27.5,4016.59,4.01,182,18.2,241,24.1
201920,Academic year,Local authority district,E92000001,England,E12000003,Yorkshire and The Humber,Selby,E07000169,Revised,36,898,44234.25,49.3,876,97.6,433,48.2,638,71,347,38.6,3861.66,4.3,161,17.9,233,25.9
201920,Academic year,Local authority district,E92000001,England,E12000004,East Midlands,Ashfield,E07000170,Revised,42,1324,61239.25,46.3,1295,97.8,523,39.5,849,64.1,488,36.9,5246.2,3.96,218,16.5,339,25.6
201920,Academic year,Local authority district,E92000001,England,E12000004,East Midlands,Bassetlaw,E07000171,Revised,37,1101,55364.38,50.3,1068,97,603,54.8,843,76.6,409,37.1,4850.67,4.41,243,22.1,332,30.2
201920,Academic year,Local authority district,E92000001,England,E12000004,East Midlands,Broxtowe,E07000172,Revised,44,978,51380,52.5,957,97.9,534,54.6,750,76.7,335,34.3,4543.65,4.65,211,21.6,285,29.1
201920,Academic year,Local authority district,E92000001,England,E12000004,East Midlands,Gedling,E07000173,Revised,39,1156,61328.25,53.1,1136,98.3,650,56.2,863,74.7,437,37.8,5407.73,4.68,249,21.5,346,29.9
201920,Academic year,Local authority district,E92000001,England,E12000004,East Midlands,Mansfield,E07000174,Revised,29,1094,49354.25,45.1,1061,97,450,41.1,711,65,418,38.2,4221.5,3.86,180,16.5,261,23.9
201920,Academic year,Local authority district,E92000001,England,E12000004,East Midlands,Newark and Sherwood,E07000175,Revised,45,1231,61113,49.6,1209,98.2,588,47.8,881,71.6,418,34,5276.85,4.29,215,17.5,316,25.7
201920,Academic year,Local authority district,E92000001,England,E12000004,East Midlands,Rushcliffe,E07000176,Revised,35,1169,69453,59.4,1149,98.3,842,72,1000,85.5,592,50.6,6255.16,5.35,433,37,520,44.5
201920,Academic year,Local authority district,E92000001,England,E12000008,South East,Cherwell,E07000177,Revised,49,1476,73643,49.9,1448,98.1,742,50.3,1047,70.9,644,43.6,6557.76,4.44,318,21.5,497,33.7
201920,Academic year,Local authority district,E92000001,England,E12000008,South East,Oxford,E07000178,Revised,25,1210,59844.25,49.5,1149,95,588,48.6,825,68.2,510,42.1,5368.31,4.44,285,23.6,383,31.7
201920,Academic year,Local authority district,E92000001,England,E12000008,South East,South Oxfordshire,E07000179,Revised,47,1280,67728.25,52.9,1242,97,747,58.4,1010,78.9,468,36.6,5994.71,4.68,311,24.3,398,31.1
201920,Academic year,Local authority district,E92000001,England,E12000008,South East,Vale of White Horse,E07000180,Revised,32,1206,60410,50.1,1152,95.5,647,53.6,872,72.3,430,35.7,5240.83,4.35,269,22.3,340,28.2
201920,Academic year,Local authority district,E92000001,England,E12000008,South East,West Oxfordshire,E07000181,Revised,23,1078,54639.5,50.7,1037,96.2,578,53.6,788,73.1,274,25.4,4708.56,4.37,186,17.3,234,21.7
201920,Academic year,Local authority district,E92000001,England,E12000009,South West,Mendip,E07000187,Revised,39,1113,57081.5,51.3,1077,96.8,540,48.5,815,73.2,389,35,4893.17,4.4,203,18.2,313,28.1
201920,Academic year,Local authority district,E92000001,England,E12000009,South West,Sedgemoor,E07000188,Revised,27,1251,59217.75,47.3,1219,97.4,560,44.8,849,67.9,318,25.4,5042.65,4.03,135,10.8,201,16.1
201920,Academic year,Local authority district,E92000001,England,E12000009,South West,South Somerset,E07000189,Revised,38,1575,76287.25,48.4,1539,97.7,700,44.4,1112,70.6,460,29.2,6504.76,4.13,223,14.2,333,21.1
201920,Academic year,Local authority district,E92000001,England,E12000005,West Midlands,Cannock Chase,E07000192,Revised,38,984,47532.5,48.3,957,97.3,437,44.4,663,67.4,237,24.1,3903.02,3.97,126,12.8,172,17.5
201920,Academic year,Local authority district,E92000001,England,E12000005,West Midlands,East Staffordshire,E07000193,Revised,35,1345,64982.5,48.3,1305,97,643,47.8,917,68.2,416,30.9,5584.36,4.15,211,15.7,320,23.8
201920,Academic year,Local authority district,E92000001,England,E12000005,West Midlands,Lichfield,E07000194,Revised,48,1036,55704.75,53.8,1011,97.6,586,56.6,783,75.6,311,30,4741.83,4.58,221,21.3,281,27.1
201920,Academic year,Local authority district,E92000001,England,E12000005,West Midlands,Newcastle-under-Lyme,E07000195,Revised,46,1217,59872.75,49.2,1191,97.9,570,46.8,861,70.7,425,34.9,5071.95,4.17,198,16.3,282,23.2
201920,Academic year,Local authority district,E92000001,England,E12000005,West Midlands,South Staffordshire,E07000196,Revised,71,1006,50981.25,50.7,988,98.2,503,50,746,74.2,328,32.6,4364.16,4.34,199,19.8,256,25.4
201920,Academic year,Local authority district,E92000001,England,E12000005,West Midlands,Stafford,E07000197,Revised,42,1202,60908.25,50.7,1176,97.8,591,49.2,883,73.5,331,27.5,5225.53,4.35,203,16.9,274,22.8
201920,Academic year,Local authority district,E92000001,England,E12000005,West Midlands,Staffordshire Moorlands,E07000198,Revised,36,997,51109.75,51.3,977,98,509,51.1,747,74.9,457,45.8,4365.5,4.38,225,22.6,369,37
201920,Academic year,Local authority district,E92000001,England,E12000005,West Midlands,Tamworth,E07000199,Revised,29,926,42688.5,46.1,892,96.3,370,40,590,63.7,234,25.3,3565.32,3.85,111,12,176,19
201920,Academic year,Local authority district,E92000001,England,E12000006,East of England,Babergh,E07000200,Revised,38,913,44880.25,49.2,890,97.5,434,47.5,647,70.9,261,28.6,3863.86,4.23,158,17.3,214,23.4
201920,Academic year,Local authority district,E92000001,England,E12000006,East of England,Ipswich,E07000202,Revised,25,1455,68282,46.9,1388,95.4,654,44.9,985,67.7,427,29.3,5863.49,4.03,201,13.8,284,19.5
201920,Academic year,Local authority district,E92000001,England,E12000006,East of England,Mid Suffolk,E07000203,Revised,36,1047,53613.25,51.2,1022,97.6,545,52.1,768,73.4,336,32.1,4601.12,4.39,198,18.9,279,26.6
201920,Academic year,Local authority district,E92000001,England,E12000008,South East,Elmbridge,E07000207,Revised,51,1007,57827,57.4,988,98.1,668,66.3,843,83.7,474,47.1,5180.04,5.14,308,30.6,388,38.5
201920,Academic year,Local authority district,E92000001,England,E12000008,South East,Epsom and Ewell,E07000208,Revised,47,786,44691.75,56.9,762,96.9,513,65.3,641,81.6,420,53.4,4041.58,5.14,257,32.7,330,42
201920,Academic year,Local authority district,E92000001,England,E12000008,South East,Guildford,E07000209,Revised,49,1163,63309.75,54.4,1120,96.3,678,58.3,914,78.6,588,50.6,5677.2,4.88,334,28.7,470,40.4
201920,Academic year,Local authority district,E92000001,England,E12000008,South East,Mole Valley,E07000210,Revised,44,788,42768,54.3,773,98.1,458,58.1,608,77.2,431,54.7,3898.94,4.95,238,30.2,315,40
201920,Academic year,Local authority district,E92000001,England,E12000008,South East,Reigate and Banstead,E07000211,Revised,59,1416,74762.25,52.8,1377,97.2,790,55.8,1097,77.5,696,49.2,6666.03,4.71,368,26,515,36.4
201920,Academic year,Local authority district,E92000001,England,E12000008,South East,Runnymede,E07000212,Revised,36,643,33363.5,51.9,622,96.7,351,54.6,495,77,365,56.8,2965.64,4.61,159,24.7,219,34.1
201920,Academic year,Local authority district,E92000001,England,E12000008,South East,Spelthorne,E07000213,Revised,61,978,51418.75,52.6,958,98,533,54.5,744,76.1,327,33.4,4453.08,4.55,198,20.2,253,25.9
201920,Academic year,Local authority district,E92000001,England,E12000008,South East,Surrey Heath,E07000214,Revised,38,927,51469.75,55.5,910,98.2,585,63.1,751,81,391,42.2,4534.38,4.89,247,26.6,326,35.2
201920,Academic year,Local authority district,E92000001,England,E12000008,South East,Tandridge,E07000215,Revised,49,754,37952.5,50.3,726,96.3,358,47.5,543,72,285,37.8,3316.78,4.4,154,20.4,216,28.6
201920,Academic year,Local authority district,E92000001,England,E12000008,South East,Waverley,E07000216,Revised,41,1027,57874.25,56.4,985,95.9,635,61.8,836,81.4,427,41.6,5155.65,5.02,305,29.7,384,37.4
201920,Academic year,Local authority district,E92000001,England,E12000008,South East,Woking,E07000217,Revised,33,948,51363,54.2,923,97.4,566,59.7,752,79.3,514,54.2,4608.16,4.86,269,28.4,358,37.8
201920,Academic year,Local authority district,E92000001,England,E12000005,West Midlands,North Warwickshire,E07000218,Revised,46,632,30787.25,48.7,614,97.2,309,48.9,469,74.2,234,37,2650.21,4.19,116,18.4,178,28.2
201920,Academic year,Local authority district,E92000001,England,E12000005,West Midlands,Nuneaton and Bedworth,E07000219,Revised,52,1390,64999,46.8,1331,95.8,639,46,925,66.5,494,35.5,5586.58,4.02,187,13.5,313,22.5
201920,Academic year,Local authority district,E92000001,England,E12000005,West Midlands,Rugby,E07000220,Revised,44,1061,56408.25,53.2,1042,98.2,605,57,800,75.4,478,45.1,5017.74,4.73,305,28.7,398,37.5
201920,Academic year,Local authority district,E92000001,England,E12000005,West Midlands,Stratford-on-Avon,E07000221,Revised,45,1227,67327.25,54.9,1203,98,736,60,977,79.6,512,41.7,5946.13,4.85,317,25.8,406,33.1
201920,Academic year,Local authority district,E92000001,England,E12000005,West Midlands,Warwick,E07000222,Revised,33,1218,67585.25,55.5,1191,97.8,726,59.6,961,78.9,610,50.1,6051.28,4.97,396,32.5,512,42
201920,Academic year,Local authority district,E92000001,England,E12000008,South East,Adur,E07000223,Revised,19,575,28829,50.1,568,98.8,293,51,413,71.8,280,48.7,2545.4,4.43,130,22.6,183,31.8
201920,Academic year,Local authority district,E92000001,England,E12000008,South East,Arun,E07000224,Revised,27,1417,66734,47.1,1382,97.5,614,43.3,968,68.3,458,32.3,5665.96,4,193,13.6,316,22.3
201920,Academic year,Local authority district,E92000001,England,E12000008,South East,Chichester,E07000225,Revised,36,947,46527.88,49.1,920,97.1,463,48.9,674,71.2,284,30,3991.64,4.22,152,16.1,213,22.5
201920,Academic year,Local authority district,E92000001,England,E12000008,South East,Crawley,E07000226,Revised,24,1285,60284.5,46.9,1253,97.5,525,40.9,854,66.5,320,24.9,5159.26,4.01,165,12.8,239,18.6
201920,Academic year,Local authority district,E92000001,England,E12000008,South East,Horsham,E07000227,Revised,41,1396,75366.13,54,1374,98.4,786,56.3,1079,77.3,598,42.8,6647.2,4.76,320,22.9,466,33.4
201920,Academic year,Local authority district,E92000001,England,E12000008,South East,Mid Sussex,E07000228,Revised,39,1421,76410.13,53.8,1388,97.7,816,57.4,1101,77.5,812,57.1,7001.66,4.93,444,31.2,617,43.4
201920,Academic year,Local authority district,E92000001,England,E12000008,South East,Worthing,E07000229,Revised,27,1068,54343.5,50.9,1039,97.3,552,51.7,779,72.9,457,42.8,4810.81,4.5,229,21.4,346,32.4
201920,Academic year,Local authority district,E92000001,England,E12000005,West Midlands,Bromsgrove,E07000234,Revised,59,1017,53386.75,52.5,1003,98.6,560,55.1,781,76.8,618,60.8,4879.93,4.8,296,29.1,438,43.1
201920,Academic year,Local authority district,E92000001,England,E12000005,West Midlands,Malvern Hills,E07000235,Revised,27,677,35252,52.1,664,98.1,335,49.5,507,74.9,256,37.8,3098.17,4.58,150,22.2,216,31.9
201920,Academic year,Local authority district,E92000001,England,E12000005,West Midlands,Redditch,E07000236,Revised,28,966,46252.75,47.9,952,98.6,447,46.3,673,69.7,326,33.7,3937.58,4.08,130,13.5,215,22.3
201920,Academic year,Local authority district,E92000001,England,E12000005,West Midlands,Worcester,E07000237,Revised,24,949,48794.15,51.4,926,97.6,486,51.2,672,70.8,368,38.8,4289.45,4.52,184,19.4,263,27.7
201920,Academic year,Local authority district,E92000001,England,E12000005,West Midlands,Wychavon,E07000238,Revised,51,1178,58971.13,50.1,1147,97.4,570,48.4,850,72.2,419,35.6,5120.37,4.35,203,17.2,291,24.7
201920,Academic year,Local authority district,E92000001,England,E12000005,West Midlands,Wyre Forest,E07000239,Revised,31,922,43380.25,47.1,888,96.3,426,46.2,603,65.4,486,52.7,3885.7,4.21,180,19.5,294,31.9
201920,Academic year,Local authority district,E92000001,England,E12000006,East of England,St Albans,E07000240,Revised,43,1696,103770,61.2,1669,98.4,1250,73.7,1500,88.4,967,57,9455.17,5.57,709,41.8,865,51
201920,Academic year,Local authority district,E92000001,England,E12000006,East of England,Welwyn Hatfield,E07000241,Revised,61,1081,56631.5,52.4,1059,98,587,54.3,825,76.3,481,44.5,5003.39,4.63,287,26.5,401,37.1
201920,Academic year,Local authority district,E92000001,England,E12000006,East of England,East Hertfordshire,E07000242,Revised,52,1541,85967.25,55.8,1513,98.2,942,61.1,1267,82.2,861,55.9,7876.09,5.11,564,36.6,733,47.6
201920,Academic year,Local authority district,E92000001,England,E12000006,East of England,Stevenage,E07000243,Revised,34,981,47495.5,48.4,956,97.5,448,45.7,666,67.9,288,29.4,3967.17,4.04,144,14.7,215,21.9
201920,Academic year,Local authority district,E92000001,England,E12000006,East of England,East Suffolk,E07000244,Revised,42,2340,111905.25,47.8,2260,96.6,1080,46.2,1609,68.8,652,27.9,9493.11,4.06,311,13.3,481,20.6
201920,Academic year,Local authority district,E92000001,England,E12000006,East of England,West Suffolk,E07000245,Revised,39,1582,77256.25,48.8,1545,97.7,727,46,1109,70.1,768,48.5,6933.91,4.38,331,20.9,479,30.3
201920,Academic year,Local authority district,E92000001,England,E12000009,South West,Somerset West and Taunton,E07000246,Revised,25,1354,65080.5,48.1,1335,98.6,602,44.5,939,69.4,321,23.7,5531.48,4.09,169,12.5,256,18.9
201920,Academic year,Local authority district,E92000001,England,E12000002,North West,Bolton,E08000001,Revised,62,3443,165890.75,48.2,3362,97.6,1604,46.6,2366,68.7,1175,34.1,14394.54,4.18,636,18.5,916,26.6
201920,Academic year,Local authority district,E92000001,England,E12000002,North West,Bury,E08000002,Revised,50,2100,103267.75,49.2,2055,97.9,990,47.1,1511,72,997,47.5,9175.51,4.37,410,19.5,667,31.8
201920,Academic year,Local authority district,E92000001,England,E12000002,North West,Manchester,E08000003,Revised,112,5777,272561.14,47.2,5556,96.2,2479,42.9,3706,64.2,2382,41.2,24004.98,4.16,1111,19.2,1657,28.7
201920,Academic year,Local authority district,E92000001,England,E12000002,North West,Oldham,E08000004,Revised,49,3032,135495.75,44.7,2936,96.8,1164,38.4,1879,62,840,27.7,11221.55,3.7,368,12.1,574,18.9
201920,Academic year,Local authority district,E92000001,England,E12000002,North West,Rochdale,E08000005,Revised,67,2706,126952.75,46.9,2620,96.8,1173,43.3,1788,66.1,854,31.6,10881.79,4.02,367,13.6,574,21.2
201920,Academic year,Local authority district,E92000001,England,E12000002,North West,Salford,E08000006,Revised,85,2380,104481.25,43.9,2277,95.7,926,38.9,1417,59.5,964,40.5,9055.39,3.8,375,15.8,597,25.1
201920,Academic year,Local authority district,E92000001,England,E12000002,North West,Stockport,E08000007,Revised,69,2886,150495.63,52.1,2803,97.1,1599,55.4,2143,74.3,1218,42.2,13204.06,4.58,697,24.2,951,33
201920,Academic year,Local authority district,E92000001,England,E12000002,North West,Tameside,E08000008,Revised,59,2557,123791.88,48.4,2488,97.3,1228,48,1784,69.8,754,29.5,10483.4,4.1,401,15.7,590,23.1
201920,Academic year,Local authority district,E92000001,England,E12000002,North West,Trafford,E08000009,Revised,51,2672,154014.16,57.6,2622,98.1,1763,66,2192,82,1246,46.6,13752.43,5.15,884,33.1,1063,39.8
201920,Academic year,Local authority district,E92000001,England,E12000002,North West,Wigan,E08000010,Revised,69,3457,169219.25,48.9,3396,98.2,1630,47.2,2429,70.3,941,27.2,14253.78,4.12,533,15.4,728,21.1
201920,Academic year,Local authority district,E92000001,England,E12000002,North West,Knowsley,E08000011,Revised,70,1666,72687.5,43.6,1595,95.7,617,37,1023,61.4,467,28,6074.29,3.65,208,12.5,317,19
201920,Academic year,Local authority district,E92000001,England,E12000002,North West,Liverpool,E08000012,Revised,80,4492,209617.38,46.7,4294,95.6,1883,41.9,2897,64.5,1424,31.7,17675.95,3.93,777,17.3,1108,24.7
201920,Academic year,Local authority district,E92000001,England,E12000002,North West,St. Helens,E08000013,Revised,59,1944,92462.5,47.6,1868,96.1,875,45,1307,67.2,754,38.8,7837.01,4.03,343,17.6,538,27.7
201920,Academic year,Local authority district,E92000001,England,E12000002,North West,Sefton,E08000014,Revised,64,2726,132753,48.7,2623,96.2,1260,46.2,1886,69.2,996,36.5,11405.33,4.18,526,19.3,772,28.3
201920,Academic year,Local authority district,E92000001,England,E12000002,North West,Wirral,E08000015,Revised,41,3496,177009,50.6,3410,97.5,1709,48.9,2476,70.8,1700,48.6,15425.42,4.41,865,24.7,1266,36.2
201920,Academic year,Local authority district,E92000001,England,E12000003,Yorkshire and The Humber,Barnsley,E08000016,Revised,60,2535,118466.75,46.7,2401,94.7,1236,48.8,1709,67.4,869,34.3,10147.57,4,409,16.1,584,23
201920,Academic year,Local authority district,E92000001,England,E12000003,Yorkshire and The Humber,Doncaster,E08000017,Revised,64,3143,146779.25,46.7,3061,97.4,1432,45.6,2114,67.3,814,25.9,12261.24,3.9,376,12,574,18.3
201920,Academic year,Local authority district,E92000001,England,E12000003,Yorkshire and The Humber,Rotherham,E08000018,Revised,51,2913,140142.38,48.1,2836,97.4,1314,45.1,1994,68.5,742,25.5,11718.27,4.02,417,14.3,591,20.3
201920,Academic year,Local authority district,E92000001,England,E12000003,Yorkshire and The Humber,Sheffield,E08000019,Revised,54,5651,270719.25,47.9,5446,96.4,2644,46.8,3742,66.2,2209,39.1,23425.28,4.15,1120,19.8,1587,28.1
201920,Academic year,Local authority district,E92000001,England,E12000001,North East,Newcastle upon Tyne,E08000021,Revised,46,2549,121637.75,47.7,2468,96.8,1177,46.2,1714,67.2,1116,43.8,10589.35,4.15,557,21.9,817,32.1
201920,Academic year,Local authority district,E92000001,England,E12000001,North East,North Tyneside,E08000022,Revised,42,2035,100067.75,49.2,1964,96.5,977,48,1439,70.7,698,34.3,8668.96,4.26,358,17.6,522,25.7
201920,Academic year,Local authority district,E92000001,England,E12000001,North East,South Tyneside,E08000023,Revised,31,1543,71955.75,46.6,1463,94.8,661,42.8,1018,66,388,25.1,6059,3.93,221,14.3,322,20.9
201920,Academic year,Local authority district,E92000001,England,E12000001,North East,Sunderland,E08000024,Revised,56,2850,136845,48,2645,92.8,1289,45.2,1832,64.3,1048,36.8,11820.15,4.15,544,19.1,796,27.9
201920,Academic year,Local authority district,E92000001,England,E12000005,West Midlands,Birmingham,E08000025,Revised,169,14467,697296.06,48.2,13909,96.1,6583,45.5,9582,66.2,6162,42.6,61114.36,4.22,2850,19.7,4181,28.9
201920,Academic year,Local authority district,E92000001,England,E12000005,West Midlands,Coventry,E08000026,Revised,55,3799,180533.75,47.5,3698,97.3,1736,45.7,2562,67.4,1585,41.7,15810.79,4.16,693,18.2,1021,26.9
201920,Academic year,Local authority district,E92000001,England,E12000005,West Midlands,Dudley,E08000027,Revised,91,3411,163592.5,48,3332,97.7,1538,45.1,2285,67,1191,34.9,14064.69,4.12,539,15.8,832,24.4
201920,Academic year,Local authority district,E92000001,England,E12000005,West Midlands,Sandwell,E08000028,Revised,119,3983,190059.13,47.7,3894,97.8,1640,41.2,2527,63.4,1290,32.4,16046.46,4.03,594,14.9,907,22.8
201920,Academic year,Local authority district,E92000001,England,E12000005,West Midlands,Solihull,E08000029,Revised,85,2289,120957.39,52.8,2222,97.1,1296,56.6,1752,76.5,1019,44.5,10608.34,4.63,597,26.1,807,35.3
201920,Academic year,Local authority district,E92000001,England,E12000005,West Midlands,Walsall,E08000030,Revised,118,3340,157063.5,47,3249,97.3,1363,40.8,2148,64.3,870,26,12988.09,3.89,430,12.9,631,18.9
201920,Academic year,Local authority district,E92000001,England,E12000005,West Midlands,Wolverhampton,E08000031,Revised,79,3027,146567.92,48.4,2933,96.9,1301,43,1991,65.8,1004,33.2,12257.91,4.05,448,14.8,695,23
201920,Academic year,Local authority district,E92000001,England,E12000003,Yorkshire and The Humber,Bradford,E08000032,Revised,87,7112,330125.25,46.4,6902,97,3080,43.3,4580,64.4,2999,42.2,28562.77,4.02,1248,17.5,1906,26.8
201920,Academic year,Local authority district,E92000001,England,E12000003,Yorkshire and The Humber,Calderdale,E08000033,Revised,53,2410,123829,51.4,2361,98,1249,51.8,1767,73.3,626,26,10438.8,4.33,426,17.7,542,22.5
201920,Academic year,Local authority district,E92000001,England,E12000003,Yorkshire and The Humber,Kirklees,E08000034,Revised,74,5183,253493.25,48.9,5061,97.6,2520,48.6,3629,70,2000,38.6,22165.44,4.28,979,18.9,1435,27.7
201920,Academic year,Local authority district,E92000001,England,E12000003,Yorkshire and The Humber,Leeds,E08000035,Revised,103,7985,384292.63,48.1,7819,97.9,3790,47.5,5456,68.3,2922,36.6,33386.33,4.18,1549,19.4,2199,27.5
201920,Academic year,Local authority district,E92000001,England,E12000003,Yorkshire and The Humber,Wakefield,E08000036,Revised,60,3607,174598,48.4,3514,97.4,1774,49.2,2488,69,1169,32.4,14959.32,4.15,610,16.9,847,23.5
201920,Academic year,Local authority district,E92000001,England,E12000001,North East,Gateshead,E08000037,Revised,39,1795,88818.75,49.5,1736,96.7,838,46.7,1242,69.2,755,42.1,7746.38,4.32,447,24.9,609,33.9
201920,Academic year,Local authority district,E92000001,England,E12000007,Inner London,City of London,E09000001,Revised,17,20,1139,57,20,100,12,60,17,85,10,50,100.16,5.01,5,25,6,30
201920,Academic year,Local authority district,E92000001,England,E12000007,Outer London,Barking and Dagenham,E09000002,Revised,134,2908,145611.75,50.1,2825,97.1,1397,48,2074,71.3,1366,47,12859.37,4.42,660,22.7,959,33
201920,Academic year,Local authority district,E92000001,England,E12000007,Outer London,Barnet,E09000003,Revised,124,3598,211382.27,58.7,3504,97.4,2398,66.6,2954,82.1,2143,59.6,19428.72,5.4,1429,39.7,1772,49.2
201920,Academic year,Local authority district,E92000001,England,E12000007,Outer London,Bexley,E09000004,Revised,88,2777,145146.5,52.3,2728,98.2,1500,54,2060,74.2,1271,45.8,12849.73,4.63,737,26.5,984,35.4
201920,Academic year,Local authority district,E92000001,England,E12000007,Outer London,Brent,E09000005,Revised,161,3522,186250.75,52.9,3430,97.4,1946,55.3,2630,74.7,2264,64.3,17269.87,4.9,1139,32.3,1628,46.2
201920,Academic year,Local authority district,E92000001,England,E12000007,Outer London,Bromley,E09000006,Revised,129,3384,186922,55.2,3279,96.9,1978,58.5,2645,78.2,1901,56.2,16955.27,5.01,1186,35,1582,46.7
201920,Academic year,Local authority district,E92000001,England,E12000007,Inner London,Camden,E09000007,Revised,107,1395,73484.26,52.7,1336,95.8,773,55.4,1033,74.1,782,56.1,6678.67,4.79,422,30.3,578,41.4
201920,Academic year,Local authority district,E92000001,England,E12000007,Outer London,Croydon,E09000008,Revised,165,4214,214726.01,51,4092,97.1,2184,51.8,3007,71.4,1995,47.3,19043.28,4.52,1020,24.2,1385,32.9
201920,Academic year,Local authority district,E92000001,England,E12000007,Outer London,Ealing,E09000009,Revised,142,3614,197781.63,54.7,3531,97.7,2190,60.6,2837,78.5,2107,58.3,18133.36,5.02,1245,34.4,1670,46.2
201920,Academic year,Local authority district,E92000001,England,E12000007,Outer London,Enfield,E09000010,Revised,135,4206,210661.69,50.1,4070,96.8,2098,49.9,2903,69,2552,60.7,19233.95,4.57,1117,26.6,1606,38.2
201920,Academic year,Local authority district,E92000001,England,E12000007,Outer London,Greenwich,E09000011,Revised,112,2753,141394.5,51.4,2689,97.7,1455,52.9,1987,72.2,1441,52.3,12607.84,4.58,729,26.5,1031,37.5
201920,Academic year,Local authority district,E92000001,England,E12000007,Inner London,Hackney,E09000012,Revised,115,2398,125346.65,52.3,2303,96,1271,53,1776,74.1,1448,60.4,11408.51,4.76,739,30.8,1048,43.7
201920,Academic year,Local authority district,E92000001,England,E12000007,Inner London,Hammersmith and Fulham,E09000013,Revised,79,1111,60095,54.1,1065,95.9,630,56.7,838,75.4,639,57.5,5440.68,4.9,340,30.6,479,43.1
201920,Academic year,Local authority district,E92000001,England,E12000007,Inner London,Haringey,E09000014,Revised,136,2559,133427.03,52.1,2470,96.5,1353,52.9,1876,73.3,1252,48.9,11993.97,4.69,638,24.9,877,34.3
201920,Academic year,Local authority district,E92000001,England,E12000007,Outer London,Harrow,E09000015,Revised,117,2624,147582.13,56.2,2560,97.6,1614,61.5,2057,78.4,1733,66,13683.11,5.21,984,37.5,1312,50
201920,Academic year,Local authority district,E92000001,England,E12000007,Outer London,Havering,E09000016,Revised,116,2843,148284.5,52.2,2740,96.4,1555,54.7,2190,77,1524,53.6,13288.45,4.67,782,27.5,1127,39.6
201920,Academic year,Local authority district,E92000001,England,E12000007,Outer London,Hillingdon,E09000017,Revised,127,3252,174474.77,53.7,3170,97.5,1892,58.2,2486,76.4,1519,46.7,15507.1,4.77,888,27.3,1197,36.8
201920,Academic year,Local authority district,E92000001,England,E12000007,Outer London,Hounslow,E09000018,Revised,122,2926,156068.51,53.3,2829,96.7,1628,55.6,2193,74.9,1622,55.4,14196.33,4.85,907,31,1244,42.5
201920,Academic year,Local authority district,E92000001,England,E12000007,Inner London,Islington,E09000019,Revised,87,1482,76310.13,51.5,1417,95.6,773,52.2,1062,71.7,771,52,6903.38,4.66,398,26.9,546,36.8
201920,Academic year,Local authority district,E92000001,England,E12000007,Inner London,Kensington and Chelsea,E09000020,Revised,58,629,35978.5,57.2,616,97.9,396,63,497,79,344,54.7,3227.39,5.13,204,32.4,275,43.7
201920,Academic year,Local authority district,E92000001,England,E12000007,Outer London,Kingston upon Thames,E09000021,Revised,72,1594,90764.88,56.9,1550,97.2,993,62.3,1280,80.3,965,60.5,8295.92,5.2,585,36.7,756,47.4
201920,Academic year,Local authority district,E92000001,England,E12000007,Inner London,Lambeth,E09000022,Revised,148,2515,128877.75,51.2,2441,97.1,1280,50.9,1809,71.9,1392,55.3,11647.02,4.63,666,26.5,980,39
201920,Academic year,Local authority district,E92000001,England,E12000007,Inner London,Lewisham,E09000023,Revised,146,2817,143316.38,50.9,2726,96.8,1416,50.3,1970,69.9,1314,46.6,12752.1,4.53,672,23.9,956,33.9
201920,Academic year,Local authority district,E92000001,England,E12000007,Outer London,Merton,E09000024,Revised,115,1887,104684.5,55.5,1845,97.8,1106,58.6,1479,78.4,1024,54.3,9477.06,5.02,611,32.4,843,44.7
201920,Academic year,Local authority district,E92000001,England,E12000007,Inner London,Newham,E09000025,Revised,158,4025,212689.01,52.8,3927,97.6,2147,53.3,2933,72.9,2533,62.9,19127.07,4.75,1115,27.7,1626,40.4
201920,Academic year,Local authority district,E92000001,England,E12000007,Outer London,Redbridge,E09000026,Revised,141,3647,204216.5,56,3554,97.4,2261,62,2874,78.8,1769,48.5,18360.32,5.03,1113,30.5,1450,39.8
201920,Academic year,Local authority district,E92000001,England,E12000007,Outer London,Richmond upon Thames,E09000027,Revised,65,1434,86020.53,60,1404,97.9,986,68.8,1212,84.5,834,58.2,7884.67,5.5,615,42.9,747,52.1
201920,Academic year,Local authority district,E92000001,England,E12000007,Inner London,Southwark,E09000028,Revised,131,2533,132760.75,52.4,2470,97.5,1317,52,1856,73.3,1604,63.3,12092.69,4.77,738,29.1,1106,43.7
201920,Academic year,Local authority district,E92000001,England,E12000007,Outer London,Sutton,E09000029,Revised,96,2286,129782.14,56.8,2232,97.6,1364,59.7,1832,80.1,1132,49.5,11665.86,5.1,723,31.6,934,40.9
201920,Academic year,Local authority district,E92000001,England,E12000007,Inner London,Tower Hamlets,E09000030,Revised,87,2851,150376.38,52.7,2757,96.7,1539,54,2188,76.7,1658,58.2,13478.48,4.73,762,26.7,1132,39.7
201920,Academic year,Local authority district,E92000001,England,E12000007,Outer London,Waltham Forest,E09000031,Revised,132,2943,151577.76,51.5,2847,96.7,1530,52,2139,72.7,1502,51,13506.62,4.59,713,24.2,1025,34.8
201920,Academic year,Local authority district,E92000001,England,E12000007,Inner London,Wandsworth,E09000032,Revised,99,1837,99105.25,53.9,1787,97.3,1054,57.4,1406,76.5,1092,59.4,9061.18,4.93,600,32.7,829,45.1
201920,Academic year,Local authority district,E92000001,England,E12000007,Inner London,Westminster,E09000033,Revised,77,1123,62160.5,55.4,1088,96.9,688,61.3,887,79,696,62,5694.2,5.07,382,34,541,48.2
