﻿time_period,time_identifier,geographic_level,country_code,country_name,region_code,region_name,lad_name,lad_code,version,t_schools,t_pupils,t_att8,avg_att8,t_entbasics,pt_entbasics,t_l2basics_95,pt_l2basics_95,t_l2basics_94,pt_l2basics_94,t_ebacc_e_ptq_ee,pt_ebacc_e_ptq_ee,t_ebaccaps,avg_ebaccaps,t_ebacc_95,pt_ebacc_95,t_ebacc_94,pt_ebacc_94
201920,Academic year,National,E92000001,England,,,,,Revised,3987,561994,28195360.06,50.2,546183,97.2,280417,49.9,400345,71.2,223514,39.8,2463875.43,4.38,119466,21.3,167708,29.8
201920,Academic year,Regional,E92000001,England,E12000004,East Midlands,,,Revised,343,48542,2384790.01,49.1,47310,97.5,23388,48.2,33945,69.9,17724,36.5,207827.63,4.28,9499,19.6,13497,27.8
201920,Academic year,Regional,E92000001,England,E12000006,East of England,,,Revised,441,63682,3205199.18,50.3,62044,97.4,31878,50.1,45711,71.8,25161,39.5,280705.4,4.41,13645,21.4,19031,29.9
201920,Academic year,Regional,E92000001,England,E12000007,Inner London,,,Revised,218,28104,1471302.34,52.4,27140,96.6,15012,53.4,20716,73.7,16011,57,132933.82,4.73,7837,27.9,11279,40.1
201920,Academic year,Regional,E92000001,England,E12000001,North East,,,Revised,196,26395,1277470,48.4,25357,96.1,12478,47.3,18094,68.6,8566,32.5,108913.6,4.13,4646,17.6,6634,25.1
201920,Academic year,Regional,E92000001,England,E12000002,North West,,,Revised,562,77572,3797372.27,49,75347,97.1,36770,47.4,53790,69.3,27637,35.6,327427.57,4.22,14490,18.7,20746,26.7
201920,Academic year,Regional,E92000001,England,E12000007,Outer London,,,Revised,364,54789,2931322.94,53.5,53318,97.3,30858,56.3,41419,75.6,29501,53.8,264601.94,4.83,16372,29.9,22251,40.6
201920,Academic year,Regional,E92000001,England,E12000008,South East,,,Revised,624,88973,4574118.7,51.4,86585,97.3,46668,52.5,65277,73.4,36520,41,402477.72,4.52,20843,23.4,28317,31.8
201920,Academic year,Regional,E92000001,England,E12000009,South West,,,Revised,397,52331,2637970.7,50.4,50928,97.3,26111,49.9,37819,72.3,17458,33.4,227880.29,4.35,9656,18.5,13402,25.6
201920,Academic year,Regional,E92000001,England,E12000005,West Midlands,,,Revised,466,64062,3138174.53,49,62249,97.2,29946,46.7,43976,68.6,24082,37.6,271105.28,4.23,11865,18.5,17324,27
201920,Academic year,Regional,E92000001,England,E12000003,Yorkshire and The Humber,,,Revised,376,57544,2777639.39,48.3,55905,97.2,27308,47.5,39598,68.8,20854,36.2,240002.18,4.17,10613,18.4,15227,26.5
201920,Academic year,Local authority district,E92000001,England,E12000001,North East,Hartlepool,E06000001,Revised,6,1041,48740.75,46.8,1010,97,470,45.1,688,66.1,317,30.5,4107.17,3.95,138,13.3,203,19.5
201920,Academic year,Local authority district,E92000001,England,E12000001,North East,Middlesbrough,E06000002,Revised,10,1532,69622.75,45.4,1462,95.4,643,42,993,64.8,299,19.5,5635.11,3.68,196,12.8,256,16.7
201920,Academic year,Local authority district,E92000001,England,E12000001,North East,Redcar and Cleveland,E06000003,Revised,13,1600,76747.5,48,1555,97.2,800,50,1120,70,465,29.1,6561.65,4.1,314,19.6,404,25.3
201920,Academic year,Local authority district,E92000001,England,E12000001,North East,Stockton-on-Tees,E06000004,Revised,15,2032,98844,48.6,1949,95.9,1056,52,1455,71.6,674,33.2,8511.33,4.19,332,16.3,480,23.6
201920,Academic year,Local authority district,E92000001,England,E12000001,North East,Darlington,E06000005,Revised,9,1170,58761,50.2,1136,97.1,599,51.2,846,72.3,380,32.5,5025.97,4.3,191,16.3,286,24.4
201920,Academic year,Local authority district,E92000001,England,E12000002,North West,Halton,E06000006,Revised,11,1448,68982.5,47.6,1413,97.6,605,41.8,928,64.1,507,35,5843.12,4.04,268,18.5,398,27.5
201920,Academic year,Local authority district,E92000001,England,E12000002,North West,Warrington,E06000007,Revised,16,2418,124912.75,51.7,2376,98.3,1314,54.3,1840,76.1,820,33.9,10763.2,4.45,468,19.4,651,26.9
201920,Academic year,Local authority district,E92000001,England,E12000002,North West,Blackburn with Darwen,E06000008,Revised,15,1968,97778.43,49.7,1915,97.3,986,50.1,1413,71.8,858,43.6,8598,4.37,447,22.7,628,31.9
201920,Academic year,Local authority district,E92000001,England,E12000002,North West,Blackpool,E06000009,Revised,10,1271,51989.75,40.9,1212,95.4,413,32.5,688,54.1,203,16,4304.14,3.39,93,7.3,132,10.4
201920,Academic year,Local authority district,E92000001,England,E12000003,Yorkshire and The Humber,"Kingston upon Hull, City of",E06000010,Revised,19,2681,123050.25,45.9,2575,96,1071,39.9,1725,64.3,1148,42.8,10640.72,3.97,468,17.5,736,27.5
201920,Academic year,Local authority district,E92000001,England,E12000003,Yorkshire and The Humber,East Riding of Yorkshire,E06000011,Revised,21,3227,161168.75,49.9,3147,97.5,1631,50.5,2363,73.2,1054,32.7,13984.84,4.33,574,17.8,810,25.1
201920,Academic year,Local authority district,E92000001,England,E12000003,Yorkshire and The Humber,North East Lincolnshire,E06000012,Revised,13,1742,75321,43.2,1649,94.7,671,38.5,1106,63.5,524,30.1,6506.5,3.74,245,14.1,388,22.3
201920,Academic year,Local authority district,E92000001,England,E12000003,Yorkshire and The Humber,North Lincolnshire,E06000013,Revised,16,1925,91591.25,47.6,1895,98.4,937,48.7,1372,71.3,588,30.5,7809.88,4.06,347,18,483,25.1
201920,Academic year,Local authority district,E92000001,England,E12000003,Yorkshire and The Humber,York,E06000014,Revised,10,1755,94762.25,54,1727,98.4,989,56.4,1358,77.4,806,45.9,8402.71,4.79,436,24.8,614,35
201920,Academic year,Local authority district,E92000001,England,E12000004,East Midlands,Derby,E06000015,Revised,20,2979,137787,46.3,2874,96.5,1276,42.8,1882,63.2,1103,37,12052.25,4.05,515,17.3,777,26.1
201920,Academic year,Local authority district,E92000001,England,E12000004,East Midlands,Leicester,E06000016,Revised,23,3867,180152.13,46.6,3720,96.2,1650,42.7,2411,62.3,1316,34,15585.83,4.03,645,16.7,903,23.4
201920,Academic year,Local authority district,E92000001,England,E12000004,East Midlands,Rutland,E06000017,Revised,3,497,27475.25,55.3,492,99,322,64.8,415,83.5,202,40.6,2428.29,4.89,123,24.7,174,35
201920,Academic year,Local authority district,E92000001,England,E12000004,East Midlands,Nottingham,E06000018,Revised,20,2582,115990,44.9,2481,96.1,1009,39.1,1583,61.3,675,26.1,9803.68,3.8,308,11.9,460,17.8
201920,Academic year,Local authority district,E92000001,England,E12000005,West Midlands,"Herefordshire, County of",E06000019,Revised,18,1773,89195.5,50.3,1737,98,899,50.7,1299,73.3,752,42.4,7906.28,4.46,401,22.6,590,33.3
201920,Academic year,Local authority district,E92000001,England,E12000005,West Midlands,Telford and Wrekin,E06000020,Revised,16,2051,102411.5,49.9,2004,97.7,942,45.9,1408,68.6,765,37.3,8944.53,4.36,415,20.2,589,28.7
201920,Academic year,Local authority district,E92000001,England,E12000005,West Midlands,Stoke-on-Trent,E06000021,Revised,17,2564,119149,46.5,2492,97.2,1080,42.1,1646,64.2,631,24.6,9812.98,3.83,328,12.8,468,18.3
201920,Academic year,Local authority district,E92000001,England,E12000009,South West,Bath and North East Somerset,E06000022,Revised,18,2166,115359.13,53.3,2116,97.7,1174,54.2,1653,76.3,1000,46.2,10191.88,4.71,588,27.1,827,38.2
201920,Academic year,Local authority district,E92000001,England,E12000009,South West,"Bristol, City of",E06000023,Revised,29,3468,169302.25,48.8,3345,96.5,1605,46.3,2344,67.6,1142,32.9,14616.37,4.21,487,14,718,20.7
201920,Academic year,Local authority district,E92000001,England,E12000009,South West,North Somerset,E06000024,Revised,14,2200,110346,50.2,2149,97.7,1098,49.9,1618,73.5,932,42.4,9669.04,4.4,445,20.2,681,31
201920,Academic year,Local authority district,E92000001,England,E12000009,South West,South Gloucestershire,E06000025,Revised,21,2553,126672.25,49.6,2487,97.4,1252,49,1854,72.6,869,34,10863.81,4.26,456,17.9,655,25.7
201920,Academic year,Local authority district,E92000001,England,E12000009,South West,Plymouth,E06000026,Revised,25,2623,127092,48.5,2528,96.4,1236,47.1,1809,69,885,33.7,10896.72,4.15,488,18.6,706,26.9
201920,Academic year,Local authority district,E92000001,England,E12000009,South West,Torbay,E06000027,Revised,12,1617,82455,51,1524,94.2,891,55.1,1129,69.8,435,26.9,7052.23,4.36,351,21.7,396,24.5
201920,Academic year,Local authority district,E92000001,England,E12000009,South West,Swindon,E06000030,Revised,15,2178,106304.81,48.8,2111,96.9,1058,48.6,1529,70.2,557,25.6,9069.38,4.16,336,15.4,456,20.9
201920,Academic year,Local authority district,E92000001,England,E12000006,East of England,Peterborough,E06000031,Revised,18,2549,117912.75,46.3,2457,96.4,1029,40.4,1616,63.4,752,29.5,10080.4,3.95,389,15.3,539,21.1
201920,Academic year,Local authority district,E92000001,England,E12000006,East of England,Luton,E06000032,Revised,13,2754,128509.15,46.7,2674,97.1,1194,43.4,1786,64.9,831,30.2,11194.73,4.06,365,13.3,538,19.5
201920,Academic year,Local authority district,E92000001,England,E12000006,East of England,Southend-on-Sea,E06000033,Revised,17,2239,122116.25,54.5,2115,94.5,1343,60,1691,75.5,1072,47.9,10889.54,4.86,719,32.1,888,39.7
201920,Academic year,Local authority district,E92000001,England,E12000006,East of England,Thurrock,E06000034,Revised,12,1864,90681.25,48.6,1832,98.3,900,48.3,1311,70.3,722,38.7,7817.65,4.19,332,17.8,538,28.9
201920,Academic year,Local authority district,E92000001,England,E12000008,South East,Medway,E06000035,Revised,22,3091,153926.52,49.8,3019,97.7,1514,49,2178,70.5,1200,38.8,13454.95,4.35,687,22.2,959,31
201920,Academic year,Local authority district,E92000001,England,E12000008,South East,Bracknell Forest,E06000036,Revised,7,1219,61585.75,50.5,1199,98.4,595,48.8,883,72.4,319,26.2,5212.04,4.28,181,14.8,248,20.3
201920,Academic year,Local authority district,E92000001,England,E12000008,South East,West Berkshire,E06000037,Revised,13,1856,96241,51.9,1813,97.7,986,53.1,1391,74.9,960,51.7,8520.57,4.59,461,24.8,703,37.9
201920,Academic year,Local authority district,E92000001,England,E12000008,South East,Reading,E06000038,Revised,13,1360,73381.77,54,1337,98.3,739,54.3,985,72.4,534,39.3,6537.1,4.81,393,28.9,471,34.6
201920,Academic year,Local authority district,E92000001,England,E12000008,South East,Slough,E06000039,Revised,14,1931,109410,56.7,1916,99.2,1186,61.4,1513,78.4,916,47.4,9681.62,5.01,522,27,715,37
201920,Academic year,Local authority district,E92000001,England,E12000008,South East,Windsor and Maidenhead,E06000040,Revised,12,1585,83763.75,52.8,1549,97.7,861,54.3,1238,78.1,723,45.6,7470.41,4.71,397,25,569,35.9
201920,Academic year,Local authority district,E92000001,England,E12000008,South East,Wokingham,E06000041,Revised,11,1675,93626,55.9,1641,98,1012,60.4,1367,81.6,881,52.6,8438.53,5.04,552,33,724,43.2
201920,Academic year,Local authority district,E92000001,England,E12000008,South East,Milton Keynes,E06000042,Revised,17,3128,147438.25,47.1,3031,96.9,1328,42.5,2083,66.6,1331,42.6,12757.38,4.08,515,16.5,806,25.8
201920,Academic year,Local authority district,E92000001,England,E12000008,South East,Brighton and Hove,E06000043,Revised,13,2275,118006.75,51.9,2220,97.6,1206,53,1712,75.3,1123,49.4,10470.91,4.6,593,26.1,834,36.7
201920,Academic year,Local authority district,E92000001,England,E12000008,South East,Portsmouth,E06000044,Revised,14,1839,84054.25,45.7,1781,96.8,797,43.3,1199,65.2,706,38.4,7260.11,3.95,267,14.5,446,24.3
201920,Academic year,Local authority district,E92000001,England,E12000008,South East,Southampton,E06000045,Revised,15,2147,99866.25,46.5,2076,96.7,876,40.8,1357,63.2,662,30.8,8583.42,4,329,15.3,486,22.6
201920,Academic year,Local authority district,E92000001,England,E12000008,South East,Isle of Wight,E06000046,Revised,8,1187,55273.25,46.6,1156,97.4,489,41.2,812,68.4,427,36,4651.01,3.92,136,11.5,212,17.9
201920,Academic year,Local authority district,E92000001,England,E12000001,North East,County Durham,E06000047,Revised,41,5017,244725.25,48.8,4837,96.4,2379,47.4,3440,68.6,1584,31.6,20579.54,4.1,893,17.8,1290,25.7
201920,Academic year,Local authority district,E92000001,England,E12000002,North West,Cheshire East,E06000049,Revised,28,3803,195687.5,51.5,3744,98.4,2024,53.2,2841,74.7,1283,33.7,16777.74,4.41,703,18.5,969,25.5
201920,Academic year,Local authority district,E92000001,England,E12000002,North West,Cheshire West and Chester,E06000050,Revised,28,3551,179507.5,50.6,3446,97,1789,50.4,2584,72.8,1587,44.7,15928.67,4.49,852,24,1259,35.5
201920,Academic year,Local authority district,E92000001,England,E12000005,West Midlands,Shropshire,E06000051,Revised,22,2910,144047.5,49.5,2861,98.3,1383,47.5,2086,71.7,1120,38.5,12639.26,4.34,574,19.7,867,29.8
201920,Academic year,Local authority district,E92000001,England,E12000009,South West,Cornwall,E06000052,Revised,35,5233,255377.75,48.8,5106,97.6,2349,44.9,3650,69.7,1311,25.1,21493.34,4.11,668,12.8,971,18.6
201920,Academic year,Local authority district,E92000001,England,E12000009,South West,Isles of Scilly,E06000053,Revised,1,18,c,c,c,c,c,c,c,c,c,c,c,c,c,c,c,c
201920,Academic year,Local authority district,E92000001,England,E12000009,South West,Wiltshire,E06000054,Revised,38,4940,252057.38,51,4830,97.8,2498,50.6,3608,73,1514,30.6,21859.97,4.43,941,19,1223,24.8
201920,Academic year,Local authority district,E92000001,England,E12000006,East of England,Bedford,E06000055,Revised,15,1943,94552.38,48.7,1907,98.1,843,43.4,1319,67.9,663,34.1,8200.52,4.22,308,15.9,457,23.5
201920,Academic year,Local authority district,E92000001,England,E12000006,East of England,Central Bedfordshire,E06000056,Revised,17,2732,131847.25,48.3,2668,97.7,1304,47.7,1922,70.4,859,31.4,11359.24,4.16,375,13.7,583,21.3
201920,Academic year,Local authority district,E92000001,England,E12000001,North East,Northumberland,E06000057,Revised,24,3138,155734,49.6,3045,97,1533,48.9,2238,71.3,801,25.5,13192.17,4.2,431,13.7,616,19.6
201920,Academic year,Local authority district,E92000001,England,E12000009,South West,"Bournemouth, Christchurch and Poole",E06000058,Revised,27,3572,192862,54,3498,97.9,2116,59.2,2795,78.2,1426,39.9,16897,4.73,885,24.8,1129,31.6
201920,Academic year,Local authority district,E92000001,England,E12000009,South West,Dorset,E06000059,Revised,24,3559,176943.13,49.7,3438,96.6,1731,48.6,2531,71.1,1512,42.5,15460.04,4.34,686,19.3,1037,29.1
201920,Academic year,Local authority district,E92000001,England,E12000008,South East,Aylesbury Vale,E07000004,Revised,17,2148,118350.75,55.1,2073,96.5,1306,60.8,1643,76.5,906,42.2,10434.62,4.86,622,29,755,35.1
201920,Academic year,Local authority district,E92000001,England,E12000008,South East,Chiltern,E07000005,Revised,11,1465,87271,59.6,1407,96,994,67.8,1204,82.2,732,50,7874.18,5.37,594,40.5,673,45.9
201920,Academic year,Local authority district,E92000001,England,E12000008,South East,South Bucks,E07000006,Revised,5,571,35371.25,61.9,543,95.1,426,74.6,484,84.8,395,69.2,3303.67,5.79,271,47.5,327,57.3
201920,Academic year,Local authority district,E92000001,England,E12000008,South East,Wycombe,E07000007,Revised,12,1824,105691,57.9,1807,99.1,1155,63.3,1460,80,819,44.9,9517.69,5.22,655,35.9,737,40.4
201920,Academic year,Local authority district,E92000001,England,E12000006,East of England,Cambridge,E07000008,Revised,9,920,50990.25,55.4,894,97.2,548,59.6,717,77.9,530,57.6,4707.88,5.12,346,37.6,434,47.2
201920,Academic year,Local authority district,E92000001,England,E12000006,East of England,East Cambridgeshire,E07000009,Revised,6,904,45185,50,872,96.5,436,48.2,643,71.1,394,43.6,4032.13,4.46,207,22.9,305,33.7
201920,Academic year,Local authority district,E92000001,England,E12000006,East of England,Fenland,E07000010,Revised,5,834,36952,44.3,817,98,287,34.4,513,61.5,118,14.1,3006.24,3.6,40,4.8,66,7.9
201920,Academic year,Local authority district,E92000001,England,E12000006,East of England,Huntingdonshire,E07000011,Revised,10,1476,70452.51,47.7,1418,96.1,666,45.1,1021,69.2,377,25.5,6055.7,4.1,226,15.3,290,19.6
201920,Academic year,Local authority district,E92000001,England,E12000006,East of England,South Cambridgeshire,E07000012,Revised,11,1692,95283.25,56.3,1654,97.8,1047,61.9,1349,79.7,869,51.4,8664.52,5.12,600,35.5,750,44.3
201920,Academic year,Local authority district,E92000001,England,E12000002,North West,Allerdale,E07000026,Revised,9,1095,56844.25,51.9,1083,98.9,559,51.1,827,75.5,304,27.8,4879.91,4.46,207,18.9,261,23.8
201920,Academic year,Local authority district,E92000001,England,E12000002,North West,Barrow-in-Furness,E07000027,Revised,6,664,31711.75,47.8,645,97.1,291,43.8,445,67,113,17,2668.47,4.02,61,9.2,94,14.2
201920,Academic year,Local authority district,E92000001,England,E12000002,North West,Carlisle,E07000028,Revised,7,1064,49580,46.6,1039,97.7,450,42.3,692,65,347,32.6,4277.84,4.02,159,14.9,248,23.3
201920,Academic year,Local authority district,E92000001,England,E12000002,North West,Copeland,E07000029,Revised,5,577,28361.25,49.2,561,97.2,266,46.1,393,68.1,244,42.3,2452.35,4.25,108,18.7,158,27.4
201920,Academic year,Local authority district,E92000001,England,E12000002,North West,Eden,E07000030,Revised,5,543,28131.75,51.8,535,98.5,301,55.4,404,74.4,156,28.7,2440.07,4.49,91,16.8,129,23.8
201920,Academic year,Local authority district,E92000001,England,E12000002,North West,South Lakeland,E07000031,Revised,12,1166,60820.63,52.2,1147,98.4,609,52.2,889,76.2,343,29.4,5186.79,4.45,214,18.4,285,24.4
201920,Academic year,Local authority district,E92000001,England,E12000004,East Midlands,Amber Valley,E07000032,Revised,11,1265,64405.75,50.9,1232,97.4,662,52.3,923,73,579,45.8,5751.71,4.55,349,27.6,473,37.4
201920,Academic year,Local authority district,E92000001,England,E12000004,East Midlands,Bolsover,E07000033,Revised,6,719,33441.75,46.5,699,97.2,322,44.8,476,66.2,272,37.8,2909.65,4.05,117,16.3,172,23.9
201920,Academic year,Local authority district,E92000001,England,E12000004,East Midlands,Chesterfield,E07000034,Revised,9,1184,59686.75,50.4,1156,97.6,635,53.6,870,73.5,376,31.8,5220.7,4.41,247,20.9,322,27.2
201920,Academic year,Local authority district,E92000001,England,E12000004,East Midlands,Derbyshire Dales,E07000035,Revised,4,746,40898,54.8,739,99.1,430,57.6,583,78.2,257,34.5,3551.7,4.76,174,23.3,222,29.8
201920,Academic year,Local authority district,E92000001,England,E12000004,East Midlands,Erewash,E07000036,Revised,9,1058,48376,45.7,1032,97.5,464,43.9,711,67.2,350,33.1,4189.45,3.96,145,13.7,224,21.2
201920,Academic year,Local authority district,E92000001,England,E12000004,East Midlands,High Peak,E07000037,Revised,8,884,44387.25,50.2,865,97.9,415,46.9,639,72.3,172,19.5,3716.58,4.2,107,12.1,143,16.2
201920,Academic year,Local authority district,E92000001,England,E12000004,East Midlands,North East Derbyshire,E07000038,Revised,3,721,36543.75,50.7,713,98.9,353,49,530,73.5,288,39.9,3273.35,4.54,183,25.4,253,35.1
201920,Academic year,Local authority district,E92000001,England,E12000004,East Midlands,South Derbyshire,E07000039,Revised,4,705,35573.25,50.5,695,98.6,375,53.2,526,74.6,190,27,3084.2,4.37,144,20.4,172,24.4
201920,Academic year,Local authority district,E92000001,England,E12000009,South West,East Devon,E07000040,Revised,9,1248,67038.25,53.7,1225,98.2,713,57.1,963,77.2,354,28.4,5849.56,4.69,283,22.7,320,25.6
201920,Academic year,Local authority district,E92000001,England,E12000009,South West,Exeter,E07000041,Revised,9,996,49817,50,954,95.8,489,49.1,723,72.6,413,41.5,4368.08,4.39,219,22,299,30
201920,Academic year,Local authority district,E92000001,England,E12000009,South West,Mid Devon,E07000042,Revised,5,752,37483.25,49.8,735,97.7,375,49.9,559,74.3,199,26.5,3218.73,4.28,111,14.8,141,18.8
201920,Academic year,Local authority district,E92000001,England,E12000009,South West,North Devon,E07000043,Revised,8,1055,50269,47.6,1018,96.5,464,44,729,69.1,381,36.1,4384.95,4.16,166,15.7,264,25
201920,Academic year,Local authority district,E92000001,England,E12000009,South West,South Hams,E07000044,Revised,5,814,43740.75,53.7,804,98.8,445,54.7,645,79.2,329,40.4,3805.06,4.67,159,19.5,244,30
201920,Academic year,Local authority district,E92000001,England,E12000009,South West,Teignbridge,E07000045,Revised,9,1085,52658.75,48.5,1071,98.7,477,44,786,72.4,391,36,4534.18,4.18,164,15.1,278,25.6
201920,Academic year,Local authority district,E92000001,England,E12000009,South West,Torridge,E07000046,Revised,5,508,22948.5,45.2,499,98.2,189,37.2,323,63.6,241,47.4,2050.37,4.04,75,14.8,130,25.6
201920,Academic year,Local authority district,E92000001,England,E12000009,South West,West Devon,E07000047,Revised,2,437,22442.25,51.4,436,99.8,209,47.8,319,73,149,34.1,1913.69,4.38,72,16.5,109,24.9
201920,Academic year,Local authority district,E92000001,England,E12000008,South East,Eastbourne,E07000061,Revised,8,984,46510.25,47.3,940,95.5,429,43.6,667,67.8,257,26.1,3951.66,4.02,136,13.8,199,20.2
201920,Academic year,Local authority district,E92000001,England,E12000008,South East,Hastings,E07000062,Revised,5,747,29483,39.5,709,94.9,238,31.9,407,54.5,178,23.8,2503.63,3.35,82,11,119,15.9
201920,Academic year,Local authority district,E92000001,England,E12000008,South East,Lewes,E07000063,Revised,8,998,50421.5,50.5,985,98.7,521,52.2,727,72.8,497,49.8,4536.58,4.55,270,27.1,375,37.6
201920,Academic year,Local authority district,E92000001,England,E12000008,South East,Rother,E07000064,Revised,6,887,45504.5,51.3,871,98.2,447,50.4,650,73.3,336,37.9,4005.25,4.52,209,23.6,283,31.9
201920,Academic year,Local authority district,E92000001,England,E12000008,South East,Wealden,E07000065,Revised,8,1206,61911.38,51.3,1190,98.7,649,53.8,913,75.7,409,33.9,5364.41,4.45,250,20.7,327,27.1
201920,Academic year,Local authority district,E92000001,England,E12000006,East of England,Basildon,E07000066,Revised,10,1737,78255.5,45.1,1684,96.9,687,39.6,1083,62.3,890,51.2,6900.93,3.97,314,18.1,540,31.1
201920,Academic year,Local authority district,E92000001,England,E12000006,East of England,Braintree,E07000067,Revised,10,1345,63358.75,47.1,1315,97.8,574,42.7,906,67.4,433,32.2,5395.01,4.01,182,13.5,288,21.4
201920,Academic year,Local authority district,E92000001,England,E12000006,East of England,Brentwood,E07000068,Revised,8,1172,63463.25,54.1,1144,97.6,725,61.9,960,81.9,489,41.7,5551.15,4.74,301,25.7,384,32.8
201920,Academic year,Local authority district,E92000001,England,E12000006,East of England,Castle Point,E07000069,Revised,7,1090,50248.75,46.1,1057,97,456,41.8,725,66.5,450,41.3,4325.1,3.97,179,16.4,303,27.8
201920,Academic year,Local authority district,E92000001,England,E12000006,East of England,Chelmsford,E07000070,Revised,13,2033,112926.88,55.5,1982,97.5,1166,57.4,1576,77.5,886,43.6,10042.36,4.94,630,31,782,38.5
201920,Academic year,Local authority district,E92000001,England,E12000006,East of England,Colchester,E07000071,Revised,13,2011,106497.5,53,1966,97.8,1074,53.4,1470,73.1,965,48,9574.61,4.76,565,28.1,778,38.7
201920,Academic year,Local authority district,E92000001,England,E12000006,East of England,Epping Forest,E07000072,Revised,8,1109,57052.25,51.4,1099,99.1,596,53.7,836,75.4,492,44.4,5037.84,4.54,237,21.4,354,31.9
201920,Academic year,Local authority district,E92000001,England,E12000006,East of England,Harlow,E07000073,Revised,7,986,45339.5,46,958,97.2,406,41.2,689,69.9,345,35,3894.22,3.95,165,16.7,245,24.8
201920,Academic year,Local authority district,E92000001,England,E12000006,East of England,Maldon,E07000074,Revised,2,433,20447.75,47.2,429,99.1,169,39,257,59.4,134,30.9,1727.96,3.99,82,18.9,108,24.9
201920,Academic year,Local authority district,E92000001,England,E12000006,East of England,Rochford,E07000075,Revised,4,1004,49154,49,998,99.4,468,46.6,733,73,357,35.6,4261.82,4.24,191,19,300,29.9
201920,Academic year,Local authority district,E92000001,England,E12000006,East of England,Tendring,E07000076,Revised,8,1511,66311.5,43.9,1449,95.9,516,34.1,881,58.3,218,14.4,5236.27,3.47,122,8.1,175,11.6
201920,Academic year,Local authority district,E92000001,England,E12000006,East of England,Uttlesford,E07000077,Revised,4,757,40887,54,756,99.9,416,55,583,77,386,51,3641.87,4.81,236,31.2,314,41.5
201920,Academic year,Local authority district,E92000001,England,E12000009,South West,Cheltenham,E07000078,Revised,7,886,48570.25,54.8,850,95.9,527,59.5,676,76.3,360,40.6,4299.88,4.85,266,30,319,36
201920,Academic year,Local authority district,E92000001,England,E12000009,South West,Cotswold,E07000079,Revised,7,968,51894,53.6,960,99.2,547,56.5,759,78.4,397,41,4612.18,4.76,250,25.8,339,35
201920,Academic year,Local authority district,E92000001,England,E12000009,South West,Forest of Dean,E07000080,Revised,7,775,38067.25,49.1,753,97.2,381,49.2,554,71.5,214,27.6,3232.11,4.17,117,15.1,178,23
201920,Academic year,Local authority district,E92000001,England,E12000009,South West,Gloucester,E07000081,Revised,10,1453,79047,54.4,1420,97.7,856,58.9,1091,75.1,516,35.5,6982.12,4.81,382,26.3,459,31.6
201920,Academic year,Local authority district,E92000001,England,E12000009,South West,Stroud,E07000082,Revised,10,1172,63954.25,54.6,1147,97.9,670,57.2,895,76.4,388,33.1,5565.2,4.75,297,25.3,359,30.6
201920,Academic year,Local authority district,E92000001,England,E12000009,South West,Tewkesbury,E07000083,Revised,7,1105,54814.5,49.6,1072,97,511,46.2,805,72.9,183,16.6,4524.1,4.09,106,9.6,160,14.5
201920,Academic year,Local authority district,E92000001,England,E12000008,South East,Basingstoke and Deane,E07000084,Revised,13,1525,73295.75,48.1,1476,96.8,706,46.3,1080,70.8,486,31.9,6428.95,4.22,271,17.8,380,24.9
201920,Academic year,Local authority district,E92000001,England,E12000008,South East,East Hampshire,E07000085,Revised,7,1368,73363.25,53.6,1350,98.7,756,55.3,1107,80.9,592,43.3,6439.9,4.71,351,25.7,488,35.7
201920,Academic year,Local authority district,E92000001,England,E12000008,South East,Eastleigh,E07000086,Revised,7,1463,76646.5,52.4,1453,99.3,783,53.5,1106,75.6,715,48.9,6970.51,4.76,403,27.5,566,38.7
201920,Academic year,Local authority district,E92000001,England,E12000008,South East,Fareham,E07000087,Revised,9,1235,62069.5,50.3,1193,96.6,654,53,907,73.4,388,31.4,5419.63,4.39,196,15.9,289,23.4
201920,Academic year,Local authority district,E92000001,England,E12000008,South East,Gosport,E07000088,Revised,3,685,30148.5,44,682,99.6,237,34.6,420,61.3,166,24.2,2517.44,3.68,55,8,90,13.1
201920,Academic year,Local authority district,E92000001,England,E12000008,South East,Hart,E07000089,Revised,5,1056,59014,55.9,1050,99.4,649,61.5,884,83.7,204,19.3,4977.02,4.71,158,15,186,17.6
201920,Academic year,Local authority district,E92000001,England,E12000008,South East,Havant,E07000090,Revised,11,1108,49786,44.9,1083,97.7,420,37.9,693,62.5,352,31.8,4230.72,3.82,118,10.6,200,18.1
201920,Academic year,Local authority district,E92000001,England,E12000008,South East,New Forest,E07000091,Revised,11,1595,81651,51.2,1557,97.6,834,52.3,1175,73.7,467,29.3,7139.69,4.48,310,19.4,404,25.3
201920,Academic year,Local authority district,E92000001,England,E12000008,South East,Rushmoor,E07000092,Revised,6,657,30098.5,45.8,629,95.7,275,41.9,411,62.6,253,38.5,2656.64,4.04,121,18.4,174,26.5
201920,Academic year,Local authority district,E92000001,England,E12000008,South East,Test Valley,E07000093,Revised,9,1066,54023.25,50.7,1031,96.7,530,49.7,775,72.7,351,32.9,4744.58,4.45,218,20.5,299,28
201920,Academic year,Local authority district,E92000001,England,E12000008,South East,Winchester,E07000094,Revised,6,1236,69909.25,56.6,1217,98.5,798,64.6,1028,83.2,574,46.4,6297.62,5.1,389,31.5,500,40.5
201920,Academic year,Local authority district,E92000001,England,E12000006,East of England,Broxbourne,E07000095,Revised,8,1122,56630.25,50.5,1112,99.1,565,50.4,811,72.3,580,51.7,4956.42,4.42,238,21.2,381,34
201920,Academic year,Local authority district,E92000001,England,E12000006,East of England,Dacorum,E07000096,Revised,11,1493,74540.25,49.9,1473,98.7,737,49.4,1098,73.5,492,33,6426.5,4.3,259,17.3,371,24.8
201920,Academic year,Local authority district,E92000001,England,E12000006,East of England,Hertsmere,E07000098,Revised,9,1406,76911.63,54.7,1387,98.6,845,60.1,1111,79,553,39.3,6678.93,4.75,334,23.8,426,30.3
201920,Academic year,Local authority district,E92000001,England,E12000006,East of England,North Hertfordshire,E07000099,Revised,8,1102,57927.25,52.6,1089,98.8,599,54.4,825,74.9,438,39.7,5147.43,4.67,303,27.5,392,35.6
201920,Academic year,Local authority district,E92000001,England,E12000006,East of England,Three Rivers,E07000102,Revised,8,1148,67165.13,58.5,1112,96.9,796,69.3,988,86.1,627,54.6,6137.5,5.35,428,37.3,532,46.3
201920,Academic year,Local authority district,E92000001,England,E12000006,East of England,Watford,E07000103,Revised,5,749,43034,57.5,746,99.6,458,61.1,588,78.5,513,68.5,4005.97,5.35,289,38.6,363,48.5
201920,Academic year,Local authority district,E92000001,England,E12000008,South East,Ashford,E07000105,Revised,9,1354,66526.75,49.1,1326,97.9,678,50.1,919,67.9,709,52.4,5988.92,4.42,383,28.3,515,38
201920,Academic year,Local authority district,E92000001,England,E12000008,South East,Canterbury,E07000106,Revised,11,1460,73138.13,50.1,1397,95.7,726,49.7,1040,71.2,540,37,6301.74,4.32,303,20.8,415,28.4
201920,Academic year,Local authority district,E92000001,England,E12000008,South East,Dartford,E07000107,Revised,11,1564,87380.5,55.9,1546,98.8,953,60.9,1218,77.9,807,51.6,7780.08,4.97,556,35.5,695,44.4
201920,Academic year,Local authority district,E92000001,England,E12000008,South East,Dover,E07000108,Revised,11,1219,58302.5,47.8,1186,97.3,568,46.6,815,66.9,464,38.1,5128.62,4.21,266,21.8,383,31.4
201920,Academic year,Local authority district,E92000001,England,E12000008,South East,Gravesham,E07000109,Revised,9,1271,64978.63,51.1,1253,98.6,693,54.5,955,75.1,532,41.9,5698.13,4.48,319,25.1,428,33.7
201920,Academic year,Local authority district,E92000001,England,E12000008,South East,Maidstone,E07000110,Revised,13,1952,106052.75,54.3,1907,97.7,1113,57,1508,77.3,1125,57.6,9600.08,4.92,675,34.6,895,45.9
201920,Academic year,Local authority district,E92000001,England,E12000008,South East,Sevenoaks,E07000111,Revised,6,503,23057,45.8,464,92.2,213,42.3,341,67.8,188,37.4,1995.12,3.97,80,15.9,144,28.6
201920,Academic year,Local authority district,E92000001,England,E12000008,South East,Folkestone and Hythe,E07000112,Revised,6,1019,48100,47.2,980,96.2,436,42.8,655,64.3,432,42.4,4093.48,4.02,176,17.3,286,28.1
201920,Academic year,Local authority district,E92000001,England,E12000008,South East,Swale,E07000113,Revised,9,1521,72606.38,47.7,1486,97.7,680,44.7,1016,66.8,455,29.9,6134.51,4.03,251,16.5,391,25.7
201920,Academic year,Local authority district,E92000001,England,E12000008,South East,Thanet,E07000114,Revised,14,1482,61892.5,41.8,1342,90.6,550,37.1,860,58,322,21.7,5091.79,3.44,156,10.5,260,17.5
201920,Academic year,Local authority district,E92000001,England,E12000008,South East,Tonbridge and Malling,E07000115,Revised,13,1512,84038.25,55.6,1490,98.5,875,57.9,1139,75.3,580,38.4,7363.17,4.87,458,30.3,525,34.7
201920,Academic year,Local authority district,E92000001,England,E12000008,South East,Tunbridge Wells,E07000116,Revised,11,1542,88846,57.6,1491,96.7,1042,67.6,1269,82.3,986,63.9,8180.54,5.31,644,41.8,793,51.4
201920,Academic year,Local authority district,E92000001,England,E12000002,North West,Burnley,E07000117,Revised,7,973,42296,43.5,929,95.5,386,39.7,604,62.1,408,41.9,3711.12,3.81,138,14.2,231,23.7
201920,Academic year,Local authority district,E92000001,England,E12000002,North West,Chorley,E07000118,Revised,9,1425,75101,52.7,1399,98.2,813,57.1,1104,77.5,469,32.9,6473.36,4.54,310,21.8,401,28.1
201920,Academic year,Local authority district,E92000001,England,E12000002,North West,Fylde,E07000119,Revised,4,653,33546.5,51.4,640,98,317,48.5,487,74.6,159,24.3,2803.67,4.29,82,12.6,124,19
201920,Academic year,Local authority district,E92000001,England,E12000002,North West,Hyndburn,E07000120,Revised,7,907,41844.25,46.1,874,96.4,356,39.3,561,61.9,108,11.9,3364.47,3.71,49,5.4,75,8.3
201920,Academic year,Local authority district,E92000001,England,E12000002,North West,Lancaster,E07000121,Revised,12,1238,63099.5,51,1195,96.5,624,50.4,873,70.5,412,33.3,5436.61,4.39,254,20.5,323,26.1
201920,Academic year,Local authority district,E92000001,England,E12000002,North West,Pendle,E07000122,Revised,7,941,40858.75,43.4,921,97.9,335,35.6,561,59.6,175,18.6,3372.21,3.58,77,8.2,115,12.2
201920,Academic year,Local authority district,E92000001,England,E12000002,North West,Preston,E07000123,Revised,12,1290,65954.25,51.1,1246,96.6,680,52.7,953,73.9,545,42.2,5859.09,4.54,333,25.8,440,34.1
201920,Academic year,Local authority district,E92000001,England,E12000002,North West,Ribble Valley,E07000124,Revised,7,877,48031,54.8,872,99.4,511,58.3,688,78.4,317,36.1,4191.13,4.78,194,22.1,265,30.2
201920,Academic year,Local authority district,E92000001,England,E12000002,North West,Rossendale,E07000125,Revised,7,826,44224,53.5,807,97.7,495,59.9,647,78.3,312,37.8,3847.18,4.66,185,22.4,250,30.3
201920,Academic year,Local authority district,E92000001,England,E12000002,North West,South Ribble,E07000126,Revised,13,1508,75678.25,50.2,1486,98.5,757,50.2,1119,74.2,457,30.3,6516.89,4.32,253,16.8,366,24.3
201920,Academic year,Local authority district,E92000001,England,E12000002,North West,West Lancashire,E07000127,Revised,10,1067,51464.5,48.2,1051,98.5,486,45.5,732,68.6,432,40.5,4478.65,4.2,197,18.5,294,27.6
201920,Academic year,Local authority district,E92000001,England,E12000002,North West,Wyre,E07000128,Revised,10,1225,59967.25,49,1194,97.5,571,46.6,885,72.2,331,27,5094.5,4.16,170,13.9,269,22
201920,Academic year,Local authority district,E92000001,England,E12000004,East Midlands,Blaby,E07000129,Revised,4,633,28802.75,45.5,602,95.1,266,42,404,63.8,186,29.4,2462.61,3.89,82,13,133,21
201920,Academic year,Local authority district,E92000001,England,E12000004,East Midlands,Charnwood,E07000130,Revised,13,1748,85801.5,49.1,1722,98.5,860,49.2,1240,70.9,804,46,7584.4,4.34,345,19.7,532,30.4
201920,Academic year,Local authority district,E92000001,England,E12000004,East Midlands,Harborough,E07000131,Revised,6,1005,53337.25,53.1,998,99.3,582,57.9,794,79,286,28.5,4553.74,4.53,207,20.6,259,25.8
201920,Academic year,Local authority district,E92000001,England,E12000004,East Midlands,Hinckley and Bosworth,E07000132,Revised,10,1597,82154.25,51.4,1571,98.4,838,52.5,1227,76.8,622,38.9,7160.97,4.48,313,19.6,440,27.6
201920,Academic year,Local authority district,E92000001,England,E12000004,East Midlands,Melton,E07000133,Revised,4,473,24077,50.9,460,97.3,232,49,355,75.1,153,32.3,2081.12,4.4,88,18.6,122,25.8
201920,Academic year,Local authority district,E92000001,England,E12000004,East Midlands,North West Leicestershire,E07000134,Revised,5,996,46100.25,46.3,968,97.2,442,44.4,664,66.7,261,26.2,3979.02,4,122,12.2,180,18.1
201920,Academic year,Local authority district,E92000001,England,E12000004,East Midlands,Oadby and Wigston,E07000135,Revised,6,992,51210.75,51.6,974,98.2,550,55.4,732,73.8,521,52.5,4648.15,4.69,287,28.9,414,41.7
201920,Academic year,Local authority district,E92000001,England,E12000004,East Midlands,Boston,E07000136,Revised,6,675,31827,47.2,662,98.1,298,44.1,443,65.6,189,28,2718.4,4.03,115,17,159,23.6
201920,Academic year,Local authority district,E92000001,England,E12000004,East Midlands,East Lindsey,E07000137,Revised,16,1267,61480.25,48.5,1215,95.9,608,48,882,69.6,452,35.7,5378.44,4.25,278,21.9,392,30.9
201920,Academic year,Local authority district,E92000001,England,E12000004,East Midlands,Lincoln,E07000138,Revised,10,1002,46368.5,46.3,958,95.6,400,39.9,656,65.5,393,39.2,4021.44,4.01,204,20.4,292,29.1
201920,Academic year,Local authority district,E92000001,England,E12000004,East Midlands,North Kesteven,E07000139,Revised,7,1272,64120.5,50.4,1268,99.7,639,50.2,950,74.7,576,45.3,5687.04,4.47,312,24.5,487,38.3
201920,Academic year,Local authority district,E92000001,England,E12000004,East Midlands,South Holland,E07000140,Revised,8,913,44828,49.1,880,96.4,404,44.2,638,69.9,405,44.4,3932.61,4.31,201,22,308,33.7
201920,Academic year,Local authority district,E92000001,England,E12000004,East Midlands,South Kesteven,E07000141,Revised,14,1679,90306.75,53.8,1639,97.6,952,56.7,1267,75.5,692,41.2,7993.71,4.76,452,26.9,585,34.8
201920,Academic year,Local authority district,E92000001,England,E12000004,East Midlands,West Lindsey,E07000142,Revised,8,902,48796.38,54.1,881,97.7,506,56.1,689,76.4,431,47.8,4343.59,4.82,264,29.3,367,40.7
201920,Academic year,Local authority district,E92000001,England,E12000006,East of England,Breckland,E07000143,Revised,10,1150,53494,46.5,1115,97,505,43.9,745,64.8,412,35.8,4726.2,4.11,201,17.5,298,25.9
201920,Academic year,Local authority district,E92000001,England,E12000006,East of England,Broadland,E07000144,Revised,8,1408,72643.75,51.6,1395,99.1,730,51.8,1044,74.1,552,39.2,6417.09,4.56,303,21.5,442,31.4
201920,Academic year,Local authority district,E92000001,England,E12000006,East of England,Great Yarmouth,E07000145,Revised,7,973,46830,48.1,958,98.5,427,43.9,642,66,337,34.6,3919.45,4.03,135,13.9,209,21.5
201920,Academic year,Local authority district,E92000001,England,E12000006,East of England,King's Lynn and West Norfolk,E07000146,Revised,9,1274,59621,46.8,1247,97.9,554,43.5,863,67.7,411,32.3,5155.72,4.05,182,14.3,273,21.4
201920,Academic year,Local authority district,E92000001,England,E12000006,East of England,North Norfolk,E07000147,Revised,9,791,36603.75,46.3,754,95.3,346,43.7,518,65.5,337,42.6,3236.07,4.09,134,16.9,226,28.6
201920,Academic year,Local authority district,E92000001,England,E12000006,East of England,Norwich,E07000148,Revised,12,1070,51844.75,48.5,1022,95.5,528,49.3,737,68.9,386,36.1,4464.52,4.17,203,19,273,25.5
201920,Academic year,Local authority district,E92000001,England,E12000006,East of England,South Norfolk,E07000149,Revised,9,1308,71114,54.4,1301,99.5,745,57,1037,79.3,815,62.3,6435.79,4.92,401,30.7,581,44.4
201920,Academic year,Local authority district,E92000001,England,E12000004,East Midlands,Corby,E07000150,Revised,7,808,35900,44.4,781,96.7,320,39.6,483,59.8,256,31.7,3106.46,3.84,127,15.7,200,24.8
201920,Academic year,Local authority district,E92000001,England,E12000004,East Midlands,Daventry,E07000151,Revised,5,699,33470.75,47.9,688,98.4,311,44.5,493,70.5,277,39.6,2929.32,4.19,136,19.5,198,28.3
201920,Academic year,Local authority district,E92000001,England,E12000004,East Midlands,East Northamptonshire,E07000152,Revised,5,786,37759.25,48,778,99,339,43.1,534,67.9,238,30.3,3201.64,4.07,103,13.1,166,21.1
201920,Academic year,Local authority district,E92000001,England,E12000004,East Midlands,Kettering,E07000153,Revised,8,1204,59924.5,49.8,1158,96.2,598,49.7,854,70.9,630,52.3,5440.47,4.52,325,27,484,40.2
201920,Academic year,Local authority district,E92000001,England,E12000004,East Midlands,Northampton,E07000154,Revised,12,2081,100636,48.4,2016,96.9,986,47.4,1384,66.5,697,33.5,8651.26,4.16,362,17.4,519,24.9
201920,Academic year,Local authority district,E92000001,England,E12000004,East Midlands,South Northamptonshire,E07000155,Revised,8,1336,68252.75,51.1,1330,99.6,683,51.1,1009,75.5,475,35.6,5844.03,4.37,252,18.9,374,28
201920,Academic year,Local authority district,E92000001,England,E12000004,East Midlands,Wellingborough,E07000156,Revised,5,859,40720.25,47.4,822,95.7,392,45.6,605,70.4,203,23.6,3458.43,4.03,108,12.6,153,17.8
201920,Academic year,Local authority district,E92000001,England,E12000003,Yorkshire and The Humber,Craven,E07000163,Revised,7,729,39874.75,54.7,720,98.8,414,56.8,555,76.1,256,35.1,3505.81,4.81,206,28.3,248,34
201920,Academic year,Local authority district,E92000001,England,E12000003,Yorkshire and The Humber,Hambleton,E07000164,Revised,7,771,38015.5,49.3,742,96.2,375,48.6,536,69.5,364,47.2,3452.01,4.48,189,24.5,274,35.5
201920,Academic year,Local authority district,E92000001,England,E12000003,Yorkshire and The Humber,Harrogate,E07000165,Revised,13,1781,98202.38,55.1,1731,97.2,1086,61,1458,81.9,989,55.5,8922.75,5.01,622,34.9,844,47.4
201920,Academic year,Local authority district,E92000001,England,E12000003,Yorkshire and The Humber,Richmondshire,E07000166,Revised,4,488,25494,52.2,484,99.2,267,54.7,365,74.8,274,56.1,2306.65,4.73,150,30.7,214,43.9
201920,Academic year,Local authority district,E92000001,England,E12000003,Yorkshire and The Humber,Ryedale,E07000167,Revised,5,564,29450.25,52.2,551,97.7,298,52.8,444,78.7,213,37.8,2577.11,4.57,130,23,171,30.3
201920,Academic year,Local authority district,E92000001,England,E12000003,Yorkshire and The Humber,Scarborough,E07000168,Revised,11,951,44486,46.8,926,97.4,440,46.3,646,67.9,245,25.8,3768.71,3.96,164,17.2,217,22.8
201920,Academic year,Local authority district,E92000001,England,E12000003,Yorkshire and The Humber,Selby,E07000169,Revised,6,890,44637,50.2,878,98.7,442,49.7,649,72.9,332,37.3,3885.64,4.37,150,16.9,218,24.5
201920,Academic year,Local authority district,E92000001,England,E12000004,East Midlands,Ashfield,E07000170,Revised,9,1343,61320.75,45.7,1310,97.5,522,38.9,843,62.8,473,35.2,5231.9,3.9,209,15.6,329,24.5
201920,Academic year,Local authority district,E92000001,England,E12000004,East Midlands,Bassetlaw,E07000171,Revised,7,1140,56910.5,49.9,1115,97.8,605,53.1,863,75.7,383,33.6,4955.73,4.35,231,20.3,304,26.7
201920,Academic year,Local authority district,E92000001,England,E12000004,East Midlands,Broxtowe,E07000172,Revised,7,950,49225,51.8,932,98.1,490,51.6,714,75.2,308,32.4,4348.8,4.58,196,20.6,267,28.1
201920,Academic year,Local authority district,E92000001,England,E12000004,East Midlands,Gedling,E07000173,Revised,9,1283,65744,51.2,1260,98.2,660,51.4,923,71.9,499,38.9,5813.01,4.53,254,19.8,374,29.2
201920,Academic year,Local authority district,E92000001,England,E12000004,East Midlands,Mansfield,E07000174,Revised,9,1202,54617.75,45.4,1164,96.8,499,41.5,787,65.5,460,38.3,4659.72,3.88,191,15.9,286,23.8
201920,Academic year,Local authority district,E92000001,England,E12000004,East Midlands,Newark and Sherwood,E07000175,Revised,6,860,42949.25,49.9,845,98.3,392,45.6,618,71.9,282,32.8,3706.28,4.31,150,17.4,211,24.5
201920,Academic year,Local authority district,E92000001,England,E12000004,East Midlands,Rushcliffe,E07000176,Revised,9,1630,93431.25,57.3,1615,99.1,1101,67.5,1345,82.5,792,48.6,8367.95,5.13,528,32.4,667,40.9
201920,Academic year,Local authority district,E92000001,England,E12000008,South East,Cherwell,E07000177,Revised,12,1237,61204,49.5,1216,98.3,603,48.7,868,70.2,556,44.9,5455.9,4.41,262,21.2,424,34.3
201920,Academic year,Local authority district,E92000001,England,E12000008,South East,Oxford,E07000178,Revised,9,1069,52089.5,48.7,1004,93.9,497,46.5,718,67.2,454,42.5,4674.33,4.37,252,23.6,339,31.7
201920,Academic year,Local authority district,E92000001,England,E12000008,South East,South Oxfordshire,E07000179,Revised,13,1605,82237.75,51.2,1523,94.9,917,57.1,1231,76.7,581,36.2,7291.28,4.54,381,23.7,489,30.5
201920,Academic year,Local authority district,E92000001,England,E12000008,South East,Vale of White Horse,E07000180,Revised,9,1164,58630,50.4,1142,98.1,609,52.3,849,72.9,407,35,5070.88,4.36,241,20.7,313,26.9
201920,Academic year,Local authority district,E92000001,England,E12000008,South East,West Oxfordshire,E07000181,Revised,8,1241,63081.25,50.8,1200,96.7,659,53.1,901,72.6,297,23.9,5416.17,4.36,197,15.9,251,20.2
201920,Academic year,Local authority district,E92000001,England,E12000009,South West,Mendip,E07000187,Revised,9,941,47698.75,50.7,904,96.1,457,48.6,677,71.9,325,34.5,4083.83,4.34,167,17.7,259,27.5
201920,Academic year,Local authority district,E92000001,England,E12000009,South West,Sedgemoor,E07000188,Revised,8,1219,58078.25,47.6,1190,97.6,554,45.4,830,68.1,305,25,4935.55,4.05,129,10.6,193,15.8
201920,Academic year,Local authority district,E92000001,England,E12000009,South West,South Somerset,E07000189,Revised,12,1466,70604,48.2,1442,98.4,648,44.2,1040,70.9,408,27.8,5996.79,4.09,195,13.3,297,20.3
201920,Academic year,Local authority district,E92000001,England,E12000005,West Midlands,Cannock Chase,E07000192,Revised,7,845,38680.5,45.8,825,97.6,326,38.6,532,63,199,23.6,3129.85,3.7,86,10.2,131,15.5
201920,Academic year,Local authority district,E92000001,England,E12000005,West Midlands,East Staffordshire,E07000193,Revised,10,1695,82376.25,48.6,1650,97.3,823,48.6,1173,69.2,452,26.7,6911.92,4.08,237,14,354,20.9
201920,Academic year,Local authority district,E92000001,England,E12000005,West Midlands,Lichfield,E07000194,Revised,9,1157,60643.75,52.4,1110,95.9,638,55.1,861,74.4,297,25.7,5160.24,4.46,209,18.1,268,23.2
201920,Academic year,Local authority district,E92000001,England,E12000005,West Midlands,Newcastle-under-Lyme,E07000195,Revised,11,1196,57384.5,48,1160,97,535,44.7,822,68.7,392,32.8,4835.26,4.04,176,14.7,257,21.5
201920,Academic year,Local authority district,E92000001,England,E12000005,West Midlands,South Staffordshire,E07000196,Revised,8,1024,49957.5,48.8,1013,98.9,462,45.1,739,72.2,274,26.8,4215.81,4.12,143,14,208,20.3
201920,Academic year,Local authority district,E92000001,England,E12000005,West Midlands,Stafford,E07000197,Revised,9,1080,52730.5,48.8,1043,96.6,505,46.8,755,69.9,254,23.5,4501.5,4.17,161,14.9,215,19.9
201920,Academic year,Local authority district,E92000001,England,E12000005,West Midlands,Staffordshire Moorlands,E07000198,Revised,9,1269,65048.5,51.3,1246,98.2,622,49,948,74.7,715,56.3,5677.51,4.47,310,24.4,527,41.5
201920,Academic year,Local authority district,E92000001,England,E12000005,West Midlands,Tamworth,E07000199,Revised,5,622,26183.5,42.1,588,94.5,193,31,347,55.8,129,20.7,2117.87,3.4,42,6.8,87,14
201920,Academic year,Local authority district,E92000001,England,E12000006,East of England,Babergh,E07000200,Revised,7,857,42096.75,49.1,844,98.5,404,47.1,613,71.5,249,29.1,3617.3,4.22,143,16.7,200,23.3
201920,Academic year,Local authority district,E92000001,England,E12000006,East of England,Ipswich,E07000202,Revised,10,1495,69694,46.6,1406,94,669,44.7,1003,67.1,427,28.6,5996.21,4.01,207,13.8,283,18.9
201920,Academic year,Local authority district,E92000001,England,E12000006,East of England,Mid Suffolk,E07000203,Revised,7,1132,58422.5,51.6,1121,99,592,52.3,832,73.5,339,29.9,4992.29,4.41,207,18.3,289,25.5
201920,Academic year,Local authority district,E92000001,England,E12000008,South East,Elmbridge,E07000207,Revised,6,855,48389.25,56.6,843,98.6,559,65.4,716,83.7,418,48.9,4342.82,5.08,257,30.1,331,38.7
201920,Academic year,Local authority district,E92000001,England,E12000008,South East,Epsom and Ewell,E07000208,Revised,6,1097,66475.5,60.6,1082,98.6,771,70.3,929,84.7,681,62.1,6124.22,5.58,452,41.2,546,49.8
201920,Academic year,Local authority district,E92000001,England,E12000008,South East,Guildford,E07000209,Revised,9,1284,71894.75,56,1254,97.7,789,61.4,1043,81.2,694,54,6489.94,5.05,397,30.9,568,44.2
201920,Academic year,Local authority district,E92000001,England,E12000008,South East,Mole Valley,E07000210,Revised,6,729,39047.25,53.6,712,97.7,418,57.3,560,76.8,352,48.3,3516.16,4.82,196,26.9,252,34.6
201920,Academic year,Local authority district,E92000001,England,E12000008,South East,Reigate and Banstead,E07000211,Revised,8,1318,67043,50.9,1270,96.4,692,52.5,987,74.9,619,47,5953.17,4.52,304,23.1,444,33.7
201920,Academic year,Local authority district,E92000001,England,E12000008,South East,Runnymede,E07000212,Revised,5,872,46931,53.8,851,97.6,513,58.8,693,79.5,512,58.7,4187.67,4.8,216,24.8,294,33.7
201920,Academic year,Local authority district,E92000001,England,E12000008,South East,Spelthorne,E07000213,Revised,6,986,51908.5,52.6,980,99.4,535,54.3,762,77.3,277,28.1,4445.06,4.51,173,17.5,231,23.4
201920,Academic year,Local authority district,E92000001,England,E12000008,South East,Surrey Heath,E07000214,Revised,7,845,45064.25,53.3,805,95.3,501,59.3,657,77.8,336,39.8,3960.69,4.69,208,24.6,281,33.3
201920,Academic year,Local authority district,E92000001,England,E12000008,South East,Tandridge,E07000215,Revised,6,732,34938,47.7,705,96.3,317,43.3,504,68.9,214,29.2,2992.6,4.09,120,16.4,163,22.3
201920,Academic year,Local authority district,E92000001,England,E12000008,South East,Waverley,E07000216,Revised,11,1277,70840.25,55.5,1223,95.8,757,59.3,1018,79.7,448,35.1,6252.34,4.9,334,26.2,405,31.7
201920,Academic year,Local authority district,E92000001,England,E12000008,South East,Woking,E07000217,Revised,7,947,49998.5,52.8,907,95.8,546,57.7,728,76.9,453,47.8,4448.99,4.7,256,27,331,35
201920,Academic year,Local authority district,E92000001,England,E12000005,West Midlands,North Warwickshire,E07000218,Revised,7,931,43679.5,46.9,904,97.1,428,46,663,71.2,313,33.6,3740.63,4.02,159,17.1,239,25.7
201920,Academic year,Local authority district,E92000001,England,E12000005,West Midlands,Nuneaton and Bedworth,E07000219,Revised,10,1228,56687.5,46.2,1158,94.3,565,46,804,65.5,472,38.4,4903.39,3.99,176,14.3,291,23.7
201920,Academic year,Local authority district,E92000001,England,E12000005,West Midlands,Rugby,E07000220,Revised,8,1059,58819.5,55.5,1040,98.2,645,60.9,822,77.6,532,50.2,5310.06,5.01,365,34.5,456,43.1
201920,Academic year,Local authority district,E92000001,England,E12000005,West Midlands,Stratford-on-Avon,E07000221,Revised,12,1644,94067,57.2,1622,98.7,1049,63.8,1356,82.5,744,45.3,8382.79,5.1,507,30.8,616,37.5
201920,Academic year,Local authority district,E92000001,England,E12000005,West Midlands,Warwick,E07000222,Revised,7,1151,61828.75,53.7,1126,97.8,647,56.2,884,76.8,549,47.7,5496.92,4.78,334,29,454,39.4
201920,Academic year,Local authority district,E92000001,England,E12000008,South East,Adur,E07000223,Revised,2,449,22450,50,449,100,226,50.3,320,71.3,225,50.1,1978.13,4.41,96,21.4,142,31.6
201920,Academic year,Local authority district,E92000001,England,E12000008,South East,Arun,E07000224,Revised,7,1260,59063.25,46.9,1242,98.6,539,42.8,851,67.5,398,31.6,4988.49,3.96,165,13.1,276,21.9
201920,Academic year,Local authority district,E92000001,England,E12000008,South East,Chichester,E07000225,Revised,9,975,46153.63,47.3,933,95.7,448,45.9,672,68.9,253,25.9,3936.75,4.04,135,13.8,190,19.5
201920,Academic year,Local authority district,E92000001,England,E12000008,South East,Crawley,E07000226,Revised,8,1333,62620.75,47,1297,97.3,546,41,886,66.5,329,24.7,5352.59,4.02,168,12.6,246,18.5
201920,Academic year,Local authority district,E92000001,England,E12000008,South East,Horsham,E07000227,Revised,6,1459,79069.5,54.2,1444,99,825,56.5,1137,77.9,641,43.9,6981.21,4.78,328,22.5,484,33.2
201920,Academic year,Local authority district,E92000001,England,E12000008,South East,Mid Sussex,E07000228,Revised,8,1549,82902.51,53.5,1518,98,869,56.1,1191,76.9,882,56.9,7597.41,4.9,474,30.6,670,43.3
201920,Academic year,Local authority district,E92000001,England,E12000008,South East,Worthing,E07000229,Revised,7,1174,60073.25,51.2,1133,96.5,609,51.9,862,73.4,494,42.1,5312.3,4.52,252,21.5,373,31.8
201920,Academic year,Local authority district,E92000001,England,E12000005,West Midlands,Bromsgrove,E07000234,Revised,9,1276,63884.75,50.1,1227,96.2,645,50.5,927,72.6,746,58.5,5826.51,4.57,339,26.6,508,39.8
201920,Academic year,Local authority district,E92000001,England,E12000005,West Midlands,Malvern Hills,E07000235,Revised,5,709,36960,52.1,704,99.3,352,49.6,532,75,264,37.2,3244.98,4.58,153,21.6,224,31.6
201920,Academic year,Local authority district,E92000001,England,E12000005,West Midlands,Redditch,E07000236,Revised,7,841,38957,46.3,823,97.9,363,43.2,564,67.1,273,32.5,3300.54,3.92,101,12,169,20.1
201920,Academic year,Local authority district,E92000001,England,E12000005,West Midlands,Worcester,E07000237,Revised,7,1031,52742.28,51.2,996,96.6,520,50.4,736,71.4,392,38,4615.83,4.48,193,18.7,283,27.4
201920,Academic year,Local authority district,E92000001,England,E12000005,West Midlands,Wychavon,E07000238,Revised,5,956,46763.25,48.9,937,98,440,46,669,70,315,32.9,4041.17,4.23,142,14.9,213,22.3
201920,Academic year,Local authority district,E92000001,England,E12000005,West Midlands,Wyre Forest,E07000239,Revised,7,855,39985.75,46.8,828,96.8,387,45.3,554,64.8,462,54,3587.08,4.2,168,19.6,273,31.9
201920,Academic year,Local authority district,E92000001,England,E12000006,East of England,St Albans,E07000240,Revised,16,2060,122500,59.5,2006,97.4,1453,70.5,1787,86.7,1136,55.1,11116.39,5.4,785,38.1,1011,49.1
201920,Academic year,Local authority district,E92000001,England,E12000006,East of England,Welwyn Hatfield,E07000241,Revised,8,948,48430.25,51.1,931,98.2,502,53,710,74.9,417,44,4264.96,4.5,232,24.5,337,35.5
201920,Academic year,Local authority district,E92000001,England,E12000006,East of England,East Hertfordshire,E07000242,Revised,14,1986,110384.75,55.6,1934,97.4,1207,60.8,1636,82.4,1121,56.4,10133.66,5.1,731,36.8,955,48.1
201920,Academic year,Local authority district,E92000001,England,E12000006,East of England,Stevenage,E07000243,Revised,9,1186,58010.75,48.9,1135,95.7,559,47.1,817,68.9,347,29.3,4865.35,4.1,177,14.9,261,22
201920,Academic year,Local authority district,E92000001,England,E12000006,East of England,East Suffolk,E07000244,Revised,16,2272,108230.5,47.6,2204,97,1033,45.5,1552,68.3,636,28,9162.87,4.03,292,12.9,463,20.4
201920,Academic year,Local authority district,E92000001,England,E12000006,East of England,West Suffolk,E07000245,Revised,14,1657,80645.25,48.7,1607,97,774,46.7,1167,70.4,804,48.5,7251.09,4.38,350,21.1,506,30.5
201920,Academic year,Local authority district,E92000001,England,E12000009,South West,Somerset West and Taunton,E07000246,Revised,9,1324,63057.75,47.6,1298,98,579,43.7,910,68.7,315,23.8,5364.47,4.05,163,12.3,249,18.8
201920,Academic year,Local authority district,E92000001,England,E12000002,North West,Bolton,E08000001,Revised,22,3259,157556.5,48.3,3171,97.3,1525,46.8,2245,68.9,1132,34.7,13709.47,4.21,627,19.2,897,27.5
201920,Academic year,Local authority district,E92000001,England,E12000002,North West,Bury,E08000002,Revised,14,2174,104643,48.1,2131,98,974,44.8,1535,70.6,1085,49.9,9323.08,4.29,414,19,700,32.2
201920,Academic year,Local authority district,E92000001,England,E12000002,North West,Manchester,E08000003,Revised,34,5483,258572.25,47.2,5262,96,2355,43,3506,63.9,2334,42.6,22870.81,4.17,1070,19.5,1616,29.5
201920,Academic year,Local authority district,E92000001,England,E12000002,North West,Oldham,E08000004,Revised,15,3128,140184,44.8,3018,96.5,1214,38.8,1944,62.1,909,29.1,11628.91,3.72,413,13.2,640,20.5
201920,Academic year,Local authority district,E92000001,England,E12000002,North West,Rochdale,E08000005,Revised,14,2519,116427.25,46.2,2440,96.9,1059,42,1642,65.2,720,28.6,9913.56,3.94,290,11.5,470,18.7
201920,Academic year,Local authority district,E92000001,England,E12000002,North West,Salford,E08000006,Revised,18,2292,98588.5,43,2185,95.3,855,37.3,1332,58.1,894,39,8513.15,3.71,340,14.8,550,24
201920,Academic year,Local authority district,E92000001,England,E12000002,North West,Stockport,E08000007,Revised,16,2808,144066,51.3,2728,97.2,1515,54,2064,73.5,1186,42.2,12618.88,4.49,654,23.3,912,32.5
201920,Academic year,Local authority district,E92000001,England,E12000002,North West,Tameside,E08000008,Revised,17,2668,128109.88,48,2595,97.3,1257,47.1,1851,69.4,746,28,10804.15,4.05,383,14.4,568,21.3
201920,Academic year,Local authority district,E92000001,England,E12000002,North West,Trafford,E08000009,Revised,22,3029,179408.7,59.2,2975,98.2,2071,68.4,2522,83.3,1451,47.9,16072.11,5.31,1078,35.6,1265,41.8
201920,Academic year,Local authority district,E92000001,England,E12000002,North West,Wigan,E08000010,Revised,23,3482,171489,49.3,3424,98.3,1671,48,2472,71,927,26.6,14428.16,4.14,529,15.2,716,20.6
201920,Academic year,Local authority district,E92000001,England,E12000002,North West,Knowsley,E08000011,Revised,9,1051,40176.75,38.2,989,94.1,279,26.5,533,50.7,209,19.9,3271.16,3.11,60,5.7,106,10.1
201920,Academic year,Local authority district,E92000001,England,E12000002,North West,Liverpool,E08000012,Revised,40,4848,232468.38,48,4652,96,2138,44.1,3227,66.6,1603,33.1,19662.51,4.06,904,18.6,1266,26.1
201920,Academic year,Local authority district,E92000001,England,E12000002,North West,St. Helens,E08000013,Revised,12,1889,88827.5,47,1807,95.7,835,44.2,1252,66.3,738,39.1,7512.68,3.98,326,17.3,525,27.8
201920,Academic year,Local authority district,E92000001,England,E12000002,North West,Sefton,E08000014,Revised,24,2945,140203,47.6,2831,96.1,1316,44.7,2002,68,1037,35.2,12006.41,4.08,528,17.9,794,27
201920,Academic year,Local authority district,E92000001,England,E12000002,North West,Wirral,E08000015,Revised,25,3499,180278.25,51.5,3409,97.4,1768,50.5,2505,71.6,1776,50.8,15823.35,4.52,961,27.5,1356,38.8
201920,Academic year,Local authority district,E92000001,England,E12000003,Yorkshire and The Humber,Barnsley,E08000016,Revised,13,2303,106262.25,46.1,2164,94,1105,48,1533,66.6,788,34.2,9108.17,3.95,365,15.8,519,22.5
201920,Academic year,Local authority district,E92000001,England,E12000003,Yorkshire and The Humber,Doncaster,E08000017,Revised,23,3055,142927.75,46.8,2974,97.3,1399,45.8,2059,67.4,792,25.9,11938.55,3.91,363,11.9,561,18.4
201920,Academic year,Local authority district,E92000001,England,E12000003,Yorkshire and The Humber,Rotherham,E08000018,Revised,22,3193,153591.38,48.1,3111,97.4,1446,45.3,2190,68.6,835,26.2,12892.28,4.04,475,14.9,665,20.8
201920,Academic year,Local authority district,E92000001,England,E12000003,Yorkshire and The Humber,Sheffield,E08000019,Revised,32,5567,265668.5,47.7,5357,96.2,2581,46.4,3656,65.7,2154,38.7,22918.41,4.12,1074,19.3,1532,27.5
201920,Academic year,Local authority district,E92000001,England,E12000001,North East,Newcastle upon Tyne,E08000021,Revised,14,2548,121386.75,47.6,2471,97,1183,46.4,1717,67.4,1098,43.1,10546.89,4.14,550,21.6,807,31.7
201920,Academic year,Local authority district,E92000001,England,E12000001,North East,North Tyneside,E08000022,Revised,16,1945,95736.75,49.2,1886,97,913,46.9,1367,70.3,644,33.1,8270.62,4.25,332,17.1,476,24.5
201920,Academic year,Local authority district,E92000001,England,E12000001,North East,South Tyneside,E08000023,Revised,14,1639,75284.75,45.9,1536,93.7,696,42.5,1068,65.2,401,24.5,6339.51,3.87,229,14,332,20.3
201920,Academic year,Local authority district,E92000001,England,E12000001,North East,Sunderland,E08000024,Revised,21,2798,134549.75,48.1,2598,92.9,1269,45.4,1795,64.2,1035,37,11615.47,4.15,534,19.1,780,27.9
201920,Academic year,Local authority district,E92000001,England,E12000005,West Midlands,Birmingham,E08000025,Revised,101,13946,686777.44,49.2,13386,96,6636,47.6,9369,67.2,6207,44.5,60560.52,4.34,3034,21.8,4298,30.8
201920,Academic year,Local authority district,E92000001,England,E12000005,West Midlands,Coventry,E08000026,Revised,26,3743,177337.75,47.4,3655,97.6,1686,45,2517,67.2,1549,41.4,15515.66,4.15,659,17.6,986,26.3
201920,Academic year,Local authority district,E92000001,England,E12000005,West Midlands,Dudley,E08000027,Revised,25,3309,156206,47.2,3233,97.7,1450,43.8,2192,66.2,1109,33.5,13366.22,4.04,457,13.8,754,22.8
201920,Academic year,Local authority district,E92000001,England,E12000005,West Midlands,Sandwell,E08000028,Revised,20,3763,173964.88,46.2,3692,98.1,1435,38.1,2309,61.4,1066,28.3,14441.88,3.84,429,11.4,712,18.9
201920,Academic year,Local authority district,E92000001,England,E12000005,West Midlands,Solihull,E08000029,Revised,20,3029,152567.76,50.4,2965,97.9,1562,51.6,2251,74.3,1212,40,13167.93,4.35,627,20.7,916,30.2
201920,Academic year,Local authority district,E92000001,England,E12000005,West Midlands,Walsall,E08000030,Revised,22,3141,149757.75,47.7,3053,97.2,1310,41.7,2062,65.6,840,26.7,12407.11,3.95,447,14.2,638,20.3
201920,Academic year,Local authority district,E92000001,England,E12000005,West Midlands,Wolverhampton,E08000031,Revised,27,3264,159379.17,48.8,3171,97.2,1418,43.4,2149,65.8,1057,32.4,13343.05,4.09,493,15.1,733,22.5
201920,Academic year,Local authority district,E92000001,England,E12000003,Yorkshire and The Humber,Bradford,E08000032,Revised,38,6391,291948.25,45.7,6195,96.9,2678,41.9,4015,62.8,2704,42.3,25187.85,3.94,1060,16.6,1654,25.9
201920,Academic year,Local authority district,E92000001,England,E12000003,Yorkshire and The Humber,Calderdale,E08000033,Revised,14,2634,137740,52.3,2586,98.2,1416,53.8,1969,74.8,731,27.8,11690.82,4.44,508,19.3,644,24.4
201920,Academic year,Local authority district,E92000001,England,E12000003,Yorkshire and The Humber,Kirklees,E08000034,Revised,32,4963,241388.5,48.6,4842,97.6,2387,48.1,3444,69.4,1905,38.4,21090.33,4.25,895,18,1342,27
201920,Academic year,Local authority district,E92000001,England,E12000003,Yorkshire and The Humber,Leeds,E08000035,Revised,49,8219,390850.63,47.6,8019,97.6,3836,46.7,5566,67.7,2912,35.4,33871.43,4.12,1545,18.8,2200,26.8
201920,Academic year,Local authority district,E92000001,England,E12000003,Yorkshire and The Humber,Wakefield,E08000036,Revised,21,3715,181208.75,48.8,3632,97.8,1839,49.5,2589,69.7,1240,33.4,15541.01,4.18,647,17.4,893,24
201920,Academic year,Local authority district,E92000001,England,E12000001,North East,Gateshead,E08000037,Revised,13,1935,97336.75,50.3,1872,96.7,937,48.4,1367,70.6,868,44.9,8528.17,4.41,506,26.1,704,36.4
201920,Academic year,Local authority district,E92000001,England,E12000007,Outer London,Barking and Dagenham,E09000002,Revised,14,2525,125464.25,49.7,2457,97.3,1193,47.2,1788,70.8,1163,46.1,11049.07,4.38,555,22,821,32.5
201920,Academic year,Local authority district,E92000001,England,E12000007,Outer London,Barnet,E09000003,Revised,29,3963,237563.64,59.9,3867,97.6,2680,67.6,3286,82.9,2503,63.2,21951.74,5.54,1700,42.9,2093,52.8
201920,Academic year,Local authority district,E92000001,England,E12000007,Outer London,Bexley,E09000004,Revised,19,3150,168375.25,53.5,3103,98.5,1760,55.9,2395,76,1486,47.2,15004.27,4.76,945,30,1200,38.1
201920,Academic year,Local authority district,E92000001,England,E12000007,Outer London,Brent,E09000005,Revised,18,3125,166860,53.4,3053,97.7,1783,57.1,2345,75,2080,66.6,15546.65,4.97,1056,33.8,1481,47.4
201920,Academic year,Local authority district,E92000001,England,E12000007,Outer London,Bromley,E09000006,Revised,21,3411,186034,54.5,3305,96.9,1942,56.9,2629,77.1,1824,53.5,16812.96,4.93,1118,32.8,1513,44.4
201920,Academic year,Local authority district,E92000001,England,E12000007,Inner London,Camden,E09000007,Revised,12,1573,82082.14,52.2,1515,96.3,841,53.5,1147,72.9,892,56.7,7483.28,4.76,452,28.7,646,41.1
201920,Academic year,Local authority district,E92000001,England,E12000007,Outer London,Croydon,E09000008,Revised,27,3755,183476,48.9,3636,96.8,1837,48.9,2591,69,1687,44.9,16042.8,4.27,734,19.5,1080,28.8
201920,Academic year,Local authority district,E92000001,England,E12000007,Outer London,Ealing,E09000009,Revised,18,3043,162716.13,53.5,2981,98,1769,58.1,2339,76.9,1692,55.6,14847.01,4.88,1002,32.9,1342,44.1
201920,Academic year,Local authority district,E92000001,England,E12000007,Outer London,Enfield,E09000010,Revised,25,3767,187705.44,49.8,3637,96.5,1867,49.6,2584,68.6,2309,61.3,17183.56,4.56,985,26.1,1412,37.5
201920,Academic year,Local authority district,E92000001,England,E12000007,Outer London,Greenwich,E09000011,Revised,15,2448,122893,50.2,2388,97.5,1241,50.7,1717,70.1,1239,50.6,10857.23,4.44,554,22.6,841,34.4
201920,Academic year,Local authority district,E92000001,England,E12000007,Inner London,Hackney,E09000012,Revised,18,2286,121648.4,53.2,2216,96.9,1230,53.8,1723,75.4,1431,62.6,11074.58,4.84,728,31.8,1037,45.4
201920,Academic year,Local authority district,E92000001,England,E12000007,Inner London,Hammersmith and Fulham,E09000013,Revised,15,1458,81785.25,56.1,1387,95.1,904,62,1139,78.1,978,67.1,7530.57,5.17,556,38.1,759,52.1
201920,Academic year,Local authority district,E92000001,England,E12000007,Inner London,Haringey,E09000014,Revised,16,2484,127632.63,51.4,2401,96.7,1264,50.9,1786,71.9,1140,45.9,11447.09,4.61,591,23.8,802,32.3
201920,Academic year,Local authority district,E92000001,England,E12000007,Outer London,Harrow,E09000015,Revised,14,2334,124600.38,53.4,2274,97.4,1299,55.7,1748,74.9,1520,65.1,11484.55,4.92,747,32,1077,46.1
201920,Academic year,Local authority district,E92000001,England,E12000007,Outer London,Havering,E09000016,Revised,21,2842,147461.5,51.9,2762,97.2,1552,54.6,2187,77,1551,54.6,13208.85,4.65,755,26.6,1123,39.5
201920,Academic year,Local authority district,E92000001,England,E12000007,Outer London,Hillingdon,E09000017,Revised,26,3301,171902.14,52.1,3205,97.1,1819,55.1,2479,75.1,1452,44,15148.48,4.59,798,24.2,1109,33.6
201920,Academic year,Local authority district,E92000001,England,E12000007,Outer London,Hounslow,E09000018,Revised,21,2916,153248.63,52.6,2794,95.8,1605,55,2166,74.3,1674,57.4,13985.58,4.8,893,30.6,1260,43.2
201920,Academic year,Local authority district,E92000001,England,E12000007,Inner London,Islington,E09000019,Revised,15,1471,73144.89,49.7,1401,95.2,743,50.5,1045,71,763,51.9,6587.37,4.48,363,24.7,509,34.6
201920,Academic year,Local authority district,E92000001,England,E12000007,Inner London,Kensington and Chelsea,E09000020,Revised,6,889,52167.25,58.7,881,99.1,578,65,738,83,386,43.4,4612.36,5.19,254,28.6,321,36.1
201920,Academic year,Local authority district,E92000001,England,E12000007,Outer London,Kingston upon Thames,E09000021,Revised,14,1767,104164.5,58.9,1710,96.8,1152,65.2,1444,81.7,1136,64.3,9627.25,5.45,737,41.7,923,52.2
201920,Academic year,Local authority district,E92000001,England,E12000007,Inner London,Lambeth,E09000022,Revised,21,2250,110873.5,49.3,2182,97,1064,47.3,1555,69.1,1124,50,9918.59,4.41,483,21.5,763,33.9
201920,Academic year,Local authority district,E92000001,England,E12000007,Inner London,Lewisham,E09000023,Revised,18,2305,111588.75,48.4,2214,96.1,1054,45.7,1536,66.6,999,43.3,9871.55,4.28,457,19.8,682,29.6
201920,Academic year,Local authority district,E92000001,England,E12000007,Outer London,Merton,E09000024,Revised,11,1555,82574,53.1,1515,97.4,848,54.5,1167,75,770,49.5,7415.05,4.77,467,30,634,40.8
201920,Academic year,Local authority district,E92000001,England,E12000007,Inner London,Newham,E09000025,Revised,22,4079,216736,53.1,3990,97.8,2201,54,2983,73.1,2632,64.5,19525.32,4.79,1146,28.1,1673,41
201920,Academic year,Local authority district,E92000001,England,E12000007,Outer London,Redbridge,E09000026,Revised,20,3696,203922.75,55.2,3611,97.7,2245,60.7,2898,78.4,1604,43.4,18097.9,4.9,1000,27.1,1313,35.5
201920,Academic year,Local authority district,E92000001,England,E12000007,Outer London,Richmond upon Thames,E09000027,Revised,12,1667,95775.79,57.5,1637,98.2,1058,63.5,1368,82.1,881,52.8,8682.56,5.21,622,37.3,770,46.2
201920,Academic year,Local authority district,E92000001,England,E12000007,Inner London,Southwark,E09000028,Revised,22,2659,142880.63,53.7,2609,98.1,1419,53.4,2005,75.4,1792,67.4,13083.69,4.92,840,31.6,1262,47.5
201920,Academic year,Local authority district,E92000001,England,E12000007,Outer London,Sutton,E09000029,Revised,17,2712,162192.4,59.8,2666,98.3,1755,64.7,2256,83.2,1454,53.6,14709.79,5.42,998,36.8,1243,45.8
201920,Academic year,Local authority district,E92000001,England,E12000007,Inner London,Tower Hamlets,E09000030,Revised,22,3075,154344.77,50.2,2881,93.7,1580,51.4,2261,73.5,1649,53.6,13774.16,4.48,747,24.3,1118,36.4
201920,Academic year,Local authority district,E92000001,England,E12000007,Outer London,Waltham Forest,E09000031,Revised,22,2812,144393.14,51.3,2717,96.6,1453,51.7,2032,72.3,1476,52.5,12946.64,4.6,706,25.1,1016,36.1
201920,Academic year,Local authority district,E92000001,England,E12000007,Inner London,Wandsworth,E09000032,Revised,16,1854,98211,53,1776,95.8,1048,56.5,1393,75.1,1139,61.4,9007.19,4.86,583,31.4,844,45.5
201920,Academic year,Local authority district,E92000001,England,E12000007,Inner London,Westminster,E09000033,Revised,15,1721,98207.13,57.1,1687,98,1086,63.1,1405,81.6,1086,63.1,9018.07,5.24,637,37,863,50.1
