time_period,time_identifier,version,geographic_level,country_code,country_name,table,school_type,school_admission_type,school_religious_denomination,subject,2020_overall,2020_final_year,2020_penultimate_year,percentage_final_of_overall,percentage_penultimate_of_overall
201920,Academic year,Revised,National,E92000001,England,S6,All schools,Total,Total,Ancient History,894,859,35,96.1,3.9
201920,Academic year,Revised,National,E92000001,England,S6,All schools,Total,Total,Art and Design,187993,182779,4533,97.2,2.4
201920,Academic year,Revised,National,E92000001,England,S6,All schools,Total,Total,Biblical Hebrew,92,92,0,100,0
201920,Academic year,Revised,National,E92000001,England,S6,All schools,Total,Total,Biology,161082,160332,726,99.5,0.5
201920,Academic year,Revised,National,E92000001,England,S6,All schools,Total,Total,Business,91087,89875,1212,98.7,1.3
201920,Academic year,Revised,National,E92000001,England,S6,All schools,Total,Total,Chemistry,157399,156819,578,99.6,0.4
201920,Academic year,Revised,National,E92000001,England,S6,All schools,Total,Total,Classical Civilisation,3665,3631,34,99.1,0.9
201920,Academic year,Revised,National,E92000001,England,S6,All schools,Total,Total,Classical Greek,1070,1035,32,96.7,3
201920,Academic year,Revised,National,E92000001,England,S6,All schools,Total,Total,Combined Science,407969,407801,164,100,0
201920,Academic year,Revised,National,E92000001,England,S6,All schools,Total,Total,Computer Science,76225,74690,1416,98,1.9
201920,Academic year,Revised,National,E92000001,England,S6,All schools,Total,Total,Dance,8989,8541,335,95,3.7
201920,Academic year,Revised,National,E92000001,England,S6,All schools,Total,Total,Design & Technology,88977,87686,1291,98.5,1.5
201920,Academic year,Revised,National,E92000001,England,S6,All schools,Total,Total,Drama,58082,57057,728,98.2,1.3
201920,Academic year,Revised,National,E92000001,England,S6,All schools,Total,Total,Economics,6415,6229,186,97.1,2.9
201920,Academic year,Revised,National,E92000001,England,S6,All schools,Total,Total,Engineering,2867,2805,62,97.8,2.2
201920,Academic year,Revised,National,E92000001,England,S6,All schools,Total,Total,English Language,577026,568364,8579,98.5,1.5
201920,Academic year,Revised,National,E92000001,England,S6,All schools,Total,Total,English Literature,563143,534648,28447,94.9,5.1
201920,Academic year,Revised,National,E92000001,England,S6,All schools,Total,Total,Film Studies,4903,4750,153,96.9,3.1
201920,Academic year,Revised,National,E92000001,England,S6,All schools,Total,Total,Food Preparation & Nutrition,47295,46401,728,98.1,1.5
201920,Academic year,Revised,National,E92000001,England,S6,All schools,Total,Total,French,124944,122562,1479,98.1,1.2
201920,Academic year,Revised,National,E92000001,England,S6,All schools,Total,Total,Geography,256427,254488,1643,99.2,0.6
201920,Academic year,Revised,National,E92000001,England,S6,All schools,Total,Total,German,40859,40213,448,98.4,1.1
201920,Academic year,Revised,National,E92000001,England,S6,All schools,Total,Total,History,274948,272745,1979,99.2,0.7
201920,Academic year,Revised,National,E92000001,England,S6,All schools,Total,Total,Latin,9480,9008,411,95,4.3
201920,Academic year,Revised,National,E92000001,England,S6,All schools,Total,Total,Mathematics,571636,568634,2761,99.5,0.5
201920,Academic year,Revised,National,E92000001,England,S6,All schools,Total,Total,Media/Film/TV,29089,28485,604,97.9,2.1
201920,Academic year,Revised,National,E92000001,England,S6,All schools,Total,Total,Music,34679,33956,580,97.9,1.7
201920,Academic year,Revised,National,E92000001,England,S6,All schools,Total,Total,Other Modern Languages,23297,17145,6152,73.6,26.4
201920,Academic year,Revised,National,E92000001,England,S6,All schools,Total,Total,Other Sciences,2305,1865,440,80.9,19.1
201920,Academic year,Revised,National,E92000001,England,S6,All schools,Total,Total,Physical Education,73964,72630,1264,98.2,1.7
201920,Academic year,Revised,National,E92000001,England,S6,All schools,Total,Total,Physics,156697,156161,444,99.7,0.3
201920,Academic year,Revised,National,E92000001,England,S6,All schools,Total,Total,Religious Studies,225108,206628,18024,91.8,8
201920,Academic year,Revised,National,E92000001,England,S6,All schools,Total,Total,Social Studies,56621,52503,3768,92.7,6.7
201920,Academic year,Revised,National,E92000001,England,S6,All schools,Total,Total,Spanish,104731,101895,1941,97.3,1.9
201920,Academic year,Revised,National,E92000001,England,S6,All schools,Total,Total,Statistics,23352,14464,8888,61.9,38.1
201920,Academic year,Revised,National,E92000001,England,S6,All schools,Total,Total,All subjects,4453310,4347776,100065,97.6,2.2
