time_period,time_identifier,geographic_level,country_code,country_name,region_code,region_name,ru11ind_school_location,version,t_schools,t_pupils,t_att8,avg_att8,t_entbasics,pt_entbasics,t_l2basics_95,pt_l2basics_95,t_l2basics_94,pt_l2basics_94,t_ebacc_e_ptq_ee,pt_ebacc_e_ptq_ee,t_ebaccaps,avg_ebaccaps,t_ebacc_95,pt_ebacc_95,t_ebacc_94,pt_ebacc_94
201920,Academic year,National,E92000001,England,,,1 Urban - Major conurbation,Revised,1411,205230,10388609.38,50.6,199043,97,103822,50.6,146035,71.2,92521,45.1,915724.82,4.46,48116,23.4,67720,33
201920,Academic year,National,E92000001,England,,,2 Urban - minor conurbation,Revised,136,20426,978073.13,47.9,19751,96.7,9562,46.8,13768,67.4,6954,34,84052.64,4.11,3516,17.2,5027,24.6
201920,Academic year,National,E92000001,England,,,3 Urban - City and town,Revised,1909,268086,13354470.47,49.8,260457,97.2,132139,49.3,189969,70.9,98513,36.7,1161147.62,4.33,53919,20.1,75147,28
201920,Academic year,National,E92000001,England,,,4 Rural - Town and fringe,Revised,374,51752,2647418.2,51.2,50963,98.5,26579,51.4,38510,74.4,19359,37.4,230648.76,4.46,10532,20.4,15016,29
201920,Academic year,National,E92000001,England,,,5 Rural - Village,Revised,82,8650,442723.25,51.2,8463,97.8,4454,51.5,6421,74.2,3315,38.3,38832.42,4.49,1881,21.7,2599,30
201920,Academic year,National,E92000001,England,,,6 Rural - Hamlet and isolated dwellings,Revised,75,7850,384065.63,48.9,7506,95.6,3861,49.2,5642,71.9,2852,36.3,33469.17,4.26,1502,19.1,2199,28
201920,Academic year,National,E92000001,England,,,Total,Revised,3987,561994,28195360.06,50.2,546183,97.2,280417,49.9,400345,71.2,223514,39.8,2463875.43,4.38,119466,21.3,167708,29.8
201920,Academic year,Regional,E92000001,England,E12000004,East Midlands,1 Urban - Major conurbation,Revised,2,224,10820.75,48.3,221,98.7,81,36.2,152,67.9,53,23.7,905.5,4.04,35,15.6,45,20.1
201920,Academic year,Regional,E92000001,England,E12000004,East Midlands,2 Urban - minor conurbation,Revised,61,8472,416172.75,49.1,8269,97.6,4062,47.9,5864,69.2,2909,34.3,36231.69,4.28,1556,18.4,2188,25.8
201920,Academic year,Regional,E92000001,England,E12000004,East Midlands,3 Urban - City and town,Revised,207,29762,1445535.76,48.6,28876,97,14126,47.5,20475,68.8,11233,37.7,126311.56,4.24,5905,19.8,8474,28.5
201920,Academic year,Regional,E92000001,England,E12000004,East Midlands,4 Rural - Town and fringe,Revised,59,8522,438767.25,51.5,8412,98.7,4466,52.4,6408,75.2,3105,36.4,38078.79,4.47,1784,20.9,2472,29
201920,Academic year,Regional,E92000001,England,E12000004,East Midlands,5 Rural - Village,Revised,10,1166,55331.75,47.5,1152,98.8,498,42.7,784,67.2,352,30.2,4771.13,4.09,176,15.1,262,22.5
201920,Academic year,Regional,E92000001,England,E12000004,East Midlands,6 Rural - Hamlet and isolated dwellings,Revised,4,396,18161.75,45.9,380,96,155,39.1,262,66.2,72,18.2,1528.96,3.86,43,10.9,56,14.1
201920,Academic year,Regional,E92000001,England,E12000004,East Midlands,Total,Revised,343,48542,2384790.01,49.1,47310,97.5,23388,48.2,33945,69.9,17724,36.5,207827.63,4.28,9499,19.6,13497,27.8
201920,Academic year,Regional,E92000001,England,E12000006,East of England,1 Urban - Major conurbation,Revised,50,6844,355758.13,52,6713,98.1,3741,54.7,5152,75.3,3095,45.2,31340.77,4.58,1577,23,2251,32.9
201920,Academic year,Regional,E92000001,England,E12000006,East of England,3 Urban - City and town,Revised,303,45016,2244734.42,49.9,43739,97.2,22060,49,31869,70.8,17168,38.1,196137.3,4.36,9455,21,13035,29
201920,Academic year,Regional,E92000001,England,E12000006,East of England,4 Rural - Town and fringe,Revised,63,8719,444858.25,51,8549,98.1,4453,51.1,6381,73.2,3608,41.4,39124.04,4.49,1891,21.7,2744,31.5
201920,Academic year,Regional,E92000001,England,E12000006,East of England,5 Rural - Village,Revised,14,1713,88544.25,51.7,1678,98,902,52.7,1279,74.7,605,35.3,7727.16,4.51,395,23.1,515,30.1
201920,Academic year,Regional,E92000001,England,E12000006,East of England,6 Rural - Hamlet and isolated dwellings,Revised,11,1390,71304.13,51.3,1365,98.2,722,51.9,1030,74.1,685,49.3,6376.13,4.59,327,23.5,486,35
201920,Academic year,Regional,E92000001,England,E12000006,East of England,Total,Revised,441,63682,3205199.18,50.3,62044,97.4,31878,50.1,45711,71.8,25161,39.5,280705.4,4.41,13645,21.4,19031,29.9
201920,Academic year,Regional,E92000001,England,E12000007,Inner London,1 Urban - Major conurbation,Revised,218,28104,1471302.34,52.4,27140,96.6,15012,53.4,20716,73.7,16011,57,132933.82,4.73,7837,27.9,11279,40.1
201920,Academic year,Regional,E92000001,England,E12000007,Inner London,Total,Revised,218,28104,1471302.34,52.4,27140,96.6,15012,53.4,20716,73.7,16011,57,132933.82,4.73,7837,27.9,11279,40.1
201920,Academic year,Regional,E92000001,England,E12000001,North East,1 Urban - Major conurbation,Revised,80,11354,550255.25,48.5,10832,95.4,5281,46.5,7682,67.7,4266,37.6,47544.05,4.19,2269,20,3267,28.8
201920,Academic year,Regional,E92000001,England,E12000001,North East,3 Urban - City and town,Revised,87,12270,590899.25,48.2,11864,96.7,5825,47.5,8425,68.7,3549,28.9,49840.74,4.06,1904,15.5,2727,22.2
201920,Academic year,Regional,E92000001,England,E12000001,North East,4 Rural - Town and fringe,Revised,24,2293,113733.75,49.6,2199,95.9,1160,50.6,1649,71.9,680,29.7,9671.55,4.22,436,19,579,25.3
201920,Academic year,Regional,E92000001,England,E12000001,North East,5 Rural - Village,Revised,4,229,10370.5,45.3,213,93,102,44.5,155,67.7,29,12.7,832.19,3.63,17,7.4,24,10.5
201920,Academic year,Regional,E92000001,England,E12000001,North East,6 Rural - Hamlet and isolated dwellings,Revised,1,249,c,c,c,c,c,c,c,c,c,c,c,c,c,c,c,c
201920,Academic year,Regional,E92000001,England,E12000001,North East,Total,Revised,196,26395,1277470,48.4,25357,96.1,12478,47.3,18094,68.6,8566,32.5,108913.6,4.13,4646,17.6,6634,25.1
201920,Academic year,Regional,E92000001,England,E12000002,North West,1 Urban - Major conurbation,Revised,295,43423,2099421.71,48.3,41999,96.7,20026,46.1,29425,67.8,16099,37.1,181127.24,4.17,8214,18.9,11866,27.3
201920,Academic year,Regional,E92000001,England,E12000002,North West,3 Urban - City and town,Revised,214,27371,1348794.56,49.3,26646,97.4,13240,48.4,19297,70.5,9037,33,116047.64,4.24,4912,17.9,6948,25.4
201920,Academic year,Regional,E92000001,England,E12000002,North West,4 Rural - Town and fringe,Revised,37,5012,260852.5,52,4959,98.9,2635,52.6,3768,75.2,1816,36.2,22566.81,4.5,1017,20.3,1424,28.4
201920,Academic year,Regional,E92000001,England,E12000002,North West,5 Rural - Village,Revised,8,866,44085.25,50.9,853,98.5,432,49.9,643,74.2,352,40.6,3844.22,4.44,168,19.4,238,27.5
201920,Academic year,Regional,E92000001,England,E12000002,North West,6 Rural - Hamlet and isolated dwellings,Revised,8,900,44218.25,49.1,890,98.9,437,48.6,657,73,333,37,3841.66,4.27,179,19.9,270,30
201920,Academic year,Regional,E92000001,England,E12000002,North West,Total,Revised,562,77572,3797372.27,49,75347,97.1,36770,47.4,53790,69.3,27637,35.6,327427.57,4.22,14490,18.7,20746,26.7
201920,Academic year,Regional,E92000001,England,E12000007,Outer London,1 Urban - Major conurbation,Revised,361,54393,2911208.19,53.5,52923,97.3,30652,56.4,41132,75.6,29376,54,262865.79,4.83,16300,30,22148,40.7
201920,Academic year,Regional,E92000001,England,E12000007,Outer London,3 Urban - City and town,Revised,1,97,c,c,c,c,c,c,c,c,c,c,c,c,c,c,c,c
201920,Academic year,Regional,E92000001,England,E12000007,Outer London,4 Rural - Town and fringe,Revised,1,88,c,c,c,c,c,c,c,c,c,c,c,c,c,c,c,c
201920,Academic year,Regional,E92000001,England,E12000007,Outer London,5 Rural - Village,Revised,1,211,c,c,c,c,c,c,c,c,c,c,c,c,c,c,c,c
201920,Academic year,Regional,E92000001,England,E12000007,Outer London,Total,Revised,364,54789,2931322.94,53.5,53318,97.3,30858,56.3,41419,75.6,29501,53.8,264601.94,4.83,16372,29.9,22251,40.6
201920,Academic year,Regional,E92000001,England,E12000008,South East,1 Urban - Major conurbation,Revised,55,8254,451052.13,54.6,8098,98.1,4922,59.6,6504,78.8,3762,45.6,39951.73,4.84,2353,28.5,2975,36
201920,Academic year,Regional,E92000001,England,E12000008,South East,3 Urban - City and town,Revised,486,69973,3577636.56,51.1,68004,97.2,36215,51.8,50815,72.6,28430,40.6,314468.64,4.49,16193,23.1,22043,31.5
201920,Academic year,Regional,E92000001,England,E12000008,South East,4 Rural - Town and fringe,Revised,51,8067,416304.76,51.6,7956,98.6,4241,52.6,6072,75.3,3339,41.4,36698.63,4.55,1761,21.8,2528,31.3
201920,Academic year,Regional,E92000001,England,E12000008,South East,5 Rural - Village,Revised,18,1738,88259.25,50.8,1702,97.9,902,51.9,1307,75.2,703,40.4,7789.65,4.48,392,22.6,556,32
201920,Academic year,Regional,E92000001,England,E12000008,South East,6 Rural - Hamlet and isolated dwellings,Revised,14,941,40866,43.4,825,87.7,388,41.2,579,61.5,286,30.4,3569.07,3.79,144,15.3,215,22.8
201920,Academic year,Regional,E92000001,England,E12000008,South East,Total,Revised,624,88973,4574118.7,51.4,86585,97.3,46668,52.5,65277,73.4,36520,41,402477.72,4.52,20843,23.4,28317,31.8
201920,Academic year,Regional,E92000001,England,E12000009,South West,3 Urban - City and town,Revised,301,40167,2023205.01,50.4,39017,97.1,20100,50,28952,72.1,13008,32.4,174298.4,4.34,7358,18.3,10081,25.1
201920,Academic year,Regional,E92000001,England,E12000009,South West,4 Rural - Town and fringe,Revised,62,8725,440856.19,50.5,8607,98.6,4231,48.5,6376,73.1,3146,36.1,38381.62,4.4,1572,18,2322,26.6
201920,Academic year,Regional,E92000001,England,E12000009,South West,5 Rural - Village,Revised,14,1231,65459.25,53.2,1186,96.3,682,55.4,919,74.7,693,56.3,5952.72,4.84,375,30.5,514,41.8
201920,Academic year,Regional,E92000001,England,E12000009,South West,6 Rural - Hamlet and isolated dwellings,Revised,20,2208,108450.25,49.1,2118,95.9,1098,49.7,1572,71.2,611,27.7,9247.55,4.19,351,15.9,485,22
201920,Academic year,Regional,E92000001,England,E12000009,South West,Total,Revised,397,52331,2637970.7,50.4,50928,97.3,26111,49.9,37819,72.3,17458,33.4,227880.29,4.35,9656,18.5,13402,25.6
201920,Academic year,Regional,E92000001,England,E12000005,West Midlands,1 Urban - Major conurbation,Revised,228,32224,1564199,48.5,31244,97,14599,45.3,21557,66.9,11933,37,134505.09,4.17,5696,17.7,8357,25.9
201920,Academic year,Regional,E92000001,England,E12000005,West Midlands,3 Urban - City and town,Revised,184,25182,1230378.28,48.9,24462,97.1,11803,46.9,17319,68.8,9562,38,106598.32,4.23,4715,18.7,6893,27.4
201920,Academic year,Regional,E92000001,England,E12000005,West Midlands,4 Rural - Town and fringe,Revised,33,4593,238269.5,51.9,4572,99.5,2453,53.4,3515,76.5,1717,37.4,20695.07,4.51,978,21.3,1375,29.9
201920,Academic year,Regional,E92000001,England,E12000005,West Midlands,5 Rural - Village,Revised,7,801,42763.25,53.4,793,99,438,54.7,637,79.5,339,42.3,3786.25,4.73,179,22.3,268,33.5
201920,Academic year,Regional,E92000001,England,E12000005,West Midlands,6 Rural - Hamlet and isolated dwellings,Revised,14,1262,62564.5,49.6,1178,93.3,653,51.7,948,75.1,531,42.1,5520.55,4.37,297,23.5,431,34.2
201920,Academic year,Regional,E92000001,England,E12000005,West Midlands,Total,Revised,466,64062,3138174.53,49,62249,97.2,29946,46.7,43976,68.6,24082,37.6,271105.28,4.23,11865,18.5,17324,27
201920,Academic year,Regional,E92000001,England,E12000003,Yorkshire and The Humber,1 Urban - Major conurbation,Revised,122,20410,974591.88,47.8,19873,97.4,9508,46.6,13715,67.2,7926,38.8,84550.83,4.14,3835,18.8,5532,27.1
201920,Academic year,Regional,E92000001,England,E12000003,Yorkshire and The Humber,2 Urban - minor conurbation,Revised,75,11954,561900.38,47,11482,96.1,5500,46,7904,66.1,4045,33.8,47820.95,4,1960,16.4,2839,23.7
201920,Academic year,Regional,E92000001,England,E12000003,Yorkshire and The Humber,3 Urban - City and town,Revised,126,18248,887807.63,48.7,17752,97.3,8706,47.7,12740,69.8,6484,35.5,76966.86,4.22,3450,18.9,4913,26.9
201920,Academic year,Regional,E92000001,England,E12000003,Yorkshire and The Humber,4 Rural - Town and fringe,Revised,44,5733,289641,50.5,5621,98,2898,50.5,4282,74.7,1932,33.7,25083.09,4.38,1087,19,1561,27.2
201920,Academic year,Regional,E92000001,England,E12000003,Yorkshire and The Humber,5 Rural - Village,Revised,6,695,37409,53.8,676,97.3,398,57.3,546,78.6,175,25.2,3220.27,4.63,140,20.1,163,23.5
201920,Academic year,Regional,E92000001,England,E12000003,Yorkshire and The Humber,6 Rural - Hamlet and isolated dwellings,Revised,3,504,26289.5,52.2,501,99.4,298,59.1,411,81.5,292,57.9,2360.18,4.68,141,28,219,43.5
201920,Academic year,Regional,E92000001,England,E12000003,Yorkshire and The Humber,Total,Revised,376,57544,2777639.39,48.3,55905,97.2,27308,47.5,39598,68.8,20854,36.2,240002.18,4.17,10613,18.4,15227,26.5
