time_period,time_identifier,version,geographic_level,country_code,country_name,school_characteristic,subject,qualification_type,total_exam_entries,9,8,7,6,5,4,3,2,1,99,98,88,87,77,76,66,65,55,54,44,43,33,32,22,21,11,U,X
201920,Academic year,Revised,National,E92000001,England,Alternative Provision,Any classical study,GCSE,4,2,0,1,0,0,0,0,0,0,0,0,0,0,0,0,0,0,0,0,0,0,0,0,0,0,0,0,1
201920,Academic year,Revised,National,E92000001,England,Alternative Provision,Any design & technology,GCSE,209,0,0,2,7,16,52,56,37,24,0,0,0,0,0,0,0,0,0,0,0,0,0,0,0,0,0,8,7
201920,Academic year,Revised,National,E92000001,England,Alternative Provision,Any English,GCSE,6571,15,34,77,210,465,1179,1643,1657,888,0,0,0,0,0,0,0,0,0,0,0,0,0,0,0,0,0,200,203
201920,Academic year,Revised,National,E92000001,England,Alternative Provision,Any mathematics,GCSE,5508,10,30,57,85,405,986,1161,1372,1075,0,0,0,0,0,0,0,0,0,0,0,0,0,0,0,0,0,229,98
201920,Academic year,Revised,National,E92000001,England,Alternative Provision,Any modern language,GCSE,99,12,12,14,8,13,8,15,6,3,0,0,0,0,0,0,0,0,0,0,0,0,0,0,0,0,0,3,5
201920,Academic year,Revised,National,E92000001,England,Alternative Provision,Any science,GCSE,2934,8,16,30,59,103,258,356,375,259,4,0,5,6,13,7,24,27,99,64,134,119,190,137,201,134,151,84,71
201920,Academic year,Revised,National,E92000001,England,Alternative Provision,Any subject,GCSE,5942,0,0,0,0,0,0,0,0,0,0,0,0,0,0,0,0,0,0,0,0,0,0,0,0,0,0,0,0
201920,Academic year,Revised,National,E92000001,England,Alternative Provision,Art and Design,GCSE,1509,4,20,39,128,190,360,320,224,125,0,0,0,0,0,0,0,0,0,0,0,0,0,0,0,0,0,36,63
201920,Academic year,Revised,National,E92000001,England,Alternative Provision,Biology,GCSE,1226,4,8,13,29,69,195,297,327,226,0,0,0,0,0,0,0,0,0,0,0,0,0,0,0,0,0,33,25
201920,Academic year,Revised,National,E92000001,England,Alternative Provision,Business,GCSE,200,0,1,8,9,19,43,47,40,19,0,0,0,0,0,0,0,0,0,0,0,0,0,0,0,0,0,13,1
201920,Academic year,Revised,National,E92000001,England,Alternative Provision,Chemistry,GCSE,197,2,5,7,17,16,33,39,37,25,0,0,0,0,0,0,0,0,0,0,0,0,0,0,0,0,0,13,3
201920,Academic year,Revised,National,E92000001,England,Alternative Provision,Classical Civilisation,GCSE,1,1,0,0,0,0,0,0,0,0,0,0,0,0,0,0,0,0,0,0,0,0,0,0,0,0,0,0,0
201920,Academic year,Revised,National,E92000001,England,Alternative Provision,Combined Science,GCSE,1387,0,0,0,0,0,0,0,0,0,4,0,5,6,13,7,24,27,99,64,134,119,190,137,201,134,151,33,39
201920,Academic year,Revised,National,E92000001,England,Alternative Provision,Computer Science,GCSE,20,0,0,1,1,3,2,2,5,3,0,0,0,0,0,0,0,0,0,0,0,0,0,0,0,0,0,2,1
201920,Academic year,Revised,National,E92000001,England,Alternative Provision,Design & Technology,GCSE,98,0,0,1,4,9,24,27,17,8,0,0,0,0,0,0,0,0,0,0,0,0,0,0,0,0,0,3,5
201920,Academic year,Revised,National,E92000001,England,Alternative Provision,Drama,GCSE,31,0,1,2,3,3,6,3,5,4,0,0,0,0,0,0,0,0,0,0,0,0,0,0,0,0,0,3,1
201920,Academic year,Revised,National,E92000001,England,Alternative Provision,Economics,GCSE,1,0,0,0,0,1,0,0,0,0,0,0,0,0,0,0,0,0,0,0,0,0,0,0,0,0,0,0,0
201920,Academic year,Revised,National,E92000001,England,Alternative Provision,Engineering,GCSE,4,0,0,0,0,0,0,0,3,0,0,0,0,0,0,0,0,0,0,0,0,0,0,0,0,0,0,1,0
201920,Academic year,Revised,National,E92000001,England,Alternative Provision,English Language,GCSE,4925,11,21,48,162,346,893,1252,1284,640,0,0,0,0,0,0,0,0,0,0,0,0,0,0,0,0,0,140,128
201920,Academic year,Revised,National,E92000001,England,Alternative Provision,English Literature,GCSE,1646,4,13,29,48,119,286,391,373,248,0,0,0,0,0,0,0,0,0,0,0,0,0,0,0,0,0,60,75
201920,Academic year,Revised,National,E92000001,England,Alternative Provision,Film Studies,GCSE,16,0,1,0,2,4,4,0,3,1,0,0,0,0,0,0,0,0,0,0,0,0,0,0,0,0,0,0,1
201920,Academic year,Revised,National,E92000001,England,Alternative Provision,Food Preparation & Nutrition,GCSE,111,0,0,1,3,7,28,29,20,16,0,0,0,0,0,0,0,0,0,0,0,0,0,0,0,0,0,5,2
201920,Academic year,Revised,National,E92000001,England,Alternative Provision,French,GCSE,25,2,2,3,1,1,2,4,3,1,0,0,0,0,0,0,0,0,0,0,0,0,0,0,0,0,0,1,5
201920,Academic year,Revised,National,E92000001,England,Alternative Provision,Geography,GCSE,238,1,1,4,15,14,43,45,54,46,0,0,0,0,0,0,0,0,0,0,0,0,0,0,0,0,0,8,7
201920,Academic year,Revised,National,E92000001,England,Alternative Provision,German,GCSE,8,0,1,2,1,1,1,1,0,0,0,0,0,0,0,0,0,0,0,0,0,0,0,0,0,0,0,1,0
201920,Academic year,Revised,National,E92000001,England,Alternative Provision,History,GCSE,280,0,0,9,22,26,48,56,47,37,0,0,0,0,0,0,0,0,0,0,0,0,0,0,0,0,0,28,7
201920,Academic year,Revised,National,E92000001,England,Alternative Provision,Latin,GCSE,3,1,0,1,0,0,0,0,0,0,0,0,0,0,0,0,0,0,0,0,0,0,0,0,0,0,0,0,1
201920,Academic year,Revised,National,E92000001,England,Alternative Provision,Mathematics,GCSE,5508,10,30,57,85,405,986,1161,1372,1075,0,0,0,0,0,0,0,0,0,0,0,0,0,0,0,0,0,229,98
201920,Academic year,Revised,National,E92000001,England,Alternative Provision,Media/Film/TV,GCSE,31,1,0,2,3,5,9,5,3,0,0,0,0,0,0,0,0,0,0,0,0,0,0,0,0,0,0,1,2
201920,Academic year,Revised,National,E92000001,England,Alternative Provision,Music,GCSE,13,1,1,1,1,4,0,1,0,1,0,0,0,0,0,0,0,0,0,0,0,0,0,0,0,0,0,3,0
201920,Academic year,Revised,National,E92000001,England,Alternative Provision,Other Modern Languages,GCSE,43,5,6,6,4,8,2,9,2,1,0,0,0,0,0,0,0,0,0,0,0,0,0,0,0,0,0,0,0
201920,Academic year,Revised,National,E92000001,England,Alternative Provision,Physical Education,GCSE,90,0,0,0,4,9,14,17,26,10,0,0,0,0,0,0,0,0,0,0,0,0,0,0,0,0,0,3,7
201920,Academic year,Revised,National,E92000001,England,Alternative Provision,Physics,GCSE,104,2,3,9,12,15,28,18,6,5,0,0,0,0,0,0,0,0,0,0,0,0,0,0,0,0,0,3,3
201920,Academic year,Revised,National,E92000001,England,Alternative Provision,Religious Studies,GCSE,261,1,8,7,19,34,53,38,42,29,0,0,0,0,0,0,0,0,0,0,0,0,0,0,0,0,0,18,12
201920,Academic year,Revised,National,E92000001,England,Alternative Provision,Social Studies,GCSE,657,3,5,14,33,47,123,131,123,98,0,0,0,0,0,0,0,0,0,0,0,0,0,0,0,0,0,21,59
201920,Academic year,Revised,National,E92000001,England,Alternative Provision,Spanish,GCSE,23,5,3,3,2,3,3,1,1,1,0,0,0,0,0,0,0,0,0,0,0,0,0,0,0,0,0,1,0
201920,Academic year,Revised,National,E92000001,England,Alternative Provision,Statistics,GCSE,292,1,0,1,5,17,54,50,61,66,0,0,0,0,0,0,0,0,0,0,0,0,0,0,0,0,0,19,18
