﻿time_period,time_identifier,geographic_level,country_code,country_name,region_code,region_name,old_la_code,new_la_code,la_name,version,school_characteristic,breakdown,characteristic_gender,characteristic_admission_type,characteristic_religious_denomination,t_schools,t_pupils,t_att8,avg_att8,t_entbasics,pt_entbasics,t_l2basics_95,pt_l2basics_95,t_l2basics_94,pt_l2basics_94,t_ebacc_e_ptq_ee,pt_ebacc_e_ptq_ee,t_ebacc_95,pt_ebacc_95,t_ebacc_94,pt_ebacc_94,t_ebaccaps,avg_ebaccaps,t_entry_1,pt_entry_1,t_anypass,pt_anypass,t_ebaceng_e,pt_ebaceng_e,t_ebacmat_e,pt_ebacmat_e,t_ebac2sci_e,pt_ebac2sci_e,t_ebachum_e,pt_ebachum_e,t_ebaclan_e,pt_ebaclan_e,t_ebaceng_95,pt_ebaceng_95,t_ebacmat_95,pt_ebacmat_95,t_ebac2sci_95,pt_ebac2sci_95,t_ebachum_95,pt_ebachum_95,t_ebaclan_95,pt_ebaclan_95,t_ebaceng_94,pt_ebaceng_94,t_ebacmat_94,pt_ebacmat_94,t_ebac2sci_94,pt_ebac2sci_94,t_ebachum_94,pt_ebachum_94,t_ebaclan_94,pt_ebaclan_94,t_ebptseng_ll,avg_ebptseng_ll,t_ebptsmat,avg_ebptsmat,t_ebptssci,avg_ebptssci,t_ebptshum,avg_ebptshum,t_ebptslan,avg_ebptslan,t_att8_eng,avg_att8_eng,t_att8_mat,avg_att8_mat,t_att8_ebac,avg_att8_ebac,t_att8_open,avg_att8_open,t_att8_open_g,avg_att8_open_g,t_att8_open_ng,avg_att8_open_ng,t_ebac_fill,avg_ebac_fill,t_open_fill,avg_open_fill
201920,Academic year,National,E92000001,England,,,,,,Revised,Alternative Provision,Total,Total,Total,Total,423,9451,79204.75,8.4,4661,49.3,294,3.1,976,10.3,11,0.1,2,0,4,0,5013.61,0.53,5889,62.3,5762,61,1467,15.5,5411,57.3,1404,14.9,486,5.1,93,1,311,3.3,587,6.2,214,15.2,91,18.7,58,62.4,700,7.4,1573,16.6,430,30.6,179,36.8,65,69.9,5140,0.54,14510,1.54,4244.5,0.45,1443,0.15,495,0.05,19437,2.1,29020,3.1,14090.5,1.5,16657.25,1.8,14158.25,1.5,2499,0.3,4599,0.5,4971,0.5
201920,Academic year,Regional,E92000001,England,E12000001,North East,,,,Revised,Alternative Provision,Total,Total,Total,Total,24,580,5171.5,8.9,352,60.7,18,3.1,65,11.2,0,0,0,0,0,0,341.95,0.59,417,71.9,407,70.2,148,25.5,400,69,115,19.8,12,2.1,1,0.2,15,2.6,36,6.2,7,6.1,2,16.7,0,0,49,8.4,115,19.8,20,17.4,5,41.7,1,100,449,0.77,1045,1.8,256.5,0.44,40,0.07,4,0.01,1406,2.4,2090,3.6,648,1.1,1027.5,1.8,730,1.3,297.5,0.5,267,0.5,360,0.6
201920,Academic year,Regional,E92000001,England,E12000002,North West,,,,Revised,Alternative Provision,Total,Total,Total,Total,61,1516,12113.25,8,792,52.2,46,3,167,11,1,0.1,0,0,0,0,710.06,0.47,961,63.4,938,61.9,201,13.3,901,59.4,156,10.3,53,3.5,8,0.5,44,2.9,81,5.3,21,13.5,9,17,4,50,98,6.5,270,17.8,42,26.9,16,30.2,4,50,701,0.46,2445,1.61,467.5,0.31,148,0.1,31,0.02,3096,2,4890,3.2,1939,1.3,2188.25,1.4,1789,1.2,399.25,0.3,657,0.4,654,0.4
201920,Academic year,Regional,E92000001,England,E12000003,Yorkshire and The Humber,,,,Revised,Alternative Provision,Total,Total,Total,Total,45,829,7075,8.5,491,59.2,13,1.6,73,8.8,2,0.2,0,0,0,0,426.13,0.51,581,70.1,570,68.8,197,23.8,529,63.8,88,10.6,49,5.9,12,1.4,32,3.9,26,3.1,13,14.8,4,8.2,5,41.7,79,9.5,104,12.5,28,31.8,11,22.4,6,50,633,0.76,1205,1.45,271,0.33,121,0.15,55,0.07,1997,2.4,2410,2.9,940,1.1,1728,2.1,1507,1.8,221,0.3,314,0.4,565,0.7
201920,Academic year,Regional,E92000001,England,E12000004,East Midlands,,,,Revised,Alternative Provision,Total,Total,Total,Total,25,611,4276.75,7,288,47.1,8,1.3,40,6.5,1,0.2,0,0,1,0.2,267.96,0.44,334,54.7,323,52.9,112,18.3,308,50.4,72,11.8,43,7,2,0.3,17,2.8,19,3.1,6,8.3,4,9.3,1,50,51,8.3,56,9.2,18,25,9,20.9,2,100,378,0.62,725,1.19,191.5,0.31,109,0.18,13,0.02,1169,1.9,1450,2.4,630,1,1027.75,1.7,879.75,1.4,148,0.2,223,0.4,314,0.5
201920,Academic year,Regional,E92000001,England,E12000005,West Midlands,,,,Revised,Alternative Provision,Total,Total,Total,Total,49,1087,8462.5,7.8,534,49.1,28,2.6,91,8.4,0,0,0,0,0,0,540.05,0.5,642,59.1,621,57.1,144,13.2,591,54.4,160,14.7,78,7.2,4,0.4,32,2.9,61,5.6,25,15.6,8,10.3,3,75,74,6.8,149,13.7,44,27.5,27,34.6,3,75,526,0.48,1490,1.37,491,0.45,215,0.2,27,0.02,2113,1.9,2980,2.7,1576,1.4,1793.5,1.6,1514,1.4,279.5,0.3,541,0.5,556,0.5
201920,Academic year,Regional,E92000001,England,E12000006,East of England,,,,Revised,Alternative Provision,Total,Total,Total,Total,43,828,5983.5,7.2,359,43.4,19,2.3,63,7.6,0,0,0,0,0,0,387.83,0.47,513,62,503,60.7,98,11.8,455,55,118,14.3,20,2.4,2,0.2,29,3.5,42,5.1,14,11.9,6,30,1,50,56,6.8,124,15,32,27.1,11,55,1,50,376,0.45,1213,1.46,331,0.4,70,0.08,6,0.01,1437,1.7,2426,2.9,1097,1.3,1023.5,1.2,868,1,155.5,0.2,389,0.5,293,0.4
201920,Academic year,Regional,E92000001,England,E12000007,Inner London,,,,Revised,Alternative Provision,Total,Total,Total,Total,34,844,7290.75,8.6,376,44.5,40,4.7,101,12,2,0.2,0,0,1,0.1,465.7,0.55,509,60.3,500,59.2,102,12.1,460,54.5,141,16.7,30,3.6,18,2.1,26,3.1,65,7.7,25,17.7,7,23.3,5,27.8,39,4.6,159,18.8,48,34,15,50,8,44.4,356,0.42,1351,1.6,460.5,0.55,102,0.12,64,0.08,1642,1.9,2702,3.2,1250.5,1.5,1696.25,2,1379.5,1.6,316.75,0.4,386,0.5,476,0.6
201920,Academic year,Regional,E92000001,England,E12000007,Outer London,,,,Revised,Alternative Provision,Total,Total,Total,Total,41,1238,11671,9.4,473,38.2,64,5.2,166,13.4,1,0.1,0,0,0,0,756.23,0.61,688,55.6,679,54.8,202,16.3,610,49.3,162,13.1,98,7.9,30,2.4,59,4.8,110,8.9,61,37.7,21,21.4,29,96.7,120,9.7,241,19.5,89,54.9,41,41.8,29,96.7,794,0.64,1918,1.55,652.5,0.53,307,0.25,212,0.17,2592,2.1,3836,3.1,2417.5,2,2825.5,2.3,2580.5,2.1,245,0.2,635,0.5,748,0.6
201920,Academic year,Regional,E92000001,England,E12000008,South East,,,,Revised,Alternative Provision,Total,Total,Total,Total,53,1004,8811.5,8.8,494,49.2,21,2.1,86,8.6,4,0.4,2,0.2,2,0.2,602.78,0.6,628,62.5,611,60.9,141,14,584,58.2,233,23.2,53,5.3,10,1,20,2,66,6.6,29,12.4,16,30.2,7,70,61,6.1,178,17.7,69,29.6,19,35.8,8,80,470,0.47,1543,1.54,692.5,0.69,164,0.16,54,0.05,1895,1.9,3086,3.1,1839,1.8,1991.5,2,1638,1.6,353.5,0.4,593,0.6,607,0.6
201920,Academic year,Regional,E92000001,England,E12000009,South West,,,,Revised,Alternative Provision,Total,Total,Total,Total,48,914,8349,9.1,502,54.9,37,4,124,13.6,0,0,0,0,0,0,514.92,0.56,616,67.4,610,66.7,122,13.3,573,62.7,159,17.4,50,5.5,6,0.7,37,4,81,8.9,13,8.2,14,28,3,50,73,8,177,19.4,40,25.2,25,50,3,50,457,0.5,1575,1.72,430.5,0.47,167,0.18,29,0.03,2090,2.3,3150,3.4,1753.5,1.9,1355.5,1.5,1272.5,1.4,83,0.1,594,0.6,398,0.4
201920,Academic year,Local authority,E92000001,England,E12000001,North East,840,E06000047,County Durham,Revised,Alternative Provision,Total,Total,Total,Total,3,104,783,7.5,55,52.9,0,0,6,5.8,0,0,0,0,0,0,51.76,0.5,79,76,78,75,18,17.3,77,74,14,13.5,3,2.9,0,0,1,1,4,3.8,1,7.1,0,0,0,0,9,8.7,13,12.5,3,21.4,1,33.3,0,0,60,0.58,158,1.52,41.5,0.4,9,0.09,0,0,212,2,316,3,139,1.3,116,1.1,110,1.1,6,0.1,47,0.5,41,0.4
201920,Academic year,Local authority,E92000001,England,E12000001,North East,841,E06000005,Darlington,Revised,Alternative Provision,Total,Total,Total,Total,2,26,110.25,4.2,10,38.5,1,3.8,2,7.7,0,0,0,0,0,0,8.17,0.31,11,42.3,9,34.6,1,3.8,10,38.5,2,7.7,2,7.7,1,3.8,0,0,2,7.7,0,0,0,0,0,0,1,3.8,3,11.5,1,50,1,50,1,100,4,0.15,26,1,5,0.19,5,0.19,4,0.15,29,1.1,52,2,19,0.7,10.25,0.4,5,0.2,5.25,0.2,7,0.3,4,0.2
201920,Academic year,Local authority,E92000001,England,E12000001,North East,390,E08000037,Gateshead,Revised,Alternative Provision,Total,Total,Total,Total,2,52,510.75,9.8,41,78.8,3,5.8,8,15.4,0,0,0,0,0,0,34.85,0.67,44,84.6,41,78.8,15,28.8,43,82.7,8,15.4,3,5.8,0,0,2,3.8,6,11.5,0,0,0,0,0,0,7,13.5,13,25,2,25,0,0,0,0,55,1.06,108,2.08,18.5,0.36,9,0.17,0,0,164,3.2,216,4.2,46,0.9,84.75,1.6,60,1.2,24.75,0.5,17,0.3,27,0.5
201920,Academic year,Local authority,E92000001,England,E12000001,North East,805,E06000001,Hartlepool,Revised,Alternative Provision,Total,Total,Total,Total,2,13,88,6.8,8,61.5,0,0,0,0,0,0,0,0,0,0,5.49,0.42,8,61.5,8,61.5,4,30.8,8,61.5,4,30.8,0,0,0,0,0,0,0,0,0,0,0,0,0,0,0,0,0,0,0,0,0,0,0,0,6,0.46,14,1.08,6.5,0.5,0,0,0,0,18,1.4,28,2.2,13,1,29,2.2,29,2.2,0,0,8,0.6,15,1.2
201920,Academic year,Local authority,E92000001,England,E12000001,North East,806,E06000002,Middlesbrough,Revised,Alternative Provision,Total,Total,Total,Total,2,64,677.5,10.6,33,51.6,1,1.6,4,6.3,0,0,0,0,0,0,43.67,0.68,38,59.4,38,59.4,28,43.8,36,56.3,31,48.4,0,0,0,0,1,1.6,2,3.1,0,0,0,0,0,0,6,9.4,10,15.6,1,3.2,0,0,0,0,79,1.23,101,1.58,41,0.64,0,0,0,0,171,2.7,202,3.2,82,1.3,222.5,3.5,93,1.5,129.5,2,56,0.9,64,1
201920,Academic year,Local authority,E92000001,England,E12000001,North East,391,E08000021,Newcastle upon Tyne,Revised,Alternative Provision,Total,Total,Total,Total,3,52,489.25,9.4,19,36.5,5,9.6,10,19.2,0,0,0,0,0,0,32.51,0.63,31,59.6,31,59.6,7,13.5,26,50,5,9.6,4,7.7,0,0,3,5.8,8,15.4,4,80,2,50,0,0,4,7.7,13,25,5,100,3,75,0,0,28,0.54,97,1.87,26.5,0.51,17,0.33,0,0,107,2.1,194,3.7,107,2.1,81.25,1.6,63,1.2,18.25,0.4,28,0.5,20,0.4
201920,Academic year,Local authority,E92000001,England,E12000001,North East,392,E08000022,North Tyneside,Revised,Alternative Provision,Total,Total,Total,Total,2,41,482.5,11.8,29,70.7,4,9.8,13,31.7,0,0,0,0,0,0,26.19,0.64,35,85.4,35,85.4,4,9.8,31,75.6,5,12.2,0,0,0,0,2,4.9,6,14.6,0,0,0,0,0,0,4,9.8,16,39,2,40,0,0,0,0,19,0.46,109,2.66,14.5,0.35,0,0,0,0,121,3,218,5.3,29,0.7,114.5,2.8,94,2.3,20.5,0.5,10,0.2,30,0.7
201920,Academic year,Local authority,E92000001,England,E12000001,North East,929,E06000057,Northumberland,Revised,Alternative Provision,Total,Total,Total,Total,1,78,c,c,c,c,c,c,c,c,c,c,c,c,c,c,c,c,c,c,c,c,c,c,c,c,c,c,c,c,c,c,c,c,c,c,c,c,c,c,c,c,c,c,c,c,c,c,c,c,c,c,c,c,c,c,c,c,c,c,c,c,c,c,c,c,c,c,c,c,c,c,c,c,c,c,c,c
201920,Academic year,Local authority,E92000001,England,E12000001,North East,807,E06000003,Redcar and Cleveland,Revised,Alternative Provision,Total,Total,Total,Total,2,44,394,9,30,68.2,1,2.3,4,9.1,0,0,0,0,0,0,23.49,0.53,41,93.2,41,93.2,10,22.7,41,93.2,2,4.5,0,0,0,0,1,2.3,2,4.5,0,0,0,0,0,0,3,6.8,11,25,0,0,0,0,0,0,29,0.66,106,2.41,3,0.07,0,0,0,0,99,2.3,212,4.8,10,0.2,73,1.7,42,1,31,0.7,5,0.1,32,0.7
201920,Academic year,Local authority,E92000001,England,E12000001,North East,393,E08000023,South Tyneside,Revised,Alternative Provision,Total,Total,Total,Total,1,24,c,c,c,c,c,c,c,c,c,c,c,c,c,c,c,c,c,c,c,c,c,c,c,c,c,c,c,c,c,c,c,c,c,c,c,c,c,c,c,c,c,c,c,c,c,c,c,c,c,c,c,c,c,c,c,c,c,c,c,c,c,c,c,c,c,c,c,c,c,c,c,c,c,c,c,c
201920,Academic year,Local authority,E92000001,England,E12000001,North East,808,E06000004,Stockton-on-Tees,Revised,Alternative Provision,Total,Total,Total,Total,2,31,229,7.4,14,45.2,0,0,0,0,0,0,0,0,0,0,18.34,0.59,16,51.6,15,48.4,10,32.3,14,45.2,13,41.9,0,0,0,0,0,0,0,0,0,0,0,0,0,0,0,0,4,12.9,0,0,0,0,0,0,24,0.77,37,1.19,24.5,0.79,0,0,0,0,54,1.7,74,2.4,49,1.6,52,1.7,52,1.7,0,0,26,0.8,28,0.9
201920,Academic year,Local authority,E92000001,England,E12000001,North East,394,E08000024,Sunderland,Revised,Alternative Provision,Total,Total,Total,Total,2,51,692.25,13.6,48,94.1,2,3.9,7,13.7,0,0,0,0,0,0,56.5,1.11,48,94.1,45,88.2,35,68.6,48,94.1,26,51,0,0,0,0,3,5.9,2,3.9,2,7.7,0,0,0,0,9,17.6,13,25.5,5,19.2,0,0,0,0,93,1.82,118,2.31,64,1.25,0,0,0,0,198,3.9,236,4.6,128,2.5,130.25,2.6,129,2.5,1.25,0,52,1,60,1.2
201920,Academic year,Local authority,E92000001,England,E12000002,North West,889,E06000008,Blackburn with Darwen,Revised,Alternative Provision,Total,Total,Total,Total,3,58,656.25,11.3,55,94.8,0,0,7,12.1,0,0,0,0,0,0,44.83,0.77,57,98.3,55,94.8,3,5.2,57,98.3,26,44.8,2,3.4,0,0,1,1.7,1,1.7,0,0,0,0,0,0,2,3.4,14,24.1,4,15.4,0,0,0,0,11,0.19,122,2.1,65,1.12,6,0.1,0,0,156,2.7,244,4.2,170,2.9,86.25,1.5,72,1.2,14.25,0.2,69,1.2,33,0.6
201920,Academic year,Local authority,E92000001,England,E12000002,North West,890,E06000009,Blackpool,Revised,Alternative Provision,Total,Total,Total,Total,2,83,488,5.9,27,32.5,4,4.8,10,12,0,0,0,0,0,0,17.68,0.21,34,41,34,41,1,1.2,30,36.1,0,0,0,0,0,0,0,0,4,4.8,0,0,0,0,0,0,1,1.2,15,18.1,0,0,0,0,0,0,4,0.05,102,1.23,0,0,0,0,0,0,107,1.3,204,2.5,78,0.9,99,1.2,92,1.1,7,0.1,28,0.3,24,0.3
201920,Academic year,Local authority,E92000001,England,E12000002,North West,350,E08000001,Bolton,Revised,Alternative Provision,Total,Total,Total,Total,4,95,592,6.2,59,62.1,1,1.1,8,8.4,0,0,0,0,0,0,30.18,0.32,62,65.3,61,64.2,8,8.4,60,63.2,0,0,5,5.3,0,0,1,1.1,4,4.2,0,0,1,20,0,0,3,3.2,14,14.7,0,0,1,20,0,0,26,0.27,144,1.52,0,0,11,0.12,0,0,174,1.8,288,3,65,0.7,65,0.7,65,0.7,0,0,22,0.2,22,0.2
201920,Academic year,Local authority,E92000001,England,E12000002,North West,351,E08000002,Bury,Revised,Alternative Provision,Total,Total,Total,Total,2,70,486.5,7,28,40,3,4.3,10,14.3,0,0,0,0,0,0,24.32,0.35,38,54.3,38,54.3,2,2.9,34,48.6,2,2.9,1,1.4,0,0,1,1.4,7,10,1,50,0,0,0,0,2,2.9,15,21.4,1,50,1,100,0,0,9,0.13,116,1.66,8.5,0.12,4,0.06,0,0,109,1.6,232,3.3,72,1,73.5,1.1,57,0.8,16.5,0.2,22,0.3,18,0.3
201920,Academic year,Local authority,E92000001,England,E12000002,North West,895,E06000049,Cheshire East,Revised,Alternative Provision,Total,Total,Total,Total,3,28,264.5,9.4,22,78.6,0,0,0,0,0,0,0,0,0,0,12.32,0.44,23,82.1,22,78.6,8,28.6,22,78.6,0,0,6,21.4,0,0,0,0,0,0,0,0,0,0,0,0,1,3.6,2,7.1,0,0,0,0,0,0,22,0.79,47,1.68,0,0,5,0.18,0,0,77,2.8,94,3.4,27,1,66.5,2.4,57,2,9.5,0.3,16,0.6,21,0.8
201920,Academic year,Local authority,E92000001,England,E12000002,North West,896,E06000050,Cheshire West and Chester,Revised,Alternative Provision,Total,Total,Total,Total,2,24,252,10.5,21,87.5,1,4.2,2,8.3,0,0,0,0,0,0,17.85,0.74,21,87.5,21,87.5,8,33.3,21,87.5,4,16.7,0,0,0,0,1,4.2,1,4.2,0,0,0,0,0,0,4,16.7,6,25,0,0,0,0,0,0,27,1.13,55,2.29,12.5,0.52,0,0,0,0,81,3.4,110,4.6,43,1.8,18,0.8,18,0.8,0,0,18,0.8,8,0.3
201920,Academic year,Local authority,E92000001,England,E12000002,North West,909,E10000006,Cumbria,Revised,Alternative Provision,Total,Total,Total,Total,4,68,630.5,9.3,43,63.2,2,2.9,7,10.3,0,0,0,0,0,0,37.39,0.55,49,72.1,48,70.6,16,23.5,48,70.6,12,17.6,1,1.5,0,0,3,4.4,2,2.9,3,25,1,100,0,0,5,7.4,10,14.7,3,25,1,100,0,0,51,0.75,106,1.56,30.5,0.45,6,0.09,0,0,154,2.3,212,3.1,76,1.1,188.5,2.8,152,2.2,36.5,0.5,28,0.4,57,0.8
201920,Academic year,Local authority,E92000001,England,E12000002,North West,876,E06000006,Halton,Revised,Alternative Provision,Total,Total,Total,Total,2,31,232,7.5,27,87.1,1,3.2,4,12.9,0,0,0,0,0,0,9.51,0.31,27,87.1,27,87.1,0,0,27,87.1,0,0,0,0,0,0,0,0,1,3.2,0,0,0,0,0,0,0,0,7,22.6,0,0,0,0,0,0,0,0,57,1.84,0,0,0,0,0,0,71,2.3,114,3.7,47,1.5,0,0,0,0,0,0,22,0.7,0,0
201920,Academic year,Local authority,E92000001,England,E12000002,North West,340,E08000011,Knowsley,Revised,Alternative Provision,Total,Total,Total,Total,2,41,255,6.2,11,26.8,1,2.4,2,4.9,0,0,0,0,0,0,16.49,0.4,27,65.9,25,61,1,2.4,27,65.9,6,14.6,1,2.4,0,0,0,0,2,4.9,0,0,0,0,0,0,1,2.4,4,9.8,2,33.3,0,0,0,0,4,0.1,59,1.44,18,0.44,0,0,0,0,38,0.9,118,2.9,36,0.9,63,1.5,63,1.5,0,0,10,0.2,22,0.5
201920,Academic year,Local authority,E92000001,England,E12000002,North West,888,E10000017,Lancashire,Revised,Alternative Provision,Total,Total,Total,Total,8,278,2742,9.9,163,58.6,14,5,43,15.5,0,0,0,0,0,0,189.16,0.68,198,71.2,197,70.9,54,19.4,181,65.1,54,19.4,21,7.6,0,0,10,3.6,26,9.4,7,13,3,14.3,0,0,30,10.8,67,24.1,12,22.2,6,28.6,0,0,192,0.69,555,2,163.5,0.59,61,0.22,0,0,742,2.7,1110,4,541,1.9,349,1.3,322,1.2,27,0.1,177,0.6,109,0.4
201920,Academic year,Local authority,E92000001,England,E12000002,North West,341,E08000012,Liverpool,Revised,Alternative Provision,Total,Total,Total,Total,4,90,534.5,5.9,32,35.6,2,2.2,6,6.7,0,0,0,0,0,0,31.51,0.35,39,43.3,38,42.2,6,6.7,34,37.8,14,15.6,1,1.1,1,1.1,2,2.2,2,2.2,0,0,1,100,1,100,4,4.4,8,8.9,1,7.1,1,100,1,100,23,0.26,85,0.94,34,0.38,5,0.06,8,0.09,131,1.5,170,1.9,151,1.7,82.5,0.9,60,0.7,22.5,0.3,49,0.5,21,0.2
201920,Academic year,Local authority,E92000001,England,E12000002,North West,352,E08000003,Manchester,Revised,Alternative Provision,Total,Total,Total,Total,2,112,1767.5,15.8,89,79.5,7,6.3,22,19.6,0,0,0,0,0,0,82.31,0.73,91,81.3,91,81.3,49,43.8,89,79.5,7,6.3,3,2.7,1,0.9,13,11.6,11,9.8,4,57.1,1,33.3,1,100,20,17.9,30,26.8,5,71.4,1,33.3,1,100,162,1.45,252,2.25,31,0.28,11,0.1,7,0.06,420,3.8,504,4.5,269,2.4,574.5,5.1,373,3.3,201.5,1.8,95,0.8,178,1.6
201920,Academic year,Local authority,E92000001,England,E12000002,North West,353,E08000004,Oldham,Revised,Alternative Provision,Total,Total,Total,Total,2,54,215,4,21,38.9,0,0,4,7.4,0,0,0,0,0,0,13.01,0.24,27,50,26,48.1,1,1.9,26,48.1,0,0,0,0,0,0,0,0,1,1.9,0,0,0,0,0,0,1,1.9,9,16.7,0,0,0,0,0,0,4,0.07,74,1.37,0,0,0,0,0,0,65,1.2,148,2.7,0,0,2,0,2,0,0,0,0,0,1,0
201920,Academic year,Local authority,E92000001,England,E12000002,North West,354,E08000005,Rochdale,Revised,Alternative Provision,Total,Total,Total,Total,2,61,318,5.2,5,8.2,3,4.9,4,6.6,0,0,0,0,0,0,22.34,0.37,32,52.5,30,49.2,3,4.9,30,49.2,2,3.3,2,3.3,0,0,3,4.9,5,8.2,1,50,1,50,0,0,3,4.9,11,18,2,100,1,50,0,0,20,0.33,86,1.41,9,0.15,10,0.16,0,0,47,0.8,172,2.8,29,0.5,70,1.1,70,1.1,0,0,6,0.1,14,0.2
201920,Academic year,Local authority,E92000001,England,E12000002,North West,355,E08000006,Salford,Revised,Alternative Provision,Total,Total,Total,Total,3,55,456,8.3,43,78.2,0,0,11,20,0,0,0,0,0,0,25.82,0.47,44,80,44,80,8,14.5,44,80,1,1.8,0,0,1,1.8,0,0,2,3.6,0,0,0,0,1,100,5,9.1,13,23.6,0,0,0,0,1,100,26,0.47,121,2.2,1.5,0.03,0,0,5,0.09,140,2.5,242,4.4,8,0.1,66,1.2,66,1.2,0,0,3,0.1,22,0.4
201920,Academic year,Local authority,E92000001,England,E12000002,North West,343,E08000014,Sefton,Revised,Alternative Provision,Total,Total,Total,Total,2,47,390.5,8.3,45,95.7,1,2.1,4,8.5,0,0,0,0,0,0,22.98,0.49,45,95.7,45,95.7,2,4.3,45,95.7,4,8.5,0,0,0,0,0,0,3,6.4,1,25,0,0,0,0,0,0,7,14.9,2,50,0,0,0,0,4,0.09,112,2.38,11,0.23,0,0,0,0,125,2.7,224,4.8,24,0.5,17.5,0.4,3,0.1,14.5,0.3,7,0.1,11,0.2
201920,Academic year,Local authority,E92000001,England,E12000002,North West,342,E08000013,St. Helens,Revised,Alternative Provision,Total,Total,Total,Total,2,29,94.75,3.3,7,24.1,0,0,1,3.4,0,0,0,0,0,0,3.51,0.12,9,31,8,27.6,0,0,7,24.1,0,0,0,0,0,0,0,0,0,0,0,0,0,0,0,0,0,0,2,6.9,0,0,0,0,0,0,0,0,21,0.72,0,0,0,0,0,0,20,0.7,42,1.4,12,0.4,20.75,0.7,16,0.6,4.75,0.2,5,0.2,6,0.2
201920,Academic year,Local authority,E92000001,England,E12000002,North West,356,E08000007,Stockport,Revised,Alternative Provision,Total,Total,Total,Total,3,52,344.5,6.6,25,48.1,0,0,1,1.9,1,1.9,0,0,0,0,18.85,0.36,33,63.5,27,51.9,8,15.4,27,51.9,4,7.7,3,5.8,3,5.8,2,3.8,0,0,0,0,0,0,0,0,3,5.8,3,5.8,1,25,1,33.3,0,0,28,0.54,54,1.04,11,0.21,7,0.13,2,0.04,97,1.9,108,2.1,68,1.3,71.5,1.4,52,1,19.5,0.4,26,0.5,18,0.3
201920,Academic year,Local authority,E92000001,England,E12000002,North West,357,E08000008,Tameside,Revised,Alternative Provision,Total,Total,Total,Total,2,61,154,2.5,8,13.1,1,1.6,1,1.6,0,0,0,0,0,0,9,0.15,17,27.9,15,24.6,4,6.6,10,16.4,4,6.6,3,4.9,0,0,0,0,1,1.6,0,0,0,0,0,0,1,1.6,2,3.3,0,0,0,0,0,0,8,0.13,30,0.49,5.5,0.09,5,0.08,0,0,39,0.6,60,1,16,0.3,39,0.6,37,0.6,2,0,6,0.1,12,0.2
201920,Academic year,Local authority,E92000001,England,E12000002,North West,358,E08000009,Trafford,Revised,Alternative Provision,Total,Total,Total,Total,2,18,342,19,14,77.8,3,16.7,7,38.9,0,0,0,0,0,0,28.33,1.57,15,83.3,15,83.3,3,16.7,14,77.8,9,50,1,5.6,1,5.6,1,5.6,4,22.2,2,22.2,0,0,1,100,2,11.1,10,55.6,6,66.7,1,100,1,100,16,0.89,58,3.22,41.5,2.31,4,0.22,9,0.5,76,4.2,116,6.4,109,6.1,41,2.3,41,2.3,0,0,24,1.3,10,0.6
201920,Academic year,Local authority,E92000001,England,E12000002,North West,877,E06000007,Warrington,Revised,Alternative Provision,Total,Total,Total,Total,2,8,15.75,2,2,25,0,0,0,0,0,0,0,0,0,0,1,0.13,2,25,2,25,0,0,2,25,2,25,0,0,0,0,0,0,0,0,0,0,0,0,0,0,0,0,0,0,0,0,0,0,0,0,0,0,2,0.25,2,0.25,0,0,0,0,2,0.3,4,0.5,4,0.5,5.75,0.7,0,0,5.75,0.7,4,0.5,2,0.3
201920,Academic year,Local authority,E92000001,England,E12000002,North West,359,E08000010,Wigan,Revised,Alternative Provision,Total,Total,Total,Total,2,76,394,5.2,21,27.6,0,0,5,6.6,0,0,0,0,0,0,22.49,0.3,39,51.3,38,50,8,10.5,37,48.7,1,1.3,1,1.3,1,1.3,3,3.9,0,0,0,0,0,0,0,0,5,6.6,8,10.5,1,100,1,100,0,0,32,0.42,90,1.18,4.5,0.06,4,0.05,0,0,96,1.3,180,2.4,25,0.3,93,1.2,93,1.2,0,0,6,0.1,24,0.3
201920,Academic year,Local authority,E92000001,England,E12000002,North West,344,E08000015,Wirral,Revised,Alternative Provision,Total,Total,Total,Total,1,77,c,c,c,c,c,c,c,c,c,c,c,c,c,c,c,c,c,c,c,c,c,c,c,c,c,c,c,c,c,c,c,c,c,c,c,c,c,c,c,c,c,c,c,c,c,c,c,c,c,c,c,c,c,c,c,c,c,c,c,c,c,c,c,c,c,c,c,c,c,c,c,c,c,c,c,c
201920,Academic year,Local authority,E92000001,England,E12000003,Yorkshire and The Humber,370,E08000016,Barnsley,Revised,Alternative Provision,Total,Total,Total,Total,1,27,c,c,c,c,c,c,c,c,c,c,c,c,c,c,c,c,c,c,c,c,c,c,c,c,c,c,c,c,c,c,c,c,c,c,c,c,c,c,c,c,c,c,c,c,c,c,c,c,c,c,c,c,c,c,c,c,c,c,c,c,c,c,c,c,c,c,c,c,c,c,c,c,c,c,c,c
201920,Academic year,Local authority,E92000001,England,E12000003,Yorkshire and The Humber,380,E08000032,Bradford,Revised,Alternative Provision,Total,Total,Total,Total,5,60,334,5.6,34,56.7,0,0,6,10,0,0,0,0,0,0,19.68,0.33,37,61.7,33,55,6,10,35,58.3,4,6.7,1,1.7,1,1.7,0,0,0,0,0,0,0,0,1,100,2,3.3,8,13.3,0,0,0,0,1,100,20,0.33,76,1.27,7.5,0.13,1,0.02,6,0.1,100,1.7,152,2.5,31,0.5,51,0.9,33,0.6,18,0.3,14,0.2,15,0.3
201920,Academic year,Local authority,E92000001,England,E12000003,Yorkshire and The Humber,381,E08000033,Calderdale,Revised,Alternative Provision,Total,Total,Total,Total,2,17,116.5,6.9,10,58.8,0,0,1,5.9,0,0,0,0,0,0,5.84,0.34,14,82.4,12,70.6,4,23.5,14,82.4,0,0,0,0,0,0,1,5.9,0,0,0,0,0,0,0,0,1,5.9,2,11.8,0,0,0,0,0,0,14,0.82,21,1.24,0,0,0,0,0,0,40,2.4,42,2.5,13,0.8,21.5,1.3,16,0.9,5.5,0.3,6,0.4,7,0.4
201920,Academic year,Local authority,E92000001,England,E12000003,Yorkshire and The Humber,371,E08000017,Doncaster,Revised,Alternative Provision,Total,Total,Total,Total,3,25,118.25,4.7,13,52,0,0,0,0,0,0,0,0,0,0,5.51,0.22,14,56,14,56,4,16,13,52,0,0,0,0,0,0,1,4,0,0,0,0,0,0,0,0,1,4,0,0,0,0,0,0,0,0,11,0.44,22,0.88,0,0,0,0,0,0,34,1.4,44,1.8,12,0.5,28.25,1.1,6,0.2,22.25,0.9,6,0.2,9,0.4
201920,Academic year,Local authority,E92000001,England,E12000003,Yorkshire and The Humber,811,E06000011,East Riding of Yorkshire,Revised,Alternative Provision,Total,Total,Total,Total,2,49,306.75,6.3,12,24.5,1,2,4,8.2,0,0,0,0,0,0,16.35,0.33,25,51,25,51,9,18.4,19,38.8,3,6.1,0,0,0,0,1,2,2,4.1,1,33.3,0,0,0,0,5,10.2,6,12.2,1,33.3,0,0,0,0,29,0.59,52,1.06,8.5,0.17,0,0,0,0,81,1.7,104,2.1,25,0.5,96.75,2,95,1.9,1.75,0,8,0.2,34,0.7
201920,Academic year,Local authority,E92000001,England,E12000003,Yorkshire and The Humber,810,E06000010,"Kingston upon Hull, City of",Revised,Alternative Provision,Total,Total,Total,Total,5,167,1993.5,11.9,122,73.1,0,0,25,15,0,0,0,0,0,0,101.81,0.61,146,87.4,145,86.8,79,47.3,129,77.2,4,2.4,3,1.8,4,2.4,9,5.4,2,1.2,0,0,0,0,3,75,32,19.2,31,18.6,2,50,0,0,3,75,252,1.51,305,1.83,13,0.08,5,0.03,23,0.14,626,3.7,610,3.7,111,0.7,646.5,3.9,633,3.8,13.5,0.1,30,0.2,219,1.3
201920,Academic year,Local authority,E92000001,England,E12000003,Yorkshire and The Humber,382,E08000034,Kirklees,Revised,Alternative Provision,Total,Total,Total,Total,2,9,109,12.1,3,33.3,1,11.1,2,22.2,0,0,0,0,0,0,10.66,1.18,4,44.4,4,44.4,2,22.2,3,33.3,3,33.3,2,22.2,0,0,1,11.1,2,22.2,2,66.7,1,50,0,0,1,11.1,3,33.3,2,66.7,2,100,0,0,8,0.89,14,1.56,16,1.78,10,1.11,0,0,23,2.6,28,3.1,42,4.7,16,1.8,12,1.3,4,0.4,8,0.9,6,0.7
201920,Academic year,Local authority,E92000001,England,E12000003,Yorkshire and The Humber,383,E08000035,Leeds,Revised,Alternative Provision,Total,Total,Total,Total,3,19,74.5,3.9,5,26.3,0,0,1,5.3,0,0,0,0,0,0,4.84,0.25,5,26.3,5,26.3,2,10.5,5,26.3,1,5.3,0,0,0,0,1,5.3,0,0,1,100,0,0,0,0,1,5.3,1,5.3,1,100,0,0,0,0,7,0.37,12,0.63,5,0.26,0,0,0,0,22,1.2,24,1.3,10,0.5,18.5,1,11,0.6,7.5,0.4,2,0.1,5,0.3
201920,Academic year,Local authority,E92000001,England,E12000003,Yorkshire and The Humber,812,E06000012,North East Lincolnshire,Revised,Alternative Provision,Total,Total,Total,Total,3,50,362,7.2,36,72,1,2,5,10,0,0,0,0,0,0,23.66,0.47,37,74,37,74,6,12,37,74,5,10,2,4,0,0,4,8,1,2,0,0,0,0,0,0,5,10,7,14,1,20,2,100,0,0,26,0.52,82,1.64,13,0.26,8,0.16,0,0,118,2.4,164,3.3,34,0.7,46,0.9,33,0.7,13,0.3,12,0.2,15,0.3
201920,Academic year,Local authority,E92000001,England,E12000003,Yorkshire and The Humber,813,E06000013,North Lincolnshire,Revised,Alternative Provision,Total,Total,Total,Total,3,14,58.25,4.2,4,28.6,0,0,0,0,0,0,0,0,0,0,4.5,0.32,4,28.6,3,21.4,4,28.6,4,28.6,3,21.4,0,0,0,0,0,0,0,0,0,0,0,0,0,0,1,7.1,1,7.1,0,0,0,0,0,0,8,0.57,6,0.43,6.5,0.46,0,0,0,0,16,1.1,12,0.9,13,0.9,17.25,1.2,16,1.1,1.25,0.1,6,0.4,9,0.6
201920,Academic year,Local authority,E92000001,England,E12000003,Yorkshire and The Humber,815,E10000023,North Yorkshire,Revised,Alternative Provision,Total,Total,Total,Total,6,63,646.75,10.3,34,54,1,1.6,5,7.9,0,0,0,0,0,0,54,0.86,45,71.4,44,69.8,20,31.7,35,55.6,33,52.4,1,1.6,0,0,5,7.9,2,3.2,3,9.1,0,0,0,0,8,12.7,7,11.1,7,21.2,0,0,0,0,67,1.06,88,1.4,83,1.32,3,0.05,0,0,193,3.1,176,2.8,175,2.8,102.75,1.6,96,1.5,6.75,0.1,64,1,35,0.6
201920,Academic year,Local authority,E92000001,England,E12000003,Yorkshire and The Humber,372,E08000018,Rotherham,Revised,Alternative Provision,Total,Total,Total,Total,3,70,518.75,7.4,57,81.4,2,2.9,5,7.1,0,0,0,0,0,0,34.36,0.49,61,87.1,60,85.7,1,1.4,58,82.9,10,14.3,0,0,0,0,1,1.4,3,4.3,2,20,0,0,0,0,1,1.4,8,11.4,4,40,0,0,0,0,6,0.09,128,1.83,36,0.51,0,0,0,0,136,1.9,256,3.7,78,1.1,48.75,0.7,34,0.5,14.75,0.2,21,0.3,15,0.2
201920,Academic year,Local authority,E92000001,England,E12000003,Yorkshire and The Humber,373,E08000019,Sheffield,Revised,Alternative Provision,Total,Total,Total,Total,2,97,572,5.9,49,50.5,2,2.1,3,3.1,0,0,0,0,0,0,35.56,0.37,55,56.7,54,55.7,16,16.5,53,54.6,6,6.2,10,10.3,2,2.1,2,2.1,4,4.1,0,0,0,0,0,0,3,3.1,7,7.2,2,33.3,2,20,0,0,47,0.48,99,1.02,20,0.21,21,0.22,6,0.06,148,1.5,198,2,116,1.2,110,1.1,80,0.8,30,0.3,49,0.5,40,0.4
201920,Academic year,Local authority,E92000001,England,E12000003,Yorkshire and The Humber,384,E08000036,Wakefield,Revised,Alternative Provision,Total,Total,Total,Total,3,69,245,3.6,13,18.8,0,0,1,1.4,0,0,0,0,0,0,14.16,0.21,24,34.8,24,34.8,4,5.8,21,30.4,4,5.8,0,0,0,0,0,0,0,0,0,0,0,0,0,0,3,4.3,2,2.9,1,25,0,0,0,0,14,0.2,46,0.67,12.5,0.18,0,0,0,0,64,0.9,92,1.3,27,0.4,62,0.9,59,0.9,3,0,9,0.1,15,0.2
201920,Academic year,Local authority,E92000001,England,E12000003,Yorkshire and The Humber,816,E06000014,York,Revised,Alternative Provision,Total,Total,Total,Total,2,93,1406.75,15.1,79,84.9,5,5.4,15,16.1,2,2.2,0,0,0,0,84.69,0.91,88,94.6,88,94.6,28,30.1,81,87.1,12,12.9,30,32.3,5,5.4,6,6.5,10,10.8,4,33.3,3,10,1,20,14,15.1,21,22.6,7,58.3,5,16.7,2,40,97,1.04,218,2.34,50,0.54,73,0.78,20,0.22,327,3.5,436,4.7,249,2.7,394.75,4.2,315,3.4,79.75,0.9,76,0.8,104,1.1
201920,Academic year,Local authority,E92000001,England,E12000004,East Midlands,831,E06000015,Derby,Revised,Alternative Provision,Total,Total,Total,Total,3,67,643,9.6,41,61.2,1,1.5,2,3,1,1.5,0,0,1,1.5,50.17,0.75,56,83.6,54,80.6,19,28.4,52,77.6,31,46.3,10,14.9,1,1.5,1,1.5,2,3,1,3.2,0,0,0,0,3,4.5,3,4.5,3,9.7,2,20,1,100,44,0.66,95,1.42,69,1.03,20,0.3,4,0.06,140,2.1,190,2.8,177,2.6,136,2,75,1.1,61,0.9,79,1.2,53,0.8
201920,Academic year,Local authority,E92000001,England,E12000004,East Midlands,830,E10000007,Derbyshire,Revised,Alternative Provision,Total,Total,Total,Total,4,135,834.25,6.2,47,34.8,2,1.5,11,8.1,0,0,0,0,0,0,70.35,0.52,59,43.7,59,43.7,20,14.8,51,37.8,34,25.2,6,4.4,0,0,4,3,4,3,3,8.8,0,0,0,0,13,9.6,17,12.6,10,29.4,2,33.3,0,0,76,0.56,139,1.03,95.5,0.71,16,0.12,0,0,227,1.7,278,2.1,207,1.5,122.25,0.9,107,0.8,15.25,0.1,74,0.5,39,0.3
201920,Academic year,Local authority,E92000001,England,E12000004,East Midlands,856,E06000016,Leicester,Revised,Alternative Provision,Total,Total,Total,Total,2,20,40,2,5,25,0,0,0,0,0,0,0,0,0,0,1.66,0.08,7,35,7,35,0,0,5,25,0,0,0,0,0,0,0,0,0,0,0,0,0,0,0,0,0,0,0,0,0,0,0,0,0,0,0,0,10,0.5,0,0,0,0,0,0,17,0.9,20,1,0,0,3,0.2,0,0,3,0.2,0,0,3,0.2
201920,Academic year,Local authority,E92000001,England,E12000004,East Midlands,855,E10000018,Leicestershire,Revised,Alternative Provision,Total,Total,Total,Total,1,19,c,c,c,c,c,c,c,c,c,c,c,c,c,c,c,c,c,c,c,c,c,c,c,c,c,c,c,c,c,c,c,c,c,c,c,c,c,c,c,c,c,c,c,c,c,c,c,c,c,c,c,c,c,c,c,c,c,c,c,c,c,c,c,c,c,c,c,c,c,c,c,c,c,c,c,c
201920,Academic year,Local authority,E92000001,England,E12000004,East Midlands,925,E10000019,Lincolnshire,Revised,Alternative Provision,Total,Total,Total,Total,5,100,277,2.8,36,36,0,0,3,3,0,0,0,0,0,0,15.47,0.15,43,43,38,38,3,3,37,37,0,0,0,0,0,0,1,1,1,1,0,0,0,0,0,0,2,2,4,4,0,0,0,0,0,0,12,0.12,81,0.81,0,0,0,0,0,0,97,1,162,1.6,2,0,16,0.2,16,0.2,0,0,2,0,4,0
201920,Academic year,Local authority,E92000001,England,E12000004,East Midlands,928,E10000021,Northamptonshire,Revised,Alternative Provision,Total,Total,Total,Total,3,92,1242.75,13.5,74,80.4,3,3.3,10,10.9,0,0,0,0,0,0,64.16,0.7,77,83.7,76,82.6,38,41.3,75,81.5,0,0,20,21.7,0,0,4,4.3,10,10.9,0,0,2,10,0,0,15,16.3,16,17.4,0,0,3,15,0,0,126,1.37,202,2.2,0,0,57,0.62,0,0,324,3.5,404,4.4,89,1,425.75,4.6,425.75,4.6,0,0,24,0.3,112,1.2
201920,Academic year,Local authority,E92000001,England,E12000004,East Midlands,892,E06000018,Nottingham,Revised,Alternative Provision,Total,Total,Total,Total,5,123,1091,8.9,74,60.2,2,1.6,13,10.6,0,0,0,0,0,0,56.81,0.46,79,64.2,76,61.8,29,23.6,76,61.8,6,4.9,7,5.7,0,0,5,4.1,2,1.6,1,16.7,2,28.6,0,0,16,13,14,11.4,4,66.7,2,28.6,0,0,103,0.84,178,1.45,22,0.18,16,0.13,0,0,315,2.6,356,2.9,131,1.1,289,2.3,234,1.9,55,0.4,40,0.3,96,0.8
201920,Academic year,Local authority,E92000001,England,E12000004,East Midlands,891,E10000024,Nottinghamshire,Revised,Alternative Provision,Total,Total,Total,Total,1,51,c,c,c,c,c,c,c,c,c,c,c,c,c,c,c,c,c,c,c,c,c,c,c,c,c,c,c,c,c,c,c,c,c,c,c,c,c,c,c,c,c,c,c,c,c,c,c,c,c,c,c,c,c,c,c,c,c,c,c,c,c,c,c,c,c,c,c,c,c,c,c,c,c,c,c,c
201920,Academic year,Local authority,E92000001,England,E12000004,East Midlands,857,E06000017,Rutland,Revised,Alternative Provision,Total,Total,Total,Total,1,4,c,c,c,c,c,c,c,c,c,c,c,c,c,c,c,c,c,c,c,c,c,c,c,c,c,c,c,c,c,c,c,c,c,c,c,c,c,c,c,c,c,c,c,c,c,c,c,c,c,c,c,c,c,c,c,c,c,c,c,c,c,c,c,c,c,c,c,c,c,c,c,c,c,c,c,c
201920,Academic year,Local authority,E92000001,England,E12000005,West Midlands,330,E08000025,Birmingham,Revised,Alternative Provision,Total,Total,Total,Total,7,167,1619,9.7,114,68.3,3,1.8,13,7.8,0,0,0,0,0,0,96.82,0.58,121,72.5,119,71.3,38,22.8,117,70.1,30,18,9,5.4,0,0,5,3,11,6.6,1,3.3,0,0,0,0,13,7.8,26,15.6,4,13.3,3,33.3,0,0,117,0.7,289,1.73,74.5,0.45,26,0.16,0,0,428,2.6,578,3.5,289,1.7,324,1.9,280,1.7,44,0.3,128,0.8,116,0.7
201920,Academic year,Local authority,E92000001,England,E12000005,West Midlands,331,E08000026,Coventry,Revised,Alternative Provision,Total,Total,Total,Total,3,64,500.75,7.8,37,57.8,0,0,2,3.1,0,0,0,0,0,0,36.49,0.57,45,70.3,45,70.3,13,20.3,42,65.6,12,18.8,24,37.5,0,0,2,3.1,1,1.6,0,0,0,0,0,0,8,12.5,3,4.7,1,8.3,2,8.3,0,0,48,0.75,81,1.27,26,0.41,38,0.59,0,0,139,2.2,162,2.5,125,2,74.75,1.2,67,1,7.75,0.1,60,0.9,29,0.5
201920,Academic year,Local authority,E92000001,England,E12000005,West Midlands,332,E08000027,Dudley,Revised,Alternative Provision,Total,Total,Total,Total,2,90,919,10.2,33,36.7,9,10,17,18.9,0,0,0,0,0,0,70.85,0.79,39,43.3,39,43.3,14,15.6,35,38.9,21,23.3,2,2.2,0,0,7,7.8,15,16.7,9,42.9,1,50,0,0,13,14.4,21,23.3,14,66.7,2,100,0,0,70,0.78,146,1.62,100,1.11,9,0.1,0,0,218,2.4,292,3.2,209,2.3,200,2.2,179,2,21,0.2,44,0.5,45,0.5
201920,Academic year,Local authority,E92000001,England,E12000005,West Midlands,884,E06000019,"Herefordshire, County of",Revised,Alternative Provision,Total,Total,Total,Total,2,27,133,4.9,12,44.4,0,0,2,7.4,0,0,0,0,0,0,7.01,0.26,15,55.6,15,55.6,0,0,13,48.1,1,3.7,0,0,0,0,0,0,0,0,0,0,0,0,0,0,0,0,4,14.8,1,100,0,0,0,0,0,0,34,1.26,4,0.15,0,0,0,0,33,1.2,68,2.5,8,0.3,24,0.9,24,0.9,0,0,2,0.1,6,0.2
201920,Academic year,Local authority,E92000001,England,E12000005,West Midlands,333,E08000028,Sandwell,Revised,Alternative Provision,Total,Total,Total,Total,3,165,698,4.2,48,29.1,1,0.6,5,3,0,0,0,0,0,0,46.5,0.28,84,50.9,73,44.2,8,4.8,60,36.4,17,10.3,11,6.7,3,1.8,1,0.6,2,1.2,2,11.8,2,18.2,2,66.7,4,2.4,8,4.8,4,23.5,6,54.5,2,66.7,25,0.15,97,0.59,50.5,0.31,38,0.23,18,0.11,209,1.3,194,1.2,157,1,138,0.8,138,0.8,0,0,48,0.3,44,0.3
201920,Academic year,Local authority,E92000001,England,E12000005,West Midlands,893,E06000051,Shropshire,Revised,Alternative Provision,Total,Total,Total,Total,2,37,567.5,15.3,27,73,4,10.8,8,21.6,0,0,0,0,0,0,36.51,0.99,29,78.4,29,78.4,3,8.1,27,73,7,18.9,9,24.3,0,0,2,5.4,7,18.9,4,57.1,3,33.3,0,0,2,5.4,13,35.1,6,85.7,5,55.6,0,0,14,0.38,93,2.51,38,1.03,36,0.97,0,0,98,2.6,186,5,171,4.6,112.5,3,106,2.9,6.5,0.2,44,1.2,34,0.9
201920,Academic year,Local authority,E92000001,England,E12000005,West Midlands,334,E08000029,Solihull,Revised,Alternative Provision,Total,Total,Total,Total,4,62,482.75,7.8,22,35.5,2,3.2,7,11.3,0,0,0,0,0,0,30.16,0.49,37,59.7,37,59.7,4,6.5,37,59.7,6,9.7,6,9.7,0,0,2,3.2,6,9.7,2,33.3,0,0,0,0,3,4.8,13,21,2,33.3,4,66.7,0,0,17,0.27,103,1.66,21,0.34,19,0.31,0,0,90,1.5,206,3.3,81,1.3,105.75,1.7,70,1.1,35.75,0.6,24,0.4,26,0.4
201920,Academic year,Local authority,E92000001,England,E12000005,West Midlands,860,E10000028,Staffordshire,Revised,Alternative Provision,Total,Total,Total,Total,7,143,1451.5,10.2,92,64.3,5,3.5,19,13.3,0,0,0,0,0,0,67.33,0.47,102,71.3,100,69.9,29,20.3,97,67.8,2,1.4,1,0.7,1,0.7,8,5.6,9,6.3,1,50,0,0,1,100,16,11.2,28,19.6,2,100,1,100,1,100,114,0.8,258,1.8,9.5,0.07,4,0.03,9,0.06,396,2.8,516,3.6,96,0.7,443.5,3.1,366,2.6,77.5,0.5,30,0.2,138,1
201920,Academic year,Local authority,E92000001,England,E12000005,West Midlands,861,E06000021,Stoke-on-Trent,Revised,Alternative Provision,Total,Total,Total,Total,3,60,247.75,4.1,15,25,0,0,3,5,0,0,0,0,0,0,14.66,0.24,16,26.7,15,25,12,20,16,26.7,1,1.7,1,1.7,0,0,0,0,1,1.7,0,0,0,0,0,0,3,5,5,8.3,1,100,1,100,0,0,36,0.6,40,0.67,4,0.07,4,0.07,0,0,78,1.3,80,1.3,33,0.6,56.75,0.9,51,0.9,5.75,0.1,11,0.2,21,0.4
201920,Academic year,Local authority,E92000001,England,E12000005,West Midlands,894,E06000020,Telford and Wrekin,Revised,Alternative Provision,Total,Total,Total,Total,3,33,281,8.5,26,78.8,0,0,5,15.2,0,0,0,0,0,0,19.34,0.59,26,78.8,26,78.8,2,6.1,26,78.8,10,30.3,1,3,0,0,0,0,3,9.1,0,0,0,0,0,0,1,3,7,21.2,1,10,0,0,0,0,7,0.21,65,1.97,21.5,0.65,1,0.03,0,0,59,1.8,130,3.9,44,1.3,48,1.5,48,1.5,0,0,21,0.6,15,0.5
201920,Academic year,Local authority,E92000001,England,E12000005,West Midlands,335,E08000030,Walsall,Revised,Alternative Provision,Total,Total,Total,Total,4,53,328.75,6.2,11,20.8,3,5.7,4,7.5,0,0,0,0,0,0,19.84,0.37,16,30.2,16,30.2,6,11.3,15,28.3,5,9.4,0,0,0,0,4,7.5,3,5.7,2,40,0,0,0,0,4,7.5,5,9.4,3,60,0,0,0,0,27,0.51,48,0.91,22,0.42,0,0,0,0,64,1.2,96,1.8,72,1.4,96.75,1.8,43,0.8,53.75,1,19,0.4,22,0.4
201920,Academic year,Local authority,E92000001,England,E12000005,West Midlands,937,E10000031,Warwickshire,Revised,Alternative Provision,Total,Total,Total,Total,1,50,c,c,c,c,c,c,c,c,c,c,c,c,c,c,c,c,c,c,c,c,c,c,c,c,c,c,c,c,c,c,c,c,c,c,c,c,c,c,c,c,c,c,c,c,c,c,c,c,c,c,c,c,c,c,c,c,c,c,c,c,c,c,c,c,c,c,c,c,c,c,c,c,c,c,c,c
201920,Academic year,Local authority,E92000001,England,E12000005,West Midlands,336,E08000031,Wolverhampton,Revised,Alternative Provision,Total,Total,Total,Total,3,60,458,7.6,30,50,0,0,1,1.7,0,0,0,0,0,0,34.34,0.57,40,66.7,39,65,6,10,37,61.7,19,31.7,2,3.3,0,0,1,1.7,0,0,1,5.3,0,0,0,0,3,5,3,5,1,5.3,0,0,0,0,22,0.37,83,1.38,47.5,0.79,6,0.1,0,0,106,1.8,166,2.8,107,1.8,79,1.3,58,1,21,0.4,41,0.7,27,0.5
201920,Academic year,Local authority,E92000001,England,E12000005,West Midlands,885,E10000034,Worcestershire,Revised,Alternative Provision,Total,Total,Total,Total,5,76,573.5,7.5,51,67.1,1,1.3,4,5.3,0,0,0,0,0,0,44.2,0.58,54,71.1,50,65.8,6,7.9,52,68.4,20,26.3,8,10.5,0,0,0,0,2,2.6,2,10,2,25,0,0,3,3.9,10,13.2,2,10,2,25,0,0,19,0.25,114,1.5,54,0.71,24,0.32,0,0,141,1.9,228,3,137,1.8,67.5,0.9,61,0.8,6.5,0.1,49,0.6,25,0.3
201920,Academic year,Local authority,E92000001,England,E12000006,East of England,822,E06000055,Bedford,Revised,Alternative Provision,Total,Total,Total,Total,2,33,498,15.1,20,60.6,5,15.2,10,30.3,0,0,0,0,0,0,35,1.06,24,72.7,24,72.7,12,36.4,22,66.7,8,24.2,2,6.1,1,3,9,27.3,6,18.2,1,12.5,1,50,1,100,11,33.3,13,39.4,2,25,1,50,1,100,67,2.03,87,2.64,23,0.7,5,0.15,5,0.15,154,4.7,174,5.3,63,1.9,107,3.2,107,3.2,0,0,20,0.6,23,0.7
201920,Academic year,Local authority,E92000001,England,E12000006,East of England,873,E10000003,Cambridgeshire,Revised,Alternative Provision,Total,Total,Total,Total,4,40,314.75,7.9,24,60,0,0,1,2.5,0,0,0,0,0,0,28.68,0.72,25,62.5,25,62.5,17,42.5,24,60,23,57.5,0,0,0,0,0,0,0,0,0,0,0,0,0,0,2,5,3,7.5,1,4.3,0,0,0,0,39,0.98,57,1.43,38,0.95,0,0,0,0,93,2.3,114,2.9,76,1.9,31.75,0.8,26,0.7,5.75,0.1,36,0.9,16,0.4
201920,Academic year,Local authority,E92000001,England,E12000006,East of England,823,E06000056,Central Bedfordshire,Revised,Alternative Provision,Total,Total,Total,Total,2,27,220,8.1,21,77.8,1,3.7,7,25.9,0,0,0,0,0,0,10.84,0.4,22,81.5,22,81.5,1,3.7,22,81.5,0,0,0,0,0,0,0,0,2,7.4,0,0,0,0,0,0,0,0,8,29.6,0,0,0,0,0,0,2,0.07,63,2.33,0,0,0,0,0,0,63,2.3,126,4.7,29,1.1,2,0.1,2,0.1,0,0,13,0.5,1,0
201920,Academic year,Local authority,E92000001,England,E12000006,East of England,881,E10000012,Essex,Revised,Alternative Provision,Total,Total,Total,Total,6,170,971,5.7,57,33.5,0,0,9,5.3,0,0,0,0,0,0,56.82,0.33,91,53.5,90,52.9,24,14.1,64,37.6,15,8.8,3,1.8,0,0,6,3.5,3,1.8,1,6.7,1,33.3,0,0,14,8.2,13,7.6,4,26.7,1,33.3,0,0,87,0.51,159,0.94,42.5,0.25,10,0.06,0,0,265,1.6,318,1.9,167,1,221,1.3,191,1.1,30,0.2,57,0.3,67,0.4
201920,Academic year,Local authority,E92000001,England,E12000006,East of England,919,E10000015,Hertfordshire,Revised,Alternative Provision,Total,Total,Total,Total,9,100,966.25,9.7,54,54,4,4,13,13,0,0,0,0,0,0,51.49,0.51,70,70,69,69,15,15,59,59,6,6,8,8,1,1,5,5,7,7,1,16.7,3,37.5,0,0,11,11,16,16,5,83.3,5,62.5,0,0,65,0.65,164,1.64,24.5,0.25,30,0.3,1,0.01,244,2.4,328,3.3,177,1.8,217.25,2.2,158,1.6,59.25,0.6,59,0.6,58,0.6
201920,Academic year,Local authority,E92000001,England,E12000006,East of England,821,E06000032,Luton,Revised,Alternative Provision,Total,Total,Total,Total,2,73,458,6.3,40,54.8,3,4.1,3,4.1,0,0,0,0,0,0,31.5,0.43,47,64.4,43,58.9,4,5.5,46,63,7,9.6,3,4.1,0,0,2,2.7,3,4.1,2,28.6,0,0,0,0,4,5.5,7,9.6,4,57.1,2,66.7,0,0,19,0.26,108,1.48,25.5,0.35,11,0.15,0,0,138,1.9,216,3,65,0.9,39,0.5,39,0.5,0,0,18,0.2,10,0.1
201920,Academic year,Local authority,E92000001,England,E12000006,East of England,926,E10000020,Norfolk,Revised,Alternative Provision,Total,Total,Total,Total,3,138,1187.5,8.6,69,50,6,4.3,15,10.9,0,0,0,0,0,0,93.51,0.68,77,55.8,75,54.3,15,10.9,76,55.1,48,34.8,2,1.4,0,0,7,5.1,9,6.5,6,12.5,1,50,0,0,11,8,24,17.4,12,25,1,50,0,0,68,0.49,204,1.48,140.5,1.02,8,0.06,0,0,269,1.9,408,3,297,2.2,213.5,1.5,199,1.4,14.5,0.1,100,0.7,59,0.4
201920,Academic year,Local authority,E92000001,England,E12000006,East of England,874,E06000031,Peterborough,Revised,Alternative Provision,Total,Total,Total,Total,2,72,176,2.4,0,0,0,0,0,0,0,0,0,0,0,0,10.01,0.14,25,34.7,24,33.3,0,0,19,26.4,0,0,0,0,0,0,0,0,2,2.8,0,0,0,0,0,0,0,0,9,12.5,0,0,0,0,0,0,0,0,60,0.83,0,0,0,0,0,0,0,0,120,1.7,0,0,56,0.8,56,0.8,0,0,0,0,12,0.2
201920,Academic year,Local authority,E92000001,England,E12000006,East of England,882,E06000033,Southend-on-Sea,Revised,Alternative Provision,Total,Total,Total,Total,3,39,192.25,4.9,5,12.8,0,0,1,2.6,0,0,0,0,0,0,11.84,0.3,26,66.7,26,66.7,5,12.8,26,66.7,0,0,0,0,0,0,0,0,2,5.1,0,0,0,0,0,0,1,2.6,6,15.4,0,0,0,0,0,0,12,0.31,59,1.51,0,0,0,0,0,0,24,0.6,118,3,0,0,50.25,1.3,15,0.4,35.25,0.9,0,0,22,0.6
201920,Academic year,Local authority,E92000001,England,E12000006,East of England,935,E10000029,Suffolk,Revised,Alternative Provision,Total,Total,Total,Total,8,103,669.75,6.5,38,36.9,0,0,2,1.9,0,0,0,0,0,0,40.29,0.39,75,72.8,74,71.8,3,2.9,66,64.1,9,8.7,0,0,0,0,0,0,7,6.8,2,22.2,0,0,0,0,1,1,20,19.4,2,22.2,0,0,0,0,10,0.1,176,1.71,28,0.27,0,0,0,0,112,1.1,352,3.4,147,1.4,58.75,0.6,50,0.5,8.75,0.1,52,0.5,17,0.2
201920,Academic year,Local authority,E92000001,England,E12000006,East of England,883,E06000034,Thurrock,Revised,Alternative Provision,Total,Total,Total,Total,2,33,330,10,31,93.9,0,0,2,6.1,0,0,0,0,0,0,17.85,0.54,31,93.9,31,93.9,2,6.1,31,93.9,2,6.1,2,6.1,0,0,0,0,1,3,1,50,0,0,0,0,1,3,5,15.2,2,100,1,50,0,0,7,0.21,76,2.3,9,0.27,6,0.18,0,0,75,2.3,152,4.6,76,2.3,27,0.8,25,0.8,2,0.1,34,1,8,0.2
201920,Academic year,Local authority,E92000001,England,E12000007,Inner London,202,E09000007,Camden,Revised,Alternative Provision,Total,Total,Total,Total,3,50,294,5.9,25,50,0,0,4,8,0,0,0,0,0,0,13.34,0.27,29,58,29,58,0,0,25,50,2,4,0,0,0,0,0,0,0,0,0,0,0,0,0,0,0,0,8,16,1,50,0,0,0,0,0,0,72,1.44,4,0.08,0,0,0,0,85,1.7,144,2.9,17,0.3,48,1,48,1,0,0,4,0.1,17,0.3
201920,Academic year,Local authority,E92000001,England,E12000007,Inner London,204,E09000012,Hackney,Revised,Alternative Provision,Total,Total,Total,Total,3,56,448.25,8,28,50,2,3.6,9,16.1,0,0,0,0,0,0,20.19,0.36,30,53.6,30,53.6,3,5.4,29,51.8,3,5.4,1,1.8,0,0,0,0,3,5.4,1,33.3,0,0,0,0,1,1.8,12,21.4,1,33.3,1,100,0,0,10,0.18,87,1.55,10,0.18,4,0.07,0,0,105,1.9,174,3.1,58.5,1,110.75,2,92.5,1.7,18.25,0.3,18,0.3,33,0.6
201920,Academic year,Local authority,E92000001,England,E12000007,Inner London,205,E09000013,Hammersmith and Fulham,Revised,Alternative Provision,Total,Total,Total,Total,3,34,308.75,9.1,22,64.7,0,0,3,8.8,0,0,0,0,0,0,20.51,0.6,24,70.6,24,70.6,2,5.9,23,67.6,12,35.3,2,5.9,0,0,0,0,0,0,0,0,0,0,0,0,0,0,5,14.7,0,0,0,0,0,0,6,0.18,57,1.68,29.5,0.87,1,0.03,0,0,69,2,114,3.4,81,2.4,44.75,1.3,43,1.3,1.75,0.1,31,0.9,15,0.4
201920,Academic year,Local authority,E92000001,England,E12000007,Inner London,309,E09000014,Haringey,Revised,Alternative Provision,Total,Total,Total,Total,2,73,650,8.9,36,49.3,2,2.7,7,9.6,1,1.4,0,0,0,0,44.19,0.61,41,56.2,40,54.8,6,8.2,41,56.2,9,12.3,6,8.2,8,11,4,5.5,6,8.2,2,22.2,0,0,1,12.5,5,6.8,15,20.5,4,44.4,3,50,2,25,31,0.42,121,1.66,33,0.45,21,0.29,26,0.36,139,1.9,242,3.3,179,2.5,90,1.2,90,1.2,0,0,61,0.8,24,0.3
201920,Academic year,Local authority,E92000001,England,E12000007,Inner London,206,E09000019,Islington,Revised,Alternative Provision,Total,Total,Total,Total,3,33,319.25,9.7,12,36.4,2,6.1,4,12.1,1,3,0,0,1,3,19.66,0.6,23,69.7,23,69.7,4,12.1,20,60.6,3,9.1,2,6.1,1,3,2,6.1,2,6.1,2,66.7,2,100,0,0,2,6.1,6,18.2,2,66.7,2,100,1,100,18,0.55,57,1.73,14.5,0.44,10,0.3,4,0.12,71,2.2,114,3.5,52,1.6,82.25,2.5,70,2.1,12.25,0.4,14,0.4,25,0.8
201920,Academic year,Local authority,E92000001,England,E12000007,Inner London,207,E09000020,Kensington and Chelsea,Revised,Alternative Provision,Total,Total,Total,Total,2,44,537,12.2,28,63.6,2,4.5,5,11.4,0,0,0,0,0,0,46.17,1.05,35,79.5,33,75,16,36.4,35,79.5,27,61.4,1,2.3,0,0,5,11.4,3,6.8,2,7.4,0,0,0,0,10,22.7,5,11.4,3,11.1,0,0,0,0,64,1.45,82,1.86,64,1.45,3,0.07,0,0,152,3.5,164,3.7,133,3,88,2,88,2,0,0,56,1.3,23,0.5
201920,Academic year,Local authority,E92000001,England,E12000007,Inner London,208,E09000022,Lambeth,Revised,Alternative Provision,Total,Total,Total,Total,2,52,92,1.8,3,5.8,1,1.9,1,1.9,0,0,0,0,0,0,3.67,0.07,17,32.7,16,30.8,1,1.9,5,9.6,2,3.8,0,0,0,0,0,0,1,1.9,0,0,0,0,0,0,0,0,1,1.9,0,0,0,0,0,0,1,0.02,15,0.29,3,0.06,0,0,0,0,12,0.2,30,0.6,6,0.1,44,0.8,8,0.2,36,0.7,4,0.1,14,0.3
201920,Academic year,Local authority,E92000001,England,E12000007,Inner London,209,E09000023,Lewisham,Revised,Alternative Provision,Total,Total,Total,Total,2,59,518.75,8.8,30,50.8,2,3.4,10,16.9,0,0,0,0,0,0,18.67,0.32,39,66.1,39,66.1,3,5.1,30,50.8,1,1.7,1,1.7,1,1.7,1,1.7,2,3.4,0,0,0,0,1,100,1,1.7,12,20.3,0,0,0,0,1,100,12,0.2,89,1.51,2.5,0.04,1,0.02,5,0.08,121,2.1,178,3,14,0.2,205.75,3.5,22,0.4,183.75,3.1,5,0.1,48,0.8
201920,Academic year,Local authority,E92000001,England,E12000007,Inner London,316,E09000025,Newham,Revised,Alternative Provision,Total,Total,Total,Total,4,202,1517.5,7.5,58,28.7,20,9.9,36,17.8,0,0,0,0,0,0,107.98,0.53,71,35.1,71,35.1,7,3.5,60,29.7,30,14.9,16,7.9,0,0,4,2,27,13.4,15,50,5,31.3,0,0,4,2,42,20.8,20,66.7,9,56.3,0,0,28,0.14,270,1.34,144.5,0.72,61,0.3,0,0,295,1.5,540,2.7,357,1.8,325.5,1.6,320,1.6,5.5,0,78,0.4,77,0.4
201920,Academic year,Local authority,E92000001,England,E12000007,Inner London,210,E09000028,Southwark,Revised,Alternative Provision,Total,Total,Total,Total,2,66,398,6,11,16.7,1,1.5,2,3,0,0,0,0,0,0,34.17,0.52,41,62.1,39,59.1,6,9.1,37,56.1,7,10.6,0,0,4,6.1,2,3,5,7.6,2,28.6,0,0,3,75,2,3,14,21.2,5,71.4,0,0,3,75,22,0.33,107,1.62,28,0.42,0,0,20,0.3,65,1,214,3.2,82,1.2,37,0.6,29,0.4,8,0.1,19,0.3,11,0.2
201920,Academic year,Local authority,E92000001,England,E12000007,Inner London,211,E09000030,Tower Hamlets,Revised,Alternative Provision,Total,Total,Total,Total,3,104,1275.25,12.3,96,92.3,6,5.8,17,16.3,0,0,0,0,0,0,62.17,0.6,99,95.2,98,94.2,38,36.5,97,93.3,0,0,0,0,4,3.8,5,4.8,8,7.7,0,0,0,0,0,0,9,8.7,27,26,0,0,0,0,1,25,114,1.1,250,2.4,0,0,0,0,9,0.09,395,3.8,500,4.8,9,0.1,371.25,3.6,351,3.4,20.25,0.2,4,0,101,1
201920,Academic year,Local authority,E92000001,England,E12000007,Inner London,212,E09000032,Wandsworth,Revised,Alternative Provision,Total,Total,Total,Total,3,50,530,10.6,8,16,1,2,1,2,0,0,0,0,0,0,44.97,0.9,41,82,39,78,0,0,39,78,29,58,1,2,0,0,0,0,5,10,0,0,0,0,0,0,0,0,7,14,8,27.6,0,0,0,0,0,0,92,1.84,88.5,1.77,1,0.02,0,0,28,0.6,184,3.7,184,3.7,134,2.7,128,2.6,6,0.1,62,1.2,44,0.9
201920,Academic year,Local authority,E92000001,England,E12000007,Inner London,213,E09000033,Westminster,Revised,Alternative Provision,Total,Total,Total,Total,2,21,402,19.1,19,90.5,1,4.8,2,9.5,0,0,0,0,0,0,30.01,1.43,19,90.5,19,90.5,16,76.2,19,90.5,16,76.2,0,0,0,0,3,14.3,3,14.3,1,6.3,0,0,0,0,5,23.8,5,23.8,4,25,0,0,0,0,50,2.38,52,2.48,39,1.86,0,0,0,0,105,5,104,5,78,3.7,115,5.5,90,4.3,25,1.2,30,1.4,44,2.1
201920,Academic year,Local authority,E92000001,England,E12000007,Outer London,301,E09000002,Barking and Dagenham,Revised,Alternative Provision,Total,Total,Total,Total,1,74,c,c,c,c,c,c,c,c,c,c,c,c,c,c,c,c,c,c,c,c,c,c,c,c,c,c,c,c,c,c,c,c,c,c,c,c,c,c,c,c,c,c,c,c,c,c,c,c,c,c,c,c,c,c,c,c,c,c,c,c,c,c,c,c,c,c,c,c,c,c,c,c,c,c,c,c
201920,Academic year,Local authority,E92000001,England,E12000007,Outer London,302,E09000003,Barnet,Revised,Alternative Provision,Total,Total,Total,Total,3,42,783,18.6,30,71.4,5,11.9,20,47.6,0,0,0,0,0,0,37.01,0.88,31,73.8,31,73.8,9,21.4,31,73.8,2,4.8,1,2.4,2,4.8,7,16.7,7,16.7,2,100,1,100,2,100,9,21.4,23,54.8,2,100,1,100,2,100,57,1.36,123,2.93,11.5,0.27,7,0.17,12,0.29,199,4.7,246,5.9,84,2,254,6,254,6,0,0,20,0.5,52,1.2
201920,Academic year,Local authority,E92000001,England,E12000007,Outer London,303,E09000004,Bexley,Revised,Alternative Provision,Total,Total,Total,Total,2,10,106,10.6,7,70,0,0,2,20,0,0,0,0,0,0,3,0.3,7,70,7,70,0,0,7,70,0,0,0,0,0,0,0,0,0,0,0,0,0,0,0,0,0,0,2,20,0,0,0,0,0,0,0,0,18,1.8,0,0,0,0,0,0,26,2.6,36,3.6,21,2.1,23,2.3,19,1.9,4,0.4,7,0.7,9,0.9
201920,Academic year,Local authority,E92000001,England,E12000007,Outer London,304,E09000005,Brent,Revised,Alternative Provision,Total,Total,Total,Total,2,79,854.75,10.8,33,41.8,5,6.3,13,16.5,0,0,0,0,0,0,62.18,0.79,37,46.8,37,46.8,29,36.7,34,43,10,12.7,19,24.1,2,2.5,6,7.6,8,10.1,4,40,0,0,2,100,15,19,13,16.5,6,60,3,15.8,2,100,105,1.33,115,1.46,46.5,0.59,44,0.56,16,0.2,221,2.8,230,2.9,207,2.6,196.75,2.5,110,1.4,86.75,1.1,64,0.8,58,0.7
201920,Academic year,Local authority,E92000001,England,E12000007,Outer London,305,E09000006,Bromley,Revised,Alternative Provision,Total,Total,Total,Total,2,45,507,11.3,26,57.8,2,4.4,6,13.3,0,0,0,0,0,0,12.34,0.27,27,60,27,60,0,0,27,60,0,0,0,0,0,0,0,0,3,6.7,0,0,0,0,0,0,0,0,7,15.6,0,0,0,0,0,0,0,0,74,1.64,0,0,0,0,0,0,92,2,148,3.3,58,1.3,209,4.6,209,4.6,0,0,15,0.3,62,1.4
201920,Academic year,Local authority,E92000001,England,E12000007,Outer London,306,E09000008,Croydon,Revised,Alternative Provision,Total,Total,Total,Total,2,210,619.25,2.9,14,6.7,0,0,2,1,0,0,0,0,0,0,31.38,0.15,69,32.9,68,32.4,6,2.9,49,23.3,3,1.4,0,0,0,0,1,0.5,5,2.4,0,0,0,0,0,0,4,1.9,19,9,1,33.3,0,0,0,0,22,0.1,152,0.72,7,0.03,0,0,0,0,102,0.5,304,1.4,21,0.1,192.25,0.9,187,0.9,5.25,0,7,0,59,0.3
201920,Academic year,Local authority,E92000001,England,E12000007,Outer London,307,E09000009,Ealing,Revised,Alternative Provision,Total,Total,Total,Total,2,133,1505.5,11.3,56,42.1,20,15,33,24.8,0,0,0,0,0,0,97.38,0.73,58,43.6,58,43.6,5,3.8,57,42.9,30,22.6,2,1.5,3,2.3,4,3,23,17.3,19,63.3,1,50,3,100,4,3,35,26.3,22,73.3,2,100,3,100,24,0.18,238,1.79,147,1.11,10,0.08,18,0.14,287,2.2,476,3.6,372,2.8,370.5,2.8,365,2.7,5.5,0,73,0.5,67,0.5
201920,Academic year,Local authority,E92000001,England,E12000007,Outer London,308,E09000010,Enfield,Revised,Alternative Provision,Total,Total,Total,Total,2,43,342,8,20,46.5,1,2.3,5,11.6,1,2.3,0,0,0,0,22.35,0.52,22,51.2,21,48.8,12,27.9,21,48.8,5,11.6,5,11.6,1,2.3,3,7,1,2.3,0,0,0,0,1,100,7,16.3,7,16.3,0,0,1,20,1,100,47,1.09,54,1.26,8.5,0.2,9,0.21,7,0.16,122,2.8,108,2.5,32,0.7,80,1.9,80,1.9,0,0,14,0.3,24,0.6
201920,Academic year,Local authority,E92000001,England,E12000007,Outer London,203,E09000011,Greenwich,Revised,Alternative Provision,Total,Total,Total,Total,2,85,599.75,7.1,22,25.9,1,1.2,4,4.7,0,0,0,0,0,0,42.33,0.5,51,60,51,60,0,0,47,55.3,15,17.6,0,0,0,0,0,0,3,3.5,5,33.3,0,0,0,0,0,0,17,20,8,53.3,0,0,0,0,0,0,138,1.62,58,0.68,0,0,0,0,69,0.8,276,3.2,126,1.5,128.75,1.5,114,1.3,14.75,0.2,34,0.4,33,0.4
201920,Academic year,Local authority,E92000001,England,E12000007,Outer London,310,E09000015,Harrow,Revised,Alternative Provision,Total,Total,Total,Total,2,19,72.75,3.8,6,31.6,0,0,0,0,0,0,0,0,0,0,3.5,0.18,8,42.1,8,42.1,1,5.3,8,42.1,0,0,0,0,0,0,0,0,0,0,0,0,0,0,0,0,0,0,1,5.3,0,0,0,0,0,0,3,0.16,18,0.95,0,0,0,0,0,0,17,0.9,36,1.9,18,0.9,1.75,0.1,0,0,1.75,0.1,7,0.4,1,0.1
201920,Academic year,Local authority,E92000001,England,E12000007,Outer London,311,E09000016,Havering,Revised,Alternative Provision,Total,Total,Total,Total,2,55,269.75,4.9,22,40,0,0,4,7.3,0,0,0,0,0,0,14.83,0.27,27,49.1,26,47.3,5,9.1,23,41.8,3,5.5,2,3.6,1,1.8,0,0,3,5.5,0,0,0,0,0,0,3,5.5,6,10.9,0,0,0,0,0,0,16,0.29,60,1.09,4,0.07,3,0.05,2,0.04,78,1.4,120,2.2,13,0.2,58.75,1.1,48,0.9,10.75,0.2,7,0.1,19,0.3
201920,Academic year,Local authority,E92000001,England,E12000007,Outer London,312,E09000017,Hillingdon,Revised,Alternative Provision,Total,Total,Total,Total,2,59,786.5,13.3,42,71.2,2,3.4,8,13.6,0,0,0,0,0,0,54.49,0.92,46,78,46,78,25,42.4,45,76.3,9,15.3,8,13.6,1,1.7,4,6.8,6,10.2,4,44.4,2,25,1,100,14,23.7,10,16.9,6,66.7,5,62.5,1,100,94,1.59,118,2,39.5,0.67,31,0.53,5,0.08,229,3.9,236,4,156,2.6,165.5,2.8,152,2.6,13.5,0.2,38,0.6,52,0.9
201920,Academic year,Local authority,E92000001,England,E12000007,Outer London,313,E09000018,Hounslow,Revised,Alternative Provision,Total,Total,Total,Total,2,66,336,5.1,7,10.6,1,1.5,4,6.1,0,0,0,0,0,0,12.83,0.19,33,50,33,50,2,3,7,10.6,4,6.1,1,1.5,1,1.5,2,3,1,1.5,1,25,0,0,1,100,2,3,4,6.1,2,50,1,100,1,100,10,0.15,22,0.33,17,0.26,4,0.06,7,0.11,48,0.7,44,0.7,103,1.6,141,2.1,141,2.1,0,0,32,0.5,34,0.5
201920,Academic year,Local authority,E92000001,England,E12000007,Outer London,314,E09000021,Kingston upon Thames,Revised,Alternative Provision,Total,Total,Total,Total,2,28,276.25,9.9,5,17.9,2,7.1,3,10.7,0,0,0,0,0,0,14.87,0.53,22,78.6,22,78.6,2,7.1,19,67.9,1,3.6,6,21.4,2,7.1,1,3.6,2,7.1,1,100,0,0,2,100,2,7.1,3,10.7,1,100,2,33.3,2,100,12,0.43,38,1.36,6,0.21,14,0.5,13,0.46,39,1.4,76,2.7,82,2.9,79.25,2.8,59,2.1,20.25,0.7,27,1,24,0.9
201920,Academic year,Local authority,E92000001,England,E12000007,Outer London,315,E09000024,Merton,Revised,Alternative Provision,Total,Total,Total,Total,2,70,780.75,11.2,24,34.3,3,4.3,5,7.1,0,0,0,0,0,0,71.82,1.03,38,54.3,38,54.3,14,20,33,47.1,23,32.9,3,4.3,15,21.4,6,8.6,6,8.6,3,13,0,0,15,100,10,14.3,9,12.9,8,34.8,0,0,15,100,60,0.86,106,1.51,71,1.01,6,0.09,117,1.67,145,2.1,212,3,277.5,4,146.25,2.1,135.5,1.9,10.75,0.2,66,0.9,39,0.6
201920,Academic year,Local authority,E92000001,England,E12000007,Outer London,317,E09000026,Redbridge,Revised,Alternative Provision,Total,Total,Total,Total,4,63,753.25,12,44,69.8,5,7.9,11,17.5,0,0,0,0,0,0,50.5,0.8,47,74.6,44,69.8,20,31.7,44,69.8,15,23.8,5,7.9,0,0,5,7.9,7,11.1,3,20,2,40,0,0,10,15.9,13,20.6,3,20,3,60,0,0,72,1.14,125,1.98,43,0.68,20,0.32,0,0,213,3.4,250,4,145,2.3,145.25,2.3,120,1.9,25.25,0.4,47,0.7,38,0.6
201920,Academic year,Local authority,E92000001,England,E12000007,Outer London,318,E09000027,Richmond upon Thames,Revised,Alternative Provision,Total,Total,Total,Total,1,4,c,c,c,c,c,c,c,c,c,c,c,c,c,c,c,c,c,c,c,c,c,c,c,c,c,c,c,c,c,c,c,c,c,c,c,c,c,c,c,c,c,c,c,c,c,c,c,c,c,c,c,c,c,c,c,c,c,c,c,c,c,c,c,c,c,c,c,c,c,c,c,c,c,c,c,c
201920,Academic year,Local authority,E92000001,England,E12000007,Outer London,319,E09000029,Sutton,Revised,Alternative Provision,Total,Total,Total,Total,3,59,536.5,9.1,8,13.6,0,0,5,8.5,0,0,0,0,0,0,35.53,0.6,40,67.8,39,66.1,6,10.2,38,64.4,7,11.9,2,3.4,1,1.7,3,5.1,4,6.8,1,14.3,2,100,1,100,6,10.2,15,25.4,4,57.1,2,100,1,100,29,0.49,111,1.88,27,0.46,12,0.2,7,0.12,66,1.1,222,3.8,117,2,131.5,2.2,85,1.4,46.5,0.8,33,0.6,33,0.6
201920,Academic year,Local authority,E92000001,England,E12000007,Outer London,320,E09000031,Waltham Forest,Revised,Alternative Provision,Total,Total,Total,Total,3,94,1230,13.1,43,45.7,10,10.6,21,22.3,0,0,0,0,0,0,108.7,1.16,59,62.8,57,60.6,7,7.4,55,58.5,32,34,25,26.6,1,1.1,1,1.1,20,21.3,18,56.3,9,36,1,100,4,4.3,30,31.9,25,78.1,15,60,1,100,24,0.26,208,2.21,157.5,1.68,97,1.03,8,0.09,186,2,416,4.4,439,4.7,189,2,189,2,0,0,96,1,51,0.5
201920,Academic year,Local authority,E92000001,England,E12000008,South East,867,E06000036,Bracknell Forest,Revised,Alternative Provision,Total,Total,Total,Total,2,40,450,11.3,1,2.5,0,0,0,0,0,0,0,0,0,0,53.82,1.35,35,87.5,35,87.5,0,0,35,87.5,32,80,1,2.5,0,0,0,0,7,17.5,5,15.6,1,100,0,0,0,0,16,40,8,25,1,100,0,0,0,0,109,2.73,104.5,2.61,5,0.13,0,0,0,0,218,5.5,217,5.4,15,0.4,4,0.1,11,0.3,66,1.7,5,0.1
201920,Academic year,Local authority,E92000001,England,E12000008,South East,846,E06000043,Brighton and Hove,Revised,Alternative Provision,Total,Total,Total,Total,2,52,743,14.3,45,86.5,2,3.8,11,21.2,0,0,0,0,0,0,31.36,0.6,46,88.5,45,86.5,2,3.8,46,88.5,7,13.5,0,0,0,0,0,0,5,9.6,1,14.3,0,0,0,0,2,3.8,17,32.7,4,57.1,0,0,0,0,8,0.15,130,2.5,25,0.48,0,0,0,0,142,2.7,260,5,149,2.9,192,3.7,192,3.7,0,0,50,1,54,1
201920,Academic year,Local authority,E92000001,England,E12000008,South East,825,E10000002,Buckinghamshire,Revised,Alternative Provision,Total,Total,Total,Total,2,76,636,8.4,41,53.9,1,1.3,5,6.6,0,0,0,0,0,0,59.02,0.78,42,55.3,42,55.3,5,6.6,41,53.9,33,43.4,2,2.6,0,0,0,0,4,5.3,8,24.2,0,0,0,0,2,2.6,12,15.8,16,48.5,1,50,0,0,17,0.22,106,1.39,112,1.47,7,0.09,0,0,119,1.6,212,2.8,231,3,74,1,57,0.8,17,0.2,62,0.8,18,0.2
201920,Academic year,Local authority,E92000001,England,E12000008,South East,845,E10000011,East Sussex,Revised,Alternative Provision,Total,Total,Total,Total,2,30,415.75,13.9,19,63.3,0,0,5,16.7,0,0,0,0,0,0,32.51,1.08,20,66.7,20,66.7,18,60,19,63.3,19,63.3,0,0,0,0,2,6.7,0,0,0,0,0,0,0,0,6,20,7,23.3,2,10.5,0,0,0,0,49,1.63,50,1.67,48,1.6,0,0,0,0,101,3.4,100,3.3,96,3.2,118.75,4,111,3.7,7.75,0.3,38,1.3,42,1.4
201920,Academic year,Local authority,E92000001,England,E12000008,South East,850,E10000014,Hampshire,Revised,Alternative Provision,Total,Total,Total,Total,8,79,810.5,10.3,52,65.8,2,2.5,9,11.4,0,0,0,0,0,0,52.85,0.67,56,70.9,52,65.8,18,22.8,55,69.6,17,21.5,2,2.5,0,0,3,3.8,3,3.8,2,11.8,1,50,0,0,8,10.1,14,17.7,7,41.2,1,50,0,0,64,0.81,138,1.75,55,0.7,5,0.06,0,0,209,2.6,276,3.5,169,2.1,156.5,2,114,1.4,42.5,0.5,54,0.7,46,0.6
201920,Academic year,Local authority,E92000001,England,E12000008,South East,921,E06000046,Isle of Wight,Revised,Alternative Provision,Total,Total,Total,Total,2,19,151,7.9,8,42.1,1,5.3,3,15.8,0,0,0,0,0,0,15.16,0.8,11,57.9,11,57.9,0,0,11,57.9,10,52.6,0,0,0,0,0,0,2,10.5,1,10,0,0,0,0,0,0,4,21.1,4,40,0,0,0,0,0,0,32,1.68,29.5,1.55,0,0,0,0,28,1.5,64,3.4,59,3.1,0,0,0,0,0,0,20,1.1,0,0
201920,Academic year,Local authority,E92000001,England,E12000008,South East,886,E10000016,Kent,Revised,Alternative Provision,Total,Total,Total,Total,6,103,573,5.6,38,36.9,2,1.9,10,9.7,0,0,0,0,0,0,35.5,0.34,46,44.7,45,43.7,15,14.6,39,37.9,12,11.7,6,5.8,0,0,1,1,6,5.8,0,0,0,0,0,0,3,2.9,17,16.5,2,16.7,0,0,0,0,43,0.42,110,1.07,26,0.25,8,0.08,0,0,148,1.4,220,2.1,65,0.6,140,1.4,84,0.8,56,0.5,32,0.3,51,0.5
201920,Academic year,Local authority,E92000001,England,E12000008,South East,887,E06000035,Medway,Revised,Alternative Provision,Total,Total,Total,Total,3,110,1388,12.6,58,52.7,3,2.7,9,8.2,2,1.8,1,0.9,1,0.9,89,0.81,84,76.4,81,73.6,26,23.6,82,74.5,29,26.4,25,22.7,2,1.8,3,2.7,11,10,2,6.9,5,20,1,50,10,9.1,22,20,9,31,6,24,1,50,79,0.72,209,1.9,88,0.8,63,0.57,7,0.06,245,2.2,418,3.8,242,2.2,483,4.4,333,3,150,1.4,76,0.7,126,1.1
201920,Academic year,Local authority,E92000001,England,E12000008,South East,826,E06000042,Milton Keynes,Revised,Alternative Provision,Total,Total,Total,Total,2,19,154,8.1,10,52.6,0,0,0,0,0,0,0,0,0,0,11.35,0.6,10,52.6,10,52.6,4,21.1,10,52.6,10,52.6,0,0,0,0,0,0,1,5.3,1,10,0,0,0,0,2,10.5,1,5.3,1,10,0,0,0,0,11,0.58,16,0.84,20.5,1.08,0,0,0,0,32,1.7,32,1.7,41,2.2,49,2.6,44,2.3,5,0.3,16,0.8,22,1.2
201920,Academic year,Local authority,E92000001,England,E12000008,South East,931,E10000025,Oxfordshire,Revised,Alternative Provision,Total,Total,Total,Total,2,36,205.25,5.7,15,41.7,1,2.8,1,2.8,0,0,0,0,0,0,13.16,0.37,19,52.8,19,52.8,1,2.8,17,47.2,2,5.6,2,5.6,0,0,1,2.8,3,8.3,1,50,1,50,0,0,1,2.8,4,11.1,2,100,2,100,0,0,7,0.19,43,1.19,9.5,0.26,10,0.28,0,0,44,1.2,86,2.4,36,1,39.25,1.1,25,0.7,14.25,0.4,9,0.3,10,0.3
201920,Academic year,Local authority,E92000001,England,E12000008,South East,851,E06000044,Portsmouth,Revised,Alternative Provision,Total,Total,Total,Total,1,1,c,c,c,c,c,c,c,c,c,c,c,c,c,c,c,c,c,c,c,c,c,c,c,c,c,c,c,c,c,c,c,c,c,c,c,c,c,c,c,c,c,c,c,c,c,c,c,c,c,c,c,c,c,c,c,c,c,c,c,c,c,c,c,c,c,c,c,c,c,c,c,c,c,c,c,c
201920,Academic year,Local authority,E92000001,England,E12000008,South East,870,E06000038,Reading,Revised,Alternative Provision,Total,Total,Total,Total,2,43,185,4.3,30,69.8,0,0,1,2.3,0,0,0,0,0,0,9.83,0.23,31,72.1,29,67.4,1,2.3,30,69.8,0,0,0,0,0,0,1,2.3,0,0,0,0,0,0,0,0,1,2.3,1,2.3,0,0,0,0,0,0,5,0.12,54,1.26,0,0,0,0,0,0,64,1.5,108,2.5,0,0,13,0.3,13,0.3,0,0,0,0,5,0.1
201920,Academic year,Local authority,E92000001,England,E12000008,South East,871,E06000039,Slough,Revised,Alternative Provision,Total,Total,Total,Total,2,80,751,9.4,46,57.5,0,0,7,8.8,0,0,0,0,0,0,40.99,0.51,61,76.3,59,73.8,31,38.8,53,66.3,3,3.8,2,2.5,0,0,3,3.8,3,3.8,0,0,1,50,0,0,14,17.5,11,13.8,1,33.3,1,50,0,0,104,1.3,115,1.44,10,0.13,7,0.09,0,0,244,3.1,230,2.9,50,0.6,227,2.8,223,2.8,4,0.1,18,0.2,87,1.1
201920,Academic year,Local authority,E92000001,England,E12000008,South East,852,E06000045,Southampton,Revised,Alternative Provision,Total,Total,Total,Total,2,17,191,11.2,9,52.9,2,11.8,3,17.6,1,5.9,0,0,0,0,14.69,0.86,11,64.7,11,64.7,2,11.8,10,58.8,5,29.4,2,11.8,2,11.8,2,11.8,2,11.8,1,20,2,100,1,50,2,11.8,3,17.6,1,20,2,100,1,50,14,0.82,29,1.71,12,0.71,13,0.76,8,0.47,49,2.9,58,3.4,47,2.8,37,2.2,37,2.2,0,0,14,0.8,8,0.5
201920,Academic year,Local authority,E92000001,England,E12000008,South East,936,E10000030,Surrey,Revised,Alternative Provision,Total,Total,Total,Total,7,134,836.5,6.2,40,29.9,6,4.5,14,10.4,1,0.7,1,0.7,1,0.7,50.36,0.38,56,41.8,54,40.3,5,3.7,49,36.6,4,3,4,3,6,4.5,2,1.5,12,9,2,50,3,75,5,83.3,3,2.2,23,17.2,3,75,3,75,6,100,25,0.19,173,1.29,21.5,0.16,22,0.16,39,0.29,172,1.3,346,2.6,115,0.9,203.5,1.5,171,1.3,32.5,0.2,21,0.2,52,0.4
201920,Academic year,Local authority,E92000001,England,E12000008,South East,869,E06000037,West Berkshire,Revised,Alternative Provision,Total,Total,Total,Total,2,24,132,5.5,8,33.3,0,0,0,0,0,0,0,0,0,0,3.66,0.15,13,54.2,13,54.2,0,0,11,45.8,0,0,0,0,0,0,0,0,0,0,0,0,0,0,0,0,0,0,1,4.2,0,0,0,0,0,0,0,0,22,0.92,0,0,0,0,0,0,35,1.5,44,1.8,23,1,30,1.3,30,1.3,0,0,7,0.3,8,0.3
201920,Academic year,Local authority,E92000001,England,E12000008,South East,938,E10000032,West Sussex,Revised,Alternative Provision,Total,Total,Total,Total,2,104,905,8.7,61,58.7,1,1,6,5.8,0,0,0,0,0,0,70.2,0.68,64,61.5,63,60.6,3,2.9,63,60.6,46,44.2,1,1,0,0,1,1,7,6.7,4,8.7,0,0,0,0,1,1,22,21.2,8,17.4,0,0,0,0,9,0.09,174,1.67,117.5,1.13,3,0.03,0,0,168,1.6,348,3.3,244,2.3,145,1.4,137,1.3,8,0.1,94,0.9,44,0.4
201920,Academic year,Local authority,E92000001,England,E12000008,South East,868,E06000040,Windsor and Maidenhead,Revised,Alternative Provision,Total,Total,Total,Total,2,18,211,11.7,13,72.2,0,0,2,11.1,0,0,0,0,0,0,12.49,0.69,14,77.8,13,72.2,10,55.6,13,72.2,2,11.1,0,0,0,0,1,5.6,0,0,0,0,0,0,0,0,6,33.3,3,16.7,0,0,0,0,0,0,35,1.94,33,1.83,3.5,0.19,0,0,0,0,75,4.2,66,3.7,14,0.8,56,3.1,56,3.1,0,0,6,0.3,25,1.4
201920,Academic year,Local authority,E92000001,England,E12000008,South East,872,E06000041,Wokingham,Revised,Alternative Provision,Total,Total,Total,Total,2,19,73.5,3.9,0,0,0,0,0,0,0,0,0,0,0,0,6.83,0.36,9,47.4,9,47.4,0,0,0,0,2,10.5,6,31.6,0,0,0,0,0,0,1,50,2,33.3,0,0,0,0,0,0,1,50,2,33.3,0,0,0,0,0,0,10,0.53,21,1.11,0,0,20,1.1,0,0,41,2.2,12.5,0.7,7,0.4,5.5,0.3,10,0.5,4,0.2
201920,Academic year,Local authority,E92000001,England,E12000009,South West,800,E06000022,Bath and North East Somerset,Revised,Alternative Provision,Total,Total,Total,Total,1,2,c,c,c,c,c,c,c,c,c,c,c,c,c,c,c,c,c,c,c,c,c,c,c,c,c,c,c,c,c,c,c,c,c,c,c,c,c,c,c,c,c,c,c,c,c,c,c,c,c,c,c,c,c,c,c,c,c,c,c,c,c,c,c,c,c,c,c,c,c,c,c,c,c,c,c,c
201920,Academic year,Local authority,E92000001,England,E12000009,South West,839,E06000058,"Bournemouth, Christchurch and Poole",Revised,Alternative Provision,Total,Total,Total,Total,3,100,856.25,8.6,47,47,7,7,14,14,0,0,0,0,0,0,48.79,0.49,57,57,57,57,15,15,50,50,3,3,14,14,1,1,3,3,13,13,1,33.3,4,28.6,0,0,6,6,20,20,1,33.3,7,50,0,0,50,0.5,160,1.6,15.5,0.16,49,0.49,3,0.03,216,2.2,320,3.2,196,2,124.25,1.2,117,1.2,7.25,0.1,53,0.5,37,0.4
201920,Academic year,Local authority,E92000001,England,E12000009,South West,801,E06000023,"Bristol, City of",Revised,Alternative Provision,Total,Total,Total,Total,5,144,1048.75,7.3,75,52.1,5,3.5,18,12.5,0,0,0,0,0,0,66.03,0.46,93,64.6,92,63.9,15,10.4,88,61.1,13,9,6,4.2,3,2.1,5,3.5,8,5.6,1,7.7,2,33.3,1,33.3,11,7.6,27,18.8,4,30.8,3,50,1,33.3,59,0.41,224,1.56,40.5,0.28,21,0.15,11,0.08,309,2.1,448,3.1,175,1.2,116.75,0.8,98,0.7,18.75,0.1,54,0.4,33,0.2
201920,Academic year,Local authority,E92000001,England,E12000009,South West,908,E06000052,Cornwall,Revised,Alternative Provision,Total,Total,Total,Total,8,58,907.25,15.6,41,70.7,3,5.2,18,31,0,0,0,0,0,0,46.52,0.8,49,84.5,49,84.5,28,48.3,45,77.6,1,1.7,2,3.4,0,0,9,15.5,6,10.3,1,100,0,0,0,0,24,41.4,19,32.8,1,100,0,0,0,0,117,2.02,145,2.5,6,0.1,5,0.09,0,0,278,4.8,290,5,125,2.2,214.25,3.7,190,3.3,24.25,0.4,38,0.7,59,1
201920,Academic year,Local authority,E92000001,England,E12000009,South West,878,E10000008,Devon,Revised,Alternative Provision,Total,Total,Total,Total,5,86,451,5.2,30,34.9,5,5.8,8,9.3,0,0,0,0,0,0,25.68,0.3,34,39.5,34,39.5,12,14,31,36,1,1.2,2,2.3,0,0,4,4.7,7,8.1,1,100,1,50,0,0,4,4.7,11,12.8,1,100,2,100,0,0,38,0.44,94,1.09,6,0.07,10,0.12,0,0,137,1.6,188,2.2,91,1.1,35,0.4,35,0.4,0,0,29,0.3,13,0.2
201920,Academic year,Local authority,E92000001,England,E12000009,South West,838,E06000059,Dorset,Revised,Alternative Provision,Total,Total,Total,Total,5,63,878.5,13.9,48,76.2,3,4.8,6,9.5,0,0,0,0,0,0,49.71,0.79,54,85.7,54,85.7,13,20.6,50,79.4,14,22.2,8,12.7,0,0,5,7.9,6,9.5,0,0,2,25,0,0,9,14.3,12,19,4,28.6,6,75,0,0,55,0.87,126,2,43.5,0.69,30,0.48,0,0,193,3.1,252,4,210.5,3.3,223,3.5,213.5,3.4,9.5,0.2,79,1.3,62,1
201920,Academic year,Local authority,E92000001,England,E12000009,South West,916,E10000013,Gloucestershire,Revised,Alternative Provision,Total,Total,Total,Total,5,80,734,9.2,37,46.3,1,1.3,14,17.5,0,0,0,0,0,0,55.19,0.69,52,65,52,65,1,1.3,48,60,27,33.8,3,3.8,1,1.3,0,0,10,12.5,4,14.8,0,0,1,100,0,0,21,26.3,11,40.7,1,33.3,1,100,3,0.04,152,1.9,82,1.03,4,0.05,8,0.1,126,1.6,304,3.8,203,2.5,101,1.3,101,1.3,0,0,63,0.8,27,0.3
201920,Academic year,Local authority,E92000001,England,E12000009,South West,802,E06000024,North Somerset,Revised,Alternative Provision,Total,Total,Total,Total,2,40,364,9.1,24,60,0,0,4,10,0,0,0,0,0,0,10.84,0.27,30,75,30,75,0,0,26,65,0,0,0,0,0,0,0,0,1,2.5,0,0,0,0,0,0,0,0,7,17.5,0,0,0,0,0,0,0,0,65,1.63,0,0,0,0,0,0,74,1.9,130,3.3,64,1.6,96,2.4,96,2.4,0,0,24,0.6,22,0.6
201920,Academic year,Local authority,E92000001,England,E12000009,South West,879,E06000026,Plymouth,Revised,Alternative Provision,Total,Total,Total,Total,2,85,832,9.8,44,51.8,2,2.4,5,5.9,0,0,0,0,0,0,72.82,0.86,73,85.9,70,82.4,9,10.6,70,82.4,54,63.5,7,8.2,0,0,2,2.4,6,7.1,1,1.9,1,14.3,0,0,4,4.7,10,11.8,7,13,2,28.6,0,0,31,0.36,142,1.67,122,1.44,20,0.24,0,0,167,2,284,3.3,265,3.1,116,1.4,116,1.4,0,0,109,1.3,44,0.5
201920,Academic year,Local authority,E92000001,England,E12000009,South West,933,E10000027,Somerset,Revised,Alternative Provision,Total,Total,Total,Total,5,72,736.75,10.2,53,73.6,4,5.6,11,15.3,0,0,0,0,0,0,50.37,0.7,57,79.2,56,77.8,13,18.1,57,79.2,26,36.1,1,1.4,0,0,4,5.6,9,12.5,1,3.8,1,100,0,0,5,6.9,14,19.4,3,11.5,1,100,0,0,43,0.6,145,2.01,54.5,0.76,5,0.07,0,0,186,2.6,290,4,145,2,115.75,1.6,102,1.4,13.75,0.2,63,0.9,43,0.6
201920,Academic year,Local authority,E92000001,England,E12000009,South West,803,E06000025,South Gloucestershire,Revised,Alternative Provision,Total,Total,Total,Total,2,54,719.5,13.3,44,81.5,4,7.4,15,27.8,0,0,0,0,0,0,35.32,0.65,47,87,47,87,11,20.4,46,85.2,3,5.6,2,3.7,0,0,5,9.3,8,14.8,1,33.3,0,0,0,0,9,16.7,19,35.2,1,33.3,0,0,0,0,49,0.91,144,2.67,9,0.17,1,0.02,0,0,199,3.7,288,5.3,114,2.1,118.5,2.2,109,2,9.5,0.2,35,0.6,29,0.5
201920,Academic year,Local authority,E92000001,England,E12000009,South West,866,E06000030,Swindon,Revised,Alternative Provision,Total,Total,Total,Total,2,74,547,7.4,42,56.8,3,4.1,9,12.2,0,0,0,0,0,0,36.98,0.5,44,59.5,44,59.5,1,1.4,44,59.5,12,16.2,2,2.7,1,1.4,0,0,5,6.8,2,16.7,1,50,1,100,0,0,11,14.9,7,58.3,1,50,1,100,2,0.03,122,1.65,41,0.55,9,0.12,7,0.09,142,1.9,244,3.3,113,1.5,48,0.6,48,0.6,0,0,30,0.4,13,0.2
201920,Academic year,Local authority,E92000001,England,E12000009,South West,880,E06000027,Torbay,Revised,Alternative Provision,Total,Total,Total,Total,2,30,229,7.6,16,53.3,0,0,2,6.7,0,0,0,0,0,0,13.84,0.46,21,70,21,70,4,13.3,16,53.3,5,16.7,0,0,0,0,0,0,2,6.7,0,0,0,0,0,0,1,3.3,5,16.7,0,0,0,0,0,0,10,0.33,52,1.73,10.5,0.35,0,0,0,0,63,2.1,104,3.5,36,1.2,26,0.9,26,0.9,0,0,13,0.4,13,0.4
201920,Academic year,Local authority,E92000001,England,E12000009,South West,865,E06000054,Wiltshire,Revised,Alternative Provision,Total,Total,Total,Total,1,26,c,c,c,c,c,c,c,c,c,c,c,c,c,c,c,c,c,c,c,c,c,c,c,c,c,c,c,c,c,c,c,c,c,c,c,c,c,c,c,c,c,c,c,c,c,c,c,c,c,c,c,c,c,c,c,c,c,c,c,c,c,c,c,c,c,c,c,c,c,c,c,c,c,c,c,c
