time_period,time_identifier,version,geographic_level,country_code,country_name,table,school_type,school_admission_type,school_religious_denomination,subject,qualification_type,total_exam_entries,*,A,B,C,D,E,F,G,9,8,7,6,5,4,3,2,1,99,98,88,87,77,76,66,65,55,54,44,43,33,32,22,21,11,U,X
201920,Academic year,Revised,National,E92000001,England,S3,All Schools,Total,Total,Ancient History,GCSE,894,z,z,z,z,z,z,z,z,130,127,142,126,102,106,82,42,29,z,z,z,z,z,z,z,z,z,z,z,z,z,z,z,z,z,7,1
201920,Academic year,Revised,National,E92000001,England,S3,All Schools,Total,Total,Any classical study,GCSE,14307,z,z,z,z,z,z,z,z,5403,3180,2366,1602,918,494,191,86,24,z,z,z,z,z,z,z,z,z,z,z,z,z,z,z,z,z,11,32
201920,Academic year,Revised,National,E92000001,England,S3,All Schools,Total,Total,Any design & technology,GCSE,136272,z,z,z,z,z,z,z,z,7820,11695,16469,22290,24364,24100,18557,7851,2469,z,z,z,z,z,z,z,z,z,z,z,z,z,z,z,z,z,337,320
201920,Academic year,Revised,National,E92000001,England,S3,All Schools,Total,Total,Any modern language,GCSE,293831,z,z,z,z,z,z,z,z,31427,31116,38702,38410,57517,47557,33093,11737,2829,z,z,z,z,z,z,z,z,z,z,z,z,z,z,z,z,z,681,762
201920,Academic year,Revised,National,E92000001,England,S3,All Schools,Total,Total,Any science,GCSE,961677,z,z,z,z,z,z,z,z,86482,89148,104768,107334,81406,47681,21968,9574,4028,5592,4563,7577,9033,15662,17604,27759,24632,54909,39526,55538,39644,41505,23799,21049,10212,7064,2580,1040
201920,Academic year,Revised,National,E92000001,England,S3,All Schools,Total,Total,Art and Design,GCSE,187993,z,z,z,z,z,z,z,z,12057,17009,26163,36731,37383,31983,17719,6292,1738,z,z,z,z,z,z,z,z,z,z,z,z,z,z,z,z,z,241,677
201920,Academic year,Revised,National,E92000001,England,S3,All Schools,Total,Total,Biblical Hebrew,GCSE,92,z,z,z,z,z,z,z,z,11,12,20,12,18,9,7,2,1,z,z,z,z,z,z,z,z,z,z,z,z,z,z,z,z,z,0,0
201920,Academic year,Revised,National,E92000001,England,S3,All Schools,Total,Total,Biology,GCSE,161082,z,z,z,z,z,z,z,z,27264,27496,31888,33032,22144,11116,4742,2225,942,z,z,z,z,z,z,z,z,z,z,z,z,z,z,z,z,z,140,93
201920,Academic year,Revised,National,E92000001,England,S3,All Schools,Total,Total,Business,GCSE,91087,z,z,z,z,z,z,z,z,5540,8026,11816,16067,15975,15281,11006,5038,1945,z,z,z,z,z,z,z,z,z,z,z,z,z,z,z,z,z,302,91
201920,Academic year,Revised,National,E92000001,England,S3,All Schools,Total,Total,Chemistry,GCSE,157399,z,z,z,z,z,z,z,z,26488,26512,31049,30638,23467,12517,4582,1567,441,z,z,z,z,z,z,z,z,z,z,z,z,z,z,z,z,z,72,66
201920,Academic year,Revised,National,E92000001,England,S3,All Schools,Total,Total,Classical Civilisation,GCSE,3665,z,z,z,z,z,z,z,z,597,629,774,753,498,266,85,44,9,z,z,z,z,z,z,z,z,z,z,z,z,z,z,z,z,z,6,4
201920,Academic year,Revised,National,E92000001,England,S3,All Schools,Total,Total,Classical Greek,GCSE,1070,z,z,z,z,z,z,z,z,666,246,107,30,10,4,0,2,0,z,z,z,z,z,z,z,z,z,z,z,z,z,z,z,z,z,0,5
201920,Academic year,Revised,National,E92000001,England,S3,All Schools,Total,Total,Combined Science,GCSE,407969,z,z,z,z,z,z,z,z,z,z,z,z,z,z,z,z,z,5592,4563,7577,9033,15662,17604,27759,24632,54909,39526,55538,39644,41505,23799,21049,10212,7064,1711,590
201920,Academic year,Revised,National,E92000001,England,S3,All Schools,Total,Total,Computer Science,GCSE,76225,z,z,z,z,z,z,z,z,6537,8315,10465,11963,11834,11475,8087,4445,2302,z,z,z,z,z,z,z,z,z,z,z,z,z,z,z,z,z,573,229
201920,Academic year,Revised,National,E92000001,England,S3,All Schools,Total,Total,Dance,GCSE,8989,z,z,z,z,z,z,z,z,840,1070,1441,1667,1513,1274,831,265,57,z,z,z,z,z,z,z,z,z,z,z,z,z,z,z,z,z,11,20
201920,Academic year,Revised,National,E92000001,England,S3,All Schools,Total,Total,Design & Technology,GCSE,88977,z,z,z,z,z,z,z,z,5428,7970,11023,14550,15469,15398,11725,5171,1799,z,z,z,z,z,z,z,z,z,z,z,z,z,z,z,z,z,278,166
201920,Academic year,Revised,National,E92000001,England,S3,All Schools,Total,Total,Drama,GCSE,58082,z,z,z,z,z,z,z,z,5362,6969,8777,11325,9990,7870,5401,1820,446,z,z,z,z,z,z,z,z,z,z,z,z,z,z,z,z,z,60,62
201920,Academic year,Revised,National,E92000001,England,S3,All Schools,Total,Total,Economics,GCSE,6415,z,z,z,z,z,z,z,z,814,1017,1153,1330,965,647,333,121,26,z,z,z,z,z,z,z,z,z,z,z,z,z,z,z,z,z,1,8
201920,Academic year,Revised,National,E92000001,England,S3,All Schools,Total,Total,Engineering,GCSE,2867,z,z,z,z,z,z,z,z,153,237,357,465,490,478,415,199,57,z,z,z,z,z,z,z,z,z,z,z,z,z,z,z,z,z,13,3
201920,Academic year,Revised,National,E92000001,England,S3,All Schools,Total,Total,English Language,GCSE,577026,z,z,z,z,z,z,z,z,24761,40468,69563,104953,113608,107618,74088,28913,10164,z,z,z,z,z,z,z,z,z,z,z,z,z,z,z,z,z,2020,870
201920,Academic year,Revised,National,E92000001,England,S3,All Schools,Total,Total,English Literature,GCSE,563143,z,z,z,z,z,z,z,z,26026,40933,67959,100223,109383,100229,66821,32211,14507,z,z,z,z,z,z,z,z,z,z,z,z,z,z,z,z,z,3726,1125
201920,Academic year,Revised,National,E92000001,England,S3,All Schools,Total,Total,Film Studies,GCSE,4903,z,z,z,z,z,z,z,z,218,372,550,846,939,901,675,271,100,z,z,z,z,z,z,z,z,z,z,z,z,z,z,z,z,z,21,10
201920,Academic year,Revised,National,E92000001,England,S3,All Schools,Total,Total,Food Preparation & Nutrition,GCSE,47295,z,z,z,z,z,z,z,z,2392,3725,5446,7740,8895,8702,6832,2680,670,z,z,z,z,z,z,z,z,z,z,z,z,z,z,z,z,z,59,154
201920,Academic year,Revised,National,E92000001,England,S3,All Schools,Total,Total,French,GCSE,124944,z,z,z,z,z,z,z,z,10497,11337,15604,16450,26134,22302,15786,5267,1192,z,z,z,z,z,z,z,z,z,z,z,z,z,z,z,z,z,188,187
201920,Academic year,Revised,National,E92000001,England,S3,All Schools,Total,Total,Geography,GCSE,256427,z,z,z,z,z,z,z,z,18818,25423,32912,38248,38532,39387,33363,19239,9018,z,z,z,z,z,z,z,z,z,z,z,z,z,z,z,z,z,1233,254
201920,Academic year,Revised,National,E92000001,England,S3,All Schools,Total,Total,German,GCSE,40859,z,z,z,z,z,z,z,z,3973,4163,5827,6533,8466,6462,3877,1233,233,z,z,z,z,z,z,z,z,z,z,z,z,z,z,z,z,z,43,49
201920,Academic year,Revised,National,E92000001,England,S3,All Schools,Total,Total,History,GCSE,274948,z,z,z,z,z,z,z,z,19416,26561,34668,40837,40930,41810,35046,21140,11749,z,z,z,z,z,z,z,z,z,z,z,z,z,z,z,z,z,2577,214
201920,Academic year,Revised,National,E92000001,England,S3,All Schools,Total,Total,Latin,GCSE,9480,z,z,z,z,z,z,z,z,4129,2293,1465,807,392,215,99,38,14,z,z,z,z,z,z,z,z,z,z,z,z,z,z,z,z,z,5,23
201920,Academic year,Revised,National,E92000001,England,S3,All Schools,Total,Total,Mathematics,GCSE,571636,z,z,z,z,z,z,z,z,31149,45389,62710,73937,114789,112033,63405,41505,22809,z,z,z,z,z,z,z,z,z,z,z,z,z,z,z,z,z,3432,478
201920,Academic year,Revised,National,E92000001,England,S3,All Schools,Total,Total,Media/Film/TV,GCSE,29089,z,z,z,z,z,z,z,z,1399,2207,3524,5245,5779,5274,3611,1485,433,z,z,z,z,z,z,z,z,z,z,z,z,z,z,z,z,z,65,67
201920,Academic year,Revised,National,E92000001,England,S3,All Schools,Total,Total,Music,GCSE,34679,z,z,z,z,z,z,z,z,4721,5237,5834,6079,4966,3950,2643,916,249,z,z,z,z,z,z,z,z,z,z,z,z,z,z,z,z,z,50,34
201920,Academic year,Revised,National,E92000001,England,S3,All Schools,Total,Total,Other Modern Languages,GCSE,23297,z,z,z,z,z,z,z,z,7300,4861,3445,2048,2468,1406,831,262,78,z,z,z,z,z,z,z,z,z,z,z,z,z,z,z,z,z,244,354
201920,Academic year,Revised,National,E92000001,England,S3,All Schools,Total,Total,Other Sciences,GCSE,2305,z,z,z,z,z,z,z,z,513,414,335,319,259,217,146,61,25,z,z,z,z,z,z,z,z,z,z,z,z,z,z,z,z,z,6,10
201920,Academic year,Revised,National,E92000001,England,S3,All Schools,Total,Total,Physical Education,GCSE,73964,z,z,z,z,z,z,z,z,6179,7957,10371,14057,13219,11206,8111,2401,388,z,z,z,z,z,z,z,z,z,z,z,z,z,z,z,z,z,20,55
201920,Academic year,Revised,National,E92000001,England,S3,All Schools,Total,Total,Physics,GCSE,156697,z,z,z,z,z,z,z,z,25680,26411,31031,31382,23702,12356,4411,1276,318,z,z,z,z,z,z,z,z,z,z,z,z,z,z,z,z,z,78,52
201920,Academic year,Revised,National,E92000001,England,S3,All Schools,Total,Total,Religious Studies,GCSE,225108,z,z,z,z,z,z,z,z,21133,25273,31249,36593,34180,30521,25079,12902,6208,z,z,z,z,z,z,z,z,z,z,z,z,z,z,z,z,z,1472,498
201920,Academic year,Revised,National,E92000001,England,S3,All Schools,Total,Total,Social Studies,GCSE,56621,z,z,z,z,z,z,z,z,3086,4594,6736,9342,9717,9753,7207,3796,1804,z,z,z,z,z,z,z,z,z,z,z,z,z,z,z,z,z,360,226
201920,Academic year,Revised,National,E92000001,England,S3,All Schools,Total,Total,Spanish,GCSE,104731,z,z,z,z,z,z,z,z,9657,10755,13826,13379,20449,17387,12599,4975,1326,z,z,z,z,z,z,z,z,z,z,z,z,z,z,z,z,z,206,172
201920,Academic year,Revised,National,E92000001,England,S3,All Schools,Total,Total,Statistics,GCSE,23352,z,z,z,z,z,z,z,z,1228,1893,2644,3419,4948,4273,2605,1424,609,z,z,z,z,z,z,z,z,z,z,z,z,z,z,z,z,z,204,105
