time_period,time_identifier,geographic_level,country_code,country_name,region_code,region_name,ru11ind_pupil_residency,version,t_schools,t_pupils,t_att8,avg_att8,t_entbasics,pt_entbasics,t_l2basics_95,pt_l2basics_95,t_l2basics_94,pt_l2basics_94,t_ebacc_e_ptq_ee,pt_ebacc_e_ptq_ee,t_ebaccaps,avg_ebaccaps,t_ebacc_95,pt_ebacc_95,t_ebacc_94,pt_ebacc_94
201920,Academic year,National,E92000001,England,,,1 Urban - Major conurbation,Revised,1804,205379,10394567.12,50.6,199276,97,103732,50.5,146071,71.1,92564,45.1,916296.32,4.46,48125,23.4,67750,33
201920,Academic year,National,E92000001,England,,,2 Urban - minor conurbation,Revised,230,19818,948568.13,47.9,19191,96.8,9254,46.7,13347,67.3,6723,33.9,81504.93,4.11,3405,17.2,4874,24.6
201920,Academic year,National,E92000001,England,,,3 Urban - City and town,Revised,3176,243947,12031367.73,49.3,237128,97.2,117652,48.2,170988,70.1,87980,36.1,1043960.04,4.28,46998,19.3,66236,27.2
201920,Academic year,National,E92000001,England,,,4 Rural - Town and fringe,Revised,2437,49361,2518861.54,51,48163,97.6,25536,51.7,36481,73.9,18353,37.2,219422.57,4.45,10355,21,14416,29.2
201920,Academic year,National,E92000001,England,,,5 Rural - Village,Revised,2114,27124,1438583.39,53,26548,97.9,15170,55.9,20967,77.3,11149,41.1,126579.86,4.67,6582,24.3,8964,33
201920,Academic year,National,E92000001,England,,,6 Rural - Hamlet and isolated dwellings,Revised,1981,15465,824301.4,53.3,15055,97.3,8727,56.4,11956,77.3,6467,41.8,72744.2,4.7,3867,25,5268,34.1
201920,Academic year,National,E92000001,England,,,Total,Revised,3987,561094,28156249.31,50.2,545361,97.2,280071,49.9,399810,71.3,223236,39.8,2460507.92,4.39,119332,21.3,167508,29.9
201920,Academic year,Regional,E92000001,England,E12000004,East Midlands,1 Urban - Major conurbation,Revised,14,319,15528.25,48.7,312,97.8,130,40.8,224,70.2,99,31,1308.48,4.1,53,16.6,78,24.5
201920,Academic year,Regional,E92000001,England,E12000004,East Midlands,2 Urban - minor conurbation,Revised,122,8037,393546.25,49,7840,97.5,3814,47.5,5534,68.9,2763,34.4,34231.14,4.26,1455,18.1,2059,25.6
201920,Academic year,Regional,E92000001,England,E12000004,East Midlands,3 Urban - City and town,Revised,402,28060,1344371.63,47.9,27280,97.2,12865,45.8,18951,67.5,10114,36,116890.76,4.17,5175,18.4,7481,26.7
201920,Academic year,Regional,E92000001,England,E12000004,East Midlands,4 Rural - Town and fringe,Revised,339,7497,380859.75,50.8,7317,97.6,3874,51.7,5573,74.3,2708,36.1,33112.2,4.42,1567,20.9,2175,29
201920,Academic year,Regional,E92000001,England,E12000004,East Midlands,5 Rural - Village,Revised,294,3725,198151.63,53.2,3641,97.7,2125,57,2909,78.1,1538,41.3,17460.99,4.69,916,24.6,1260,33.8
201920,Academic year,Regional,E92000001,England,E12000004,East Midlands,6 Rural - Hamlet and isolated dwellings,Revised,216,1298,67506.75,52,1259,97,706,54.4,986,76,519,40,5945.09,4.58,311,24,436,33.6
201920,Academic year,Regional,E92000001,England,E12000004,East Midlands,Total,Revised,500,48936,2399964.26,49,47649,97.4,23514,48.1,34177,69.8,17741,36.3,208948.66,4.27,9477,19.4,13489,27.6
201920,Academic year,Regional,E92000001,England,E12000006,East of England,1 Urban - Major conurbation,Revised,268,6964,361721.75,51.9,6823,98,3802,54.6,5255,75.5,3245,46.6,31992.82,4.59,1671,24,2374,34.1
201920,Academic year,Regional,E92000001,England,E12000006,East of England,3 Urban - City and town,Revised,563,39425,1950310.55,49.5,38318,97.2,19029,48.3,27576,69.9,15101,38.3,170338.37,4.32,8089,20.5,11296,28.7
201920,Academic year,Regional,E92000001,England,E12000006,East of England,4 Rural - Town and fringe,Revised,421,9092,464695.5,51.1,8877,97.6,4676,51.4,6710,73.8,3535,38.9,40699.28,4.48,1963,21.6,2772,30.5
201920,Academic year,Regional,E92000001,England,E12000006,East of England,5 Rural - Village,Revised,351,5339,277002,51.9,5229,97.9,2810,52.6,4012,75.1,2150,40.3,24343.42,4.56,1245,23.3,1706,32
201920,Academic year,Regional,E92000001,England,E12000006,East of England,6 Rural - Hamlet and isolated dwellings,Revised,323,2527,131129.75,51.9,2464,97.5,1351,53.5,1894,75,1036,41,11558.22,4.57,599,23.7,806,31.9
201920,Academic year,Regional,E92000001,England,E12000006,East of England,Total,Revised,671,63347,3184859.55,50.3,61711,97.4,31668,50,45447,71.7,25067,39.6,278932.11,4.4,13567,21.4,18954,29.9
201920,Academic year,Regional,E92000001,England,E12000007,Inner London,1 Urban - Major conurbation,Revised,512,27286,1434710.34,52.6,26415,96.8,14648,53.7,20144,73.8,15529,56.9,129573.33,4.75,7681,28.1,10978,40.2
201920,Academic year,Regional,E92000001,England,E12000007,Inner London,4 Rural - Town and fringe,Revised,7,9,356.25,39.6,8,88.9,1,11.1,4,44.4,6,66.7,32.17,3.57,0,0,1,11.1
201920,Academic year,Regional,E92000001,England,E12000007,Inner London,Total,Revised,512,27295,1435066.59,52.6,26423,96.8,14649,53.7,20148,73.8,15535,56.9,129605.5,4.75,7681,28.1,10979,40.2
201920,Academic year,Regional,E92000001,England,E12000001,North East,1 Urban - Major conurbation,Revised,116,11012,532909.75,48.4,10513,95.5,5087,46.2,7423,67.4,4096,37.2,46023.94,4.18,2173,19.7,3134,28.5
201920,Academic year,Regional,E92000001,England,E12000001,North East,3 Urban - City and town,Revised,175,10708,511013,47.7,10326,96.4,5050,47.2,7305,68.2,3086,28.8,43071.9,4.02,1653,15.4,2372,22.2
201920,Academic year,Regional,E92000001,England,E12000001,North East,4 Rural - Town and fringe,Revised,148,3317,163209.75,49.2,3200,96.5,1611,48.6,2352,70.9,956,28.8,13805.03,4.16,557,16.8,779,23.5
201920,Academic year,Regional,E92000001,England,E12000001,North East,5 Rural - Village,Revised,119,849,43122,50.8,823,96.9,442,52.1,632,74.4,284,33.5,3707.22,4.37,167,19.7,232,27.3
201920,Academic year,Regional,E92000001,England,E12000001,North East,6 Rural - Hamlet and isolated dwellings,Revised,91,535,29072.25,54.3,521,97.4,314,58.7,411,76.8,173,32.3,2495.33,4.66,113,21.1,143,26.7
201920,Academic year,Regional,E92000001,England,E12000001,North East,Total,Revised,209,26421,1279326.75,48.4,25383,96.1,12504,47.3,18123,68.6,8595,32.5,109103.42,4.13,4663,17.6,6660,25.2
201920,Academic year,Regional,E92000001,England,E12000002,North West,1 Urban - Major conurbation,Revised,380,43983,2119298.07,48.2,42594,96.8,20128,45.8,29734,67.6,16163,36.7,182592.22,4.15,8164,18.6,11838,26.9
201920,Academic year,Regional,E92000001,England,E12000002,North West,3 Urban - City and town,Revised,426,25766,1264954.07,49.1,25097,97.4,12311,47.8,18028,70,8529,33.1,108865.44,4.23,4630,18,6533,25.4
201920,Academic year,Regional,E92000001,England,E12000002,North West,4 Rural - Town and fringe,Revised,274,3745,193963.5,51.8,3663,97.8,1990,53.1,2812,75.1,1325,35.4,16798.44,4.49,745,19.9,1040,27.8
201920,Academic year,Regional,E92000001,England,E12000002,North West,5 Rural - Village,Revised,227,1926,104092.5,54,1889,98.1,1118,58,1542,80.1,736,38.2,9090.43,4.72,452,23.5,604,31.4
201920,Academic year,Regional,E92000001,England,E12000002,North West,6 Rural - Hamlet and isolated dwellings,Revised,252,1616,88245.13,54.6,1577,97.6,968,59.9,1295,80.1,660,40.8,7759.44,4.8,388,24,559,34.6
201920,Academic year,Regional,E92000001,England,E12000002,North West,Total,Revised,606,77036,3770553.27,48.9,74820,97.1,36515,47.4,53411,69.3,27413,35.6,325105.97,4.22,14379,18.7,20574,26.7
201920,Academic year,Regional,E92000001,England,E12000007,Outer London,1 Urban - Major conurbation,Revised,739,56024,3013370.57,53.8,54500,97.3,31867,56.9,42543,75.9,30501,54.4,272489.61,4.86,17091,30.5,23126,41.3
201920,Academic year,Regional,E92000001,England,E12000007,Outer London,3 Urban - City and town,Revised,74,238,12473.25,52.4,233,97.9,125,52.5,185,77.7,107,45,1107.79,4.65,61,25.6,83,34.9
201920,Academic year,Regional,E92000001,England,E12000007,Outer London,4 Rural - Town and fringe,Revised,24,81,3852.5,47.6,79,97.5,40,49.4,56,69.1,27,33.3,330.63,4.08,14,17.3,18,22.2
201920,Academic year,Regional,E92000001,England,E12000007,Outer London,5 Rural - Village,Revised,25,43,2327.25,54.1,43,100,27,62.8,36,83.7,19,44.2,206.49,4.8,13,30.2,17,39.5
201920,Academic year,Regional,E92000001,England,E12000007,Outer London,6 Rural - Hamlet and isolated dwellings,Revised,17,26,1309.75,50.4,24,92.3,16,61.5,19,73.1,10,38.5,112.31,4.32,4,15.4,8,30.8
201920,Academic year,Regional,E92000001,England,E12000007,Outer London,Total,Revised,744,56412,3033333.32,53.8,54879,97.3,32075,56.9,42839,75.9,30664,54.4,274246.83,4.86,17183,30.5,23252,41.2
201920,Academic year,Regional,E92000001,England,E12000008,South East,1 Urban - Major conurbation,Revised,247,7601,407807.01,53.7,7428,97.7,4362,57.4,5917,77.8,3398,44.7,35993.85,4.74,2009,26.4,2626,34.5
201920,Academic year,Regional,E92000001,England,E12000008,South East,3 Urban - City and town,Revised,763,63776,3218520.66,50.5,61984,97.2,32140,50.4,45796,71.8,25185,39.5,282144.55,4.42,13897,21.8,19209,30.1
201920,Academic year,Regional,E92000001,England,E12000008,South East,4 Rural - Town and fringe,Revised,565,9036,471658.64,52.2,8824,97.7,4927,54.5,6802,75.3,3745,41.4,41472.05,4.59,2171,24,2955,32.7
201920,Academic year,Regional,E92000001,England,E12000008,South East,5 Rural - Village,Revised,480,5101,275639.26,54,4986,97.7,2986,58.5,3977,78,2280,44.7,24490.92,4.8,1393,27.3,1844,36.1
201920,Academic year,Regional,E92000001,England,E12000008,South East,6 Rural - Hamlet and isolated dwellings,Revised,428,2857,155812.88,54.5,2782,97.4,1676,58.7,2213,77.5,1382,48.4,13982.34,4.89,878,30.7,1149,40.2
201920,Academic year,Regional,E92000001,England,E12000008,South East,Total,Revised,881,88371,4529438.45,51.3,86004,97.3,46091,52.2,64705,73.2,35990,40.7,398083.71,4.5,20348,23,27783,31.4
201920,Academic year,Regional,E92000001,England,E12000009,South West,3 Urban - City and town,Revised,408,35940,1791623.54,49.9,34938,97.2,17593,49,25606,71.2,11335,31.5,154008.43,4.29,6262,17.4,8677,24.1
201920,Academic year,Regional,E92000001,England,E12000009,South West,4 Rural - Town and fringe,Revised,327,7341,364970.15,49.7,7147,97.4,3508,47.8,5216,71.1,2556,34.8,31694.58,4.32,1333,18.2,1895,25.8
201920,Academic year,Regional,E92000001,England,E12000009,South West,5 Rural - Village,Revised,320,5393,285907.5,53,5289,98.1,2963,54.9,4159,77.1,2122,39.3,25037.81,4.64,1205,22.3,1668,30.9
201920,Academic year,Regional,E92000001,England,E12000009,South West,6 Rural - Hamlet and isolated dwellings,Revised,323,3478,183689.01,52.8,3383,97.3,1889,54.3,2673,76.9,1344,38.6,16069.77,4.62,769,22.1,1065,30.6
201920,Academic year,Regional,E92000001,England,E12000009,South West,Total,Revised,440,52152,2626190.2,50.4,50757,97.3,25953,49.8,37654,72.2,17357,33.3,226810.59,4.35,9569,18.3,13305,25.5
201920,Academic year,Regional,E92000001,England,E12000005,West Midlands,1 Urban - Major conurbation,Revised,288,31904,1544656,48.4,30910,96.9,14381,45.1,21271,66.7,11904,37.3,132903.94,4.17,5656,17.7,8318,26.1
201920,Academic year,Regional,E92000001,England,E12000005,West Midlands,3 Urban - City and town,Revised,349,23838,1157684.65,48.6,23207,97.4,11000,46.1,16327,68.5,8744,36.7,99892.68,4.19,4214,17.7,6245,26.2
201920,Academic year,Regional,E92000001,England,E12000005,West Midlands,4 Rural - Town and fringe,Revised,252,3648,188884.75,51.8,3577,98.1,1949,53.4,2779,76.2,1427,39.1,16520.38,4.53,801,22,1131,31
201920,Academic year,Regional,E92000001,England,E12000005,West Midlands,5 Rural - Village,Revised,247,2346,124114.75,52.9,2298,98,1308,55.8,1819,77.5,1024,43.6,10975,4.68,594,25.3,816,34.8
201920,Academic year,Regional,E92000001,England,E12000005,West Midlands,6 Rural - Hamlet and isolated dwellings,Revised,249,1926,102214.38,53.1,1875,97.4,1093,56.7,1489,77.3,845,43.9,9063.94,4.71,497,25.8,694,36
201920,Academic year,Regional,E92000001,England,E12000005,West Midlands,Total,Revised,538,63662,3117554.53,49,61867,97.2,29731,46.7,43685,68.6,23944,37.6,269355.94,4.23,11762,18.5,17204,27
201920,Academic year,Regional,E92000001,England,E12000003,Yorkshire and The Humber,1 Urban - Major conurbation,Revised,166,20286,964565.38,47.5,19781,97.5,9327,46,13560,66.8,7629,37.6,83418.13,4.11,3627,17.9,5278,26
201920,Academic year,Regional,E92000001,England,E12000003,Yorkshire and The Humber,2 Urban - minor conurbation,Revised,124,11781,555021.88,47.1,11351,96.4,5440,46.2,7813,66.3,3960,33.6,47273.79,4.01,1950,16.6,2815,23.9
201920,Academic year,Regional,E92000001,England,E12000003,Yorkshire and The Humber,3 Urban - City and town,Revised,331,16196,780416.38,48.2,15745,97.2,7539,46.5,11214,69.2,5779,35.7,67640.12,4.18,3017,18.6,4340,26.8
201920,Academic year,Regional,E92000001,England,E12000003,Yorkshire and The Humber,4 Rural - Town and fringe,Revised,286,5595,286410.75,51.2,5471,97.8,2960,52.9,4177,74.7,2068,37,24957.81,4.46,1204,21.5,1650,29.5
201920,Academic year,Regional,E92000001,England,E12000003,Yorkshire and The Humber,5 Rural - Village,Revised,221,2402,128226.5,53.4,2350,97.8,1391,57.9,1881,78.3,996,41.5,11267.58,4.69,597,24.9,817,34
201920,Academic year,Regional,E92000001,England,E12000003,Yorkshire and The Humber,6 Rural - Hamlet and isolated dwellings,Revised,216,1202,65321.5,54.3,1170,97.3,714,59.4,976,81.2,498,41.4,5757.76,4.79,308,25.6,408,33.9
201920,Academic year,Regional,E92000001,England,E12000003,Yorkshire and The Humber,Total,Revised,448,57462,2779962.39,48.4,55868,97.2,27371,47.6,39621,69,20930,36.4,240315.19,4.18,10703,18.6,15308,26.6
