time_period,time_identifier,geographic_level,country_code,country_name,version,school_characteristic,breakdown,characteristic_years_open,predecessor_flag,t_schools,pupils,t_att8,avg_att8,t_entbasics,pt_entbasics,t_l2basics_94,pt_l2basics_94,t_l2basics_95,pt_l2basics_95,t_ebacc_e_ptq_ee,pt_ebacc_e_ptq_ee,t_ebacc_94,pt_ebacc_94,t_ebacc_95,pt_ebacc_95,t_ebaccaps,avg_ebaccaps,t_entry_1,pt_entry_1,t_anypass,pt_anypass
201920,Academic year,National,E92000001,England,Revised,Converter academy,Total,Total,0,1522,286543,15382097.01,53.7,284140,99.2,220501,77,160684,56.1,127258,44.4,100376,35,73980,25.8,1359355.85,4.74,285301,99.6,285118,99.5
201920,Academic year,National,E92000001,England,Revised,Converter academy,Total,1,0,59,10796,536422.88,49.7,10540,97.6,7538,69.8,5090,47.1,3819,35.4,2777,25.7,1941,18,46149.74,4.27,10734,99.4,10722,99.3
201920,Academic year,National,E92000001,England,Revised,Converter academy,Total,2,0,66,11415,575531.75,50.4,11319,99.2,8261,72.4,5690,49.8,4087,35.8,3008,26.4,2085,18.3,49695.96,4.35,11366,99.6,11353,99.5
201920,Academic year,National,E92000001,England,Revised,Converter academy,Total,3,0,75,12770,632450.15,49.5,12628,98.9,8907,69.7,6081,47.6,4839,37.9,3443,27,2286,17.9,54895.15,4.3,12679,99.3,12666,99.2
201920,Academic year,National,E92000001,England,Revised,Converter academy,Total,4,0,56,10468,533793.9,51,10369,99.1,7634,72.9,5294,50.6,3828,36.6,2951,28.2,2075,19.8,46213.74,4.41,10397,99.3,10383,99.2
201920,Academic year,National,E92000001,England,Revised,Converter academy,Total,5,0,45,8488,438494.15,51.7,8419,99.2,6296,74.2,4447,52.4,3631,42.8,2652,31.2,1859,21.9,38500.94,4.54,8442,99.5,8438,99.4
201920,Academic year,National,E92000001,England,Revised,Converter academy,Total,6,0,64,12296,645512.31,52.5,12198,99.2,9249,75.2,6652,54.1,4963,40.4,3843,31.3,2816,22.9,56548.07,4.6,12249,99.6,12239,99.5
201920,Academic year,National,E92000001,England,Revised,Converter academy,Total,7,0,145,26398,1370431.15,51.9,26157,99.1,19590,74.2,13872,52.5,11624,44,8662,32.8,6046,22.9,120653.67,4.57,26279,99.5,26250,99.4
201920,Academic year,National,E92000001,England,Revised,Converter academy,Total,8,0,357,66264,3513596.51,53,65721,99.2,50502,76.2,36284,54.8,27792,41.9,21891,33,15978,24.1,308541.29,4.66,65971,99.6,65932,99.5
201920,Academic year,National,E92000001,England,Revised,Converter academy,Total,9,0,629,122312,6821653.58,55.8,121475,99.3,98029,80.1,73769,60.3,60236,49.2,49002,40.1,37146,30.4,610065.78,4.99,121860,99.6,121811,99.6
201920,Academic year,National,E92000001,England,Revised,Converter academy,Total,10,0,26,5336,314210.63,58.9,5314,99.6,4495,84.2,3505,65.7,2439,45.7,2147,40.2,1748,32.8,28091.51,5.26,5324,99.8,5324,99.8
201920,Academic year,National,E92000001,England,Revised,Local authority maintained,Total,Total,0,764,131770,6672581.45,50.6,130324,98.9,94898,72,65042,49.4,50547,38.4,37653,28.6,26347,20,580436.94,4.4,130987,99.4,130841,99.3
201920,Academic year,National,E92000001,England,Revised,Sponsored academy,Total,Total,0,732,113801,5248973.9,46.1,112454,98.8,72202,63.4,46118,40.5,38280,33.6,24405,21.4,15563,13.7,447266.35,3.93,113047,99.3,112813,99.1
201920,Academic year,National,E92000001,England,Revised,Sponsored academy,Total,1,0,50,7840,346954.25,44.3,7719,98.5,4785,61,2942,37.5,2236,28.5,1396,17.8,885,11.3,29350.12,3.74,7780,99.2,7763,99
201920,Academic year,National,E92000001,England,Revised,Sponsored academy,Total,2,0,69,10871,500915.01,46.1,10745,98.8,6845,63,4324,39.8,3767,34.7,2435,22.4,1593,14.7,42837.29,3.94,10805,99.4,10783,99.2
201920,Academic year,National,E92000001,England,Revised,Sponsored academy,Total,3,0,65,9624,426960.75,44.4,9495,98.7,5753,59.8,3523,36.6,2780,28.9,1683,17.5,1038,10.8,35992.09,3.74,9559,99.3,9533,99.1
201920,Academic year,National,E92000001,England,Revised,Sponsored academy,Total,4,0,41,6167,270913,43.9,6076,98.5,3699,60,2298,37.3,2305,37.4,1283,20.8,778,12.6,23349.69,3.79,6122,99.3,6103,99
201920,Academic year,National,E92000001,England,Revised,Sponsored academy,Total,5,0,57,7469,346948.5,46.5,7397,99,4877,65.3,3174,42.5,2837,38,1710,22.9,1101,14.7,29775.93,3.99,7427,99.4,7421,99.4
201920,Academic year,National,E92000001,England,Revised,Sponsored academy,Total,6,0,55,7760,363710.25,46.9,7671,98.9,5008,64.5,3265,42.1,2858,36.8,1891,24.4,1236,15.9,31473.22,4.06,7704,99.3,7691,99.1
201920,Academic year,National,E92000001,England,Revised,Sponsored academy,Total,7,0,67,9598,440411.63,45.9,9494,98.9,6137,63.9,3892,40.6,3244,33.8,2062,21.5,1261,13.1,37733.34,3.93,9541,99.4,9527,99.3
201920,Academic year,National,E92000001,England,Revised,Sponsored academy,Total,8,0,52,7946,365928.13,46.1,7860,98.9,5097,64.1,3158,39.7,2205,27.7,1500,18.9,948,11.9,30702.73,3.86,7900,99.4,7887,99.3
201920,Academic year,National,E92000001,England,Revised,Sponsored academy,Total,9,0,44,7083,331013,46.7,6988,98.7,4573,64.6,2941,41.5,2143,30.3,1448,20.4,935,13.2,27875.57,3.94,7016,99.1,7003,98.9
201920,Academic year,National,E92000001,England,Revised,Sponsored academy,Total,10,0,57,9455,428194,45.3,9329,98.7,5823,61.6,3652,38.6,2129,22.5,1379,14.6,861,9.1,35157.59,3.72,9393,99.3,9368,99.1
201920,Academic year,National,E92000001,England,Revised,Sponsored academy,Total,11,0,175,29988,1427025.38,47.6,29680,99,19605,65.4,12949,43.2,11776,39.3,7618,25.4,4927,16.4,123018.78,4.1,29800,99.4,29734,99.2
