time_period,time_identifier,geographic_level,country_code,country_name,region_code,region_name,idaci_decile,ru11ind_pupil_residency,version,t_schools,t_pupils,t_att8,avg_att8,t_entbasics,pt_entbasics,t_l2basics_95,pt_l2basics_95,t_l2basics_94,pt_l2basics_94,t_ebacc_e_ptq_ee,pt_ebacc_e_ptq_ee,t_ebaccaps,avg_ebaccaps,t_ebacc_95,pt_ebacc_95,t_ebacc_94,pt_ebacc_94
201920,Academic year,National,E92000001,England,,,Total,Rural areas,Revised,2868,91950,4781746.33,52,89766,97.6,49433,53.8,69404,75.5,35969,39.1,418746.63,4.55,20804,22.6,28648,31.2
201920,Academic year,National,E92000001,England,,,Total,Urban areas,Revised,3960,469144,23374502.98,49.8,455595,97.1,230638,49.2,330406,70.4,187267,39.9,2041761.29,4.35,98528,21,138860,29.6
201920,Academic year,National,E92000001,England,,,0-10%,Rural areas,Revised,280,1416,59529,42,1352,95.5,473,33.4,802,56.6,276,19.5,4910.79,3.47,129,9.1,194,13.7
201920,Academic year,National,E92000001,England,,,0-10%,Urban areas,Revised,2995,66749,2839767.57,42.5,63738,95.5,22922,34.3,37688,56.5,19746,29.6,239534.95,3.59,7714,11.6,12417,18.6
201920,Academic year,National,E92000001,England,,,10-20%,Rural areas,Revised,483,2694,121473.26,45.1,2592,96.2,1063,39.5,1684,62.5,725,26.9,10258.34,3.81,334,12.4,522,19.4
201920,Academic year,National,E92000001,England,,,10-20%,Urban areas,Revised,3400,63274,2869361.1,45.3,60983,96.4,25277,39.9,39430,62.3,22835,36.1,247188.37,3.91,9575,15.1,14861,23.5
201920,Academic year,National,E92000001,England,,,20-30%,Rural areas,Revised,791,4156,191545.5,46.1,3993,96.1,1708,41.1,2696,64.9,1222,29.4,16313.63,3.93,602,14.5,867,20.9
201920,Academic year,National,E92000001,England,,,20-30%,Urban areas,Revised,3474,55944,2625512.96,46.9,54094,96.7,24097,43.1,36497,65.2,20709,37,227138.43,4.06,9582,17.1,14176,25.3
201920,Academic year,National,E92000001,England,,,30-40%,Rural areas,Revised,1071,6692,317584.5,47.5,6465,96.6,2972,44.4,4524,67.6,2216,33.1,27351.26,4.09,1095,16.4,1635,24.4
201920,Academic year,National,E92000001,England,,,30-40%,Urban areas,Revised,3500,51697,2510905.83,48.6,50118,96.9,23984,46.4,35373,68.4,19898,38.5,218327.86,4.22,9669,18.7,14129,27.3
201920,Academic year,National,E92000001,England,,,40-50%,Rural areas,Revised,1280,8834,433986.39,49.1,8590,97.2,4225,47.8,6233,70.6,3153,35.7,37676.22,4.26,1620,18.3,2371,26.8
201920,Academic year,National,E92000001,England,,,40-50%,Urban areas,Revised,3407,45677,2298627.61,50.3,44482,97.4,22878,50.1,32729,71.7,18482,40.5,201209.9,4.41,9705,21.2,13667,29.9
201920,Academic year,National,E92000001,England,,,50-60%,Rural areas,Revised,1571,12789,652407,51,12495,97.7,6534,51.1,9482,74.1,4816,37.7,56887.32,4.45,2599,20.3,3717,29.1
201920,Academic year,National,E92000001,England,,,50-60%,Urban areas,Revised,3303,39817,2059647.93,51.7,38833,97.5,21048,52.9,29620,74.4,16562,41.6,180706.97,4.54,9021,22.7,12611,31.7
201920,Academic year,National,E92000001,England,,,60-70%,Rural areas,Revised,1630,14734,766078.26,52,14399,97.7,7876,53.5,11159,75.7,5605,38,66937.73,4.54,3238,22,4470,30.3
201920,Academic year,National,E92000001,England,,,60-70%,Urban areas,Revised,3158,36607,1950068.22,53.3,35847,97.9,20571,56.2,28288,77.3,15957,43.6,172064.64,4.7,9170,25,12571,34.3
201920,Academic year,National,E92000001,England,,,70-80%,Rural areas,Revised,1602,14294,771887.01,54,14015,98,8304,58.1,11275,78.9,6085,42.6,68091.02,4.76,3675,25.7,4971,34.8
201920,Academic year,National,E92000001,England,,,70-80%,Urban areas,Revised,2959,36445,1997954.97,54.8,35709,98,21732,59.6,29193,80.1,16503,45.3,176935.89,4.85,9943,27.3,13433,36.9
201920,Academic year,National,E92000001,England,,,80-90%,Rural areas,Revised,1616,14820,815873.78,55.1,14536,98.1,8984,60.6,11970,80.8,6493,43.8,72204.34,4.87,4054,27.4,5400,36.4
201920,Academic year,National,E92000001,England,,,80-90%,Urban areas,Revised,2815,35558,2004180.46,56.4,34965,98.3,22374,62.9,29242,82.2,16826,47.3,178523.17,5.02,10814,30.4,14037,39.5
201920,Academic year,National,E92000001,England,,,90-100%,Rural areas,Revised,1235,11521,651381.63,56.5,11329,98.3,7294,63.3,9579,83.1,5378,46.7,58115.98,5.04,3458,30,4501,39.1
201920,Academic year,National,E92000001,England,,,90-100%,Urban areas,Revised,2333,37376,2218476.33,59.4,36826,98.5,25755,68.9,32346,86.5,19749,52.8,200131.11,5.35,13335,35.7,16958,45.4
201920,Academic year,Regional,E92000001,England,E12000004,East Midlands,Total,Rural areas,Revised,404,12520,646518.13,51.6,12217,97.6,6705,53.6,9468,75.6,4765,38.1,56518.28,4.51,2794,22.3,3871,30.9
201920,Academic year,Regional,E92000001,England,E12000004,East Midlands,Total,Urban areas,Revised,440,36416,1753446.13,48.2,35432,97.3,16809,46.2,24709,67.9,12976,35.6,152430.38,4.19,6683,18.4,9618,26.4
201920,Academic year,Regional,E92000001,England,E12000004,East Midlands,0-10%,Rural areas,Revised,52,253,10848.25,42.9,245,96.8,91,36,149,58.9,52,20.6,907.03,3.59,24,9.5,32,12.6
201920,Academic year,Regional,E92000001,England,E12000004,East Midlands,0-10%,Urban areas,Revised,272,5505,225202.75,40.9,5265,95.6,1699,30.9,2948,53.6,1340,24.3,18958.35,3.44,503,9.1,846,15.4
201920,Academic year,Regional,E92000001,England,E12000004,East Midlands,10-20%,Rural areas,Revised,89,497,22352.5,45,476,95.8,197,39.6,315,63.4,153,30.8,1910.37,3.84,73,14.7,112,22.5
201920,Academic year,Regional,E92000001,England,E12000004,East Midlands,10-20%,Urban areas,Revised,303,4341,186041.25,42.9,4180,96.3,1509,34.8,2497,57.5,1264,29.1,15840.06,3.65,502,11.6,795,18.3
201920,Academic year,Regional,E92000001,England,E12000004,East Midlands,20-30%,Rural areas,Revised,110,643,29240,45.5,610,94.9,255,39.7,397,61.7,196,30.5,2507.71,3.9,96,14.9,143,22.2
201920,Academic year,Regional,E92000001,England,E12000004,East Midlands,20-30%,Urban areas,Revised,315,4224,188929.25,44.7,4084,96.7,1678,39.7,2577,61,1301,30.8,16188.39,3.83,602,14.3,898,21.3
201920,Academic year,Regional,E92000001,England,E12000004,East Midlands,30-40%,Rural areas,Revised,125,871,40355,46.3,839,96.3,358,41.1,569,65.3,258,29.6,3455.84,3.97,132,15.2,196,22.5
201920,Academic year,Regional,E92000001,England,E12000004,East Midlands,30-40%,Urban areas,Revised,312,3652,171618.63,47,3554,97.3,1602,43.9,2393,65.5,1186,32.5,14808.19,4.05,569,15.6,843,23.1
201920,Academic year,Regional,E92000001,England,E12000004,East Midlands,40-50%,Rural areas,Revised,166,1257,61910.5,49.3,1224,97.4,603,48,917,73,458,36.4,5374.22,4.28,239,19,362,28.8
201920,Academic year,Regional,E92000001,England,E12000004,East Midlands,40-50%,Urban areas,Revised,305,3633,176600.75,48.6,3546,97.6,1699,46.8,2520,69.4,1366,37.6,15445.34,4.25,697,19.2,991,27.3
201920,Academic year,Regional,E92000001,England,E12000004,East Midlands,50-60%,Rural areas,Revised,204,1621,83062,51.2,1579,97.4,838,51.7,1227,75.7,630,38.9,7267.3,4.48,355,21.9,509,31.4
201920,Academic year,Regional,E92000001,England,E12000004,East Midlands,50-60%,Urban areas,Revised,294,3173,161847.75,51,3112,98.1,1643,51.8,2324,73.2,1183,37.3,14120.45,4.45,616,19.4,888,28
201920,Academic year,Regional,E92000001,England,E12000004,East Midlands,60-70%,Rural areas,Revised,223,2106,107155.25,50.9,2065,98.1,1076,51.1,1576,74.8,730,34.7,9299.44,4.42,412,19.6,603,28.6
201920,Academic year,Regional,E92000001,England,E12000004,East Midlands,60-70%,Urban areas,Revised,288,2958,152174,51.4,2888,97.6,1557,52.6,2176,73.6,1216,41.1,13424.98,4.54,689,23.3,988,33.4
201920,Academic year,Regional,E92000001,England,E12000004,East Midlands,70-80%,Rural areas,Revised,217,1842,100114.25,54.4,1812,98.4,1112,60.4,1466,79.6,787,42.7,8850.08,4.8,490,26.6,649,35.2
201920,Academic year,Regional,E92000001,England,E12000004,East Midlands,70-80%,Urban areas,Revised,272,2995,160704.75,53.7,2948,98.4,1723,57.5,2400,80.1,1306,43.6,14166.27,4.73,737,24.6,1041,34.8
201920,Academic year,Regional,E92000001,England,E12000004,East Midlands,80-90%,Rural areas,Revised,212,2074,114882.63,55.4,2029,97.8,1298,62.6,1716,82.7,874,42.1,10125.31,4.88,571,27.5,736,35.5
201920,Academic year,Regional,E92000001,England,E12000004,East Midlands,80-90%,Urban areas,Revised,295,3195,173831,54.4,3143,98.4,1897,59.4,2548,79.7,1409,44.1,15392.2,4.82,888,27.8,1161,36.3
201920,Academic year,Regional,E92000001,England,E12000004,East Midlands,90-100%,Rural areas,Revised,142,1356,76597.75,56.5,1338,98.7,877,64.7,1136,83.8,627,46.2,6820.98,5.03,402,29.6,529,39
201920,Academic year,Regional,E92000001,England,E12000004,East Midlands,90-100%,Urban areas,Revised,215,2740,156496,57.1,2712,99,1802,65.8,2326,84.9,1405,51.3,14086.15,5.14,880,32.1,1167,42.6
201920,Academic year,Regional,E92000001,England,E12000006,East of England,Total,Rural areas,Revised,481,16958,872827.25,51.5,16570,97.7,8837,52.1,12616,74.4,6721,39.6,76600.92,4.52,3807,22.4,5284,31.2
201920,Academic year,Regional,E92000001,England,E12000006,East of England,Total,Urban areas,Revised,655,46389,2312032.3,49.8,45141,97.3,22831,49.2,32831,70.8,18346,39.5,202331.19,4.36,9760,21,13670,29.5
201920,Academic year,Regional,E92000001,England,E12000006,East of England,0-10%,Rural areas,Revised,21,109,4621.75,42.4,101,92.7,33,30.3,60,55,26,23.9,373.34,3.43,7,6.4,11,10.1
201920,Academic year,Regional,E92000001,England,E12000006,East of England,0-10%,Urban areas,Revised,276,3278,136557,41.7,3115,95,1102,33.6,1789,54.6,890,27.2,11405.97,3.48,322,9.8,533,16.3
201920,Academic year,Regional,E92000001,England,E12000006,East of England,10-20%,Rural areas,Revised,55,199,9344.5,47,195,98,84,42.2,130,65.3,55,27.6,793.71,3.99,32,16.1,44,22.1
201920,Academic year,Regional,E92000001,England,E12000006,East of England,10-20%,Urban areas,Revised,384,4457,191814.88,43,4272,95.8,1572,35.3,2593,58.2,1273,28.6,16265.32,3.65,499,11.2,794,17.8
201920,Academic year,Regional,E92000001,England,E12000006,East of England,20-30%,Rural areas,Revised,149,689,32228.25,46.8,666,96.7,292,42.4,469,68.1,222,32.2,2771.04,4.02,117,17,163,23.7
201920,Academic year,Regional,E92000001,England,E12000006,East of England,20-30%,Urban areas,Revised,427,5524,249476.38,45.2,5330,96.5,2179,39.4,3446,62.4,1850,33.5,21484,3.89,774,14,1185,21.5
201920,Academic year,Regional,E92000001,England,E12000006,East of England,30-40%,Rural areas,Revised,194,1201,55312,46.1,1155,96.2,516,43,784,65.3,438,36.5,4795.93,3.99,193,16.1,309,25.7
201920,Academic year,Regional,E92000001,England,E12000006,East of England,30-40%,Urban areas,Revised,447,5941,280475.5,47.2,5762,97,2600,43.8,3952,66.5,2110,35.5,24237.23,4.08,989,16.6,1466,24.7
201920,Academic year,Regional,E92000001,England,E12000006,East of England,40-50%,Rural areas,Revised,238,1992,97053.5,48.7,1940,97.4,911,45.7,1360,68.3,670,33.6,8395.16,4.21,321,16.1,503,25.3
201920,Academic year,Regional,E92000001,England,E12000006,East of England,40-50%,Urban areas,Revised,441,5431,267081.4,49.2,5305,97.7,2575,47.4,3806,70.1,2080,38.3,23321.51,4.29,1043,19.2,1490,27.4
201920,Academic year,Regional,E92000001,England,E12000006,East of England,50-60%,Rural areas,Revised,290,2658,133731,50.3,2589,97.4,1316,49.5,1953,73.5,1002,37.7,11676.54,4.39,518,19.5,746,28.1
201920,Academic year,Regional,E92000001,England,E12000006,East of England,50-60%,Urban areas,Revised,422,4745,238948,50.4,4616,97.3,2366,49.9,3438,72.5,1917,40.4,20899.94,4.4,970,20.4,1381,29.1
201920,Academic year,Regional,E92000001,England,E12000006,East of England,60-70%,Rural areas,Revised,281,3220,166066.5,51.6,3154,98,1693,52.6,2406,74.7,1280,39.8,14575.59,4.53,746,23.2,1015,31.5
201920,Academic year,Regional,E92000001,England,E12000006,East of England,60-70%,Urban areas,Revised,398,4062,212556.88,52.3,3986,98.1,2211,54.4,3097,76.2,1790,44.1,18777.04,4.62,996,24.5,1382,34
201920,Academic year,Regional,E92000001,England,E12000006,East of England,70-80%,Rural areas,Revised,265,2896,154288.5,53.3,2840,98.1,1600,55.2,2247,77.6,1222,42.2,13618.49,4.7,728,25.1,986,34
201920,Academic year,Regional,E92000001,England,E12000006,East of England,70-80%,Urban areas,Revised,379,4609,250322.26,54.3,4516,98,2689,58.3,3652,79.2,2196,47.6,22324.8,4.84,1299,28.2,1791,38.9
201920,Academic year,Regional,E92000001,England,E12000006,East of England,80-90%,Rural areas,Revised,256,2318,125478,54.1,2275,98.1,1333,57.5,1822,78.6,997,43,11105.61,4.79,617,26.6,826,35.6
201920,Academic year,Regional,E92000001,England,E12000006,East of England,80-90%,Urban areas,Revised,349,4262,239232.5,56.1,4208,98.7,2651,62.2,3502,82.2,1981,46.5,21271.47,4.99,1262,29.6,1647,38.6
201920,Academic year,Regional,E92000001,England,E12000006,East of England,90-100%,Rural areas,Revised,190,1676,94703.25,56.5,1655,98.7,1059,63.2,1385,82.6,809,48.3,8495.51,5.07,528,31.5,681,40.6
201920,Academic year,Regional,E92000001,England,E12000006,East of England,90-100%,Urban areas,Revised,282,4080,245567.5,60.2,4031,98.8,2886,70.7,3556,87.2,2259,55.4,22343.91,5.48,1606,39.4,2001,49
201920,Academic year,Regional,E92000001,England,E12000007,Inner London,Total,Rural areas,Revised,7,9,356.25,39.6,8,88.9,1,11.1,4,44.4,6,66.7,32.17,3.57,0,0,1,11.1
201920,Academic year,Regional,E92000001,England,E12000007,Inner London,Total,Urban areas,Revised,512,27286,1434710.34,52.6,26415,96.8,14648,53.7,20144,73.8,15529,56.9,129573.33,4.75,7681,28.1,10978,40.2
201920,Academic year,Regional,E92000001,England,E12000007,Inner London,0-10%,Urban areas,Revised,334,4857,244282.13,50.3,4679,96.3,2376,48.9,3420,70.4,2649,54.5,21962.47,4.52,1190,24.5,1770,36.4
201920,Academic year,Regional,E92000001,England,E12000007,Inner London,10-20%,Urban areas,Revised,399,7834,399988.27,51.1,7579,96.7,3941,50.3,5667,72.3,4425,56.5,36030.2,4.6,1999,25.5,3002,38.3
201920,Academic year,Regional,E92000001,England,E12000007,Inner London,20-30%,Rural areas,Revised,7,9,356.25,39.6,8,88.9,1,11.1,4,44.4,6,66.7,32.17,3.57,0,0,1,11.1
201920,Academic year,Regional,E92000001,England,E12000007,Inner London,20-30%,Urban areas,Revised,375,5790,301649.52,52.1,5602,96.8,3068,53,4241,73.2,3267,56.4,27203.44,4.7,1599,27.6,2284,39.4
201920,Academic year,Regional,E92000001,England,E12000007,Inner London,30-40%,Urban areas,Revised,327,3565,189263.01,53.1,3458,97,1942,54.5,2632,73.8,2033,57,17068.27,4.79,984,27.6,1448,40.6
201920,Academic year,Regional,E92000001,England,E12000007,Inner London,40-50%,Urban areas,Revised,284,1951,106790.38,54.7,1897,97.2,1130,57.9,1494,76.6,1172,60.1,9665.95,4.95,620,31.8,846,43.4
201920,Academic year,Regional,E92000001,England,E12000007,Inner London,50-60%,Urban areas,Revised,243,1266,69877.76,55.2,1223,96.6,756,59.7,979,77.3,729,57.6,6317.74,4.99,421,33.3,558,44.1
201920,Academic year,Regional,E92000001,England,E12000007,Inner London,60-70%,Urban areas,Revised,198,827,49196.38,59.5,812,98.2,565,68.3,680,82.2,522,63.1,4522.82,5.47,325,39.3,424,51.3
201920,Academic year,Regional,E92000001,England,E12000007,Inner London,70-80%,Urban areas,Revised,124,398,23037.51,57.9,383,96.2,273,68.6,325,81.7,221,55.5,2089.9,5.25,156,39.2,191,48
201920,Academic year,Regional,E92000001,England,E12000007,Inner London,80-90%,Urban areas,Revised,104,446,27878.13,62.5,437,98,322,72.2,389,87.2,266,59.6,2576.62,5.78,199,44.6,240,53.8
201920,Academic year,Regional,E92000001,England,E12000007,Inner London,90-100%,Urban areas,Revised,78,352,22747.25,64.6,345,98,275,78.1,317,90.1,245,69.6,2135.92,6.07,188,53.4,215,61.1
201920,Academic year,Regional,E92000001,England,E12000001,North East,Total,Rural areas,Revised,166,4701,235404,50.1,4544,96.7,2367,50.4,3395,72.2,1413,30.1,20007.58,4.26,837,17.8,1154,24.5
201920,Academic year,Regional,E92000001,England,E12000001,North East,Total,Urban areas,Revised,202,21720,1043922.75,48.1,20839,95.9,10137,46.7,14728,67.8,7182,33.1,89095.84,4.1,3826,17.6,5506,25.3
201920,Academic year,Regional,E92000001,England,E12000001,North East,0-10%,Rural areas,Revised,76,521,22222,42.7,494,94.8,187,35.9,313,60.1,85,16.3,1802.52,3.46,51,9.8,72,13.8
201920,Academic year,Regional,E92000001,England,E12000001,North East,0-10%,Urban areas,Revised,184,6191,256918.5,41.5,5863,94.7,2107,34,3421,55.3,1351,21.8,21090.18,3.41,561,9.1,915,14.8
201920,Academic year,Regional,E92000001,England,E12000001,North East,10-20%,Rural areas,Revised,75,595,27710.5,46.6,567,95.3,248,41.7,384,64.5,140,23.5,2294.82,3.86,80,13.4,112,18.8
201920,Academic year,Regional,E92000001,England,E12000001,North East,10-20%,Urban areas,Revised,180,3011,133240.75,44.3,2871,95.4,1206,40.1,1850,61.4,885,29.4,11237.08,3.73,407,13.5,637,21.2
201920,Academic year,Regional,E92000001,England,E12000001,North East,20-30%,Rural areas,Revised,86,690,31747.75,46,653,94.6,288,41.7,449,65.1,173,25.1,2667.3,3.87,93,13.5,136,19.7
201920,Academic year,Regional,E92000001,England,E12000001,North East,20-30%,Urban areas,Revised,168,2186,101407.25,46.4,2106,96.3,901,41.2,1419,64.9,673,30.8,8549.78,3.91,318,14.5,484,22.1
201920,Academic year,Regional,E92000001,England,E12000001,North East,30-40%,Rural areas,Revised,74,508,25272.75,49.7,497,97.8,249,49,368,72.4,142,28,2141.34,4.22,85,16.7,116,22.8
201920,Academic year,Regional,E92000001,England,E12000001,North East,30-40%,Urban areas,Revised,162,1744,83728,48,1680,96.3,805,46.2,1203,69,561,32.2,7088.78,4.06,280,16.1,425,24.4
201920,Academic year,Regional,E92000001,England,E12000001,North East,40-50%,Rural areas,Revised,67,424,21510.75,50.7,414,97.6,222,52.4,316,74.5,132,31.1,1831.99,4.32,74,17.5,106,25
201920,Academic year,Regional,E92000001,England,E12000001,North East,40-50%,Urban areas,Revised,161,1485,72432.25,48.8,1418,95.5,717,48.3,1037,69.8,493,33.2,6182.73,4.16,266,17.9,371,25
201920,Academic year,Regional,E92000001,England,E12000001,North East,50-60%,Rural areas,Revised,85,476,24788.75,52.1,462,97.1,260,54.6,355,74.6,161,33.8,2134.02,4.48,98,20.6,135,28.4
201920,Academic year,Regional,E92000001,England,E12000001,North East,50-60%,Urban areas,Revised,139,1366,71781.75,52.5,1332,97.5,738,54,1072,78.5,546,40,6233.66,4.56,308,22.5,447,32.7
201920,Academic year,Regional,E92000001,England,E12000001,North East,60-70%,Rural areas,Revised,59,360,19626.5,54.5,354,98.3,216,60,287,79.7,115,31.9,1671.31,4.64,68,18.9,94,26.1
201920,Academic year,Regional,E92000001,England,E12000001,North East,60-70%,Urban areas,Revised,129,1236,66152.75,53.5,1187,96,725,58.7,974,78.8,542,43.9,5828.78,4.72,309,25,439,35.5
201920,Academic year,Regional,E92000001,England,E12000001,North East,70-80%,Rural areas,Revised,72,485,26077,53.8,473,97.5,291,60,380,78.4,198,40.8,2260.19,4.66,116,23.9,160,33
201920,Academic year,Regional,E92000001,England,E12000001,North East,70-80%,Urban areas,Revised,114,1248,68683.5,55,1189,95.3,746,59.8,981,78.6,558,44.7,6049.97,4.85,318,25.5,437,35
201920,Academic year,Regional,E92000001,England,E12000001,North East,80-90%,Rural areas,Revised,82,442,24496.75,55.4,433,98,272,61.5,368,83.3,182,41.2,2143.07,4.85,115,26,151,34.2
201920,Academic year,Regional,E92000001,England,E12000001,North East,80-90%,Urban areas,Revised,135,1704,97296,57.1,1673,98.2,1110,65.1,1421,83.4,767,45,8559.21,5.02,515,30.2,656,38.5
201920,Academic year,Regional,E92000001,England,E12000001,North East,90-100%,Rural areas,Revised,31,200,11951.25,59.8,197,98.5,134,67,175,87.5,85,42.5,1061.02,5.31,57,28.5,72,36
201920,Academic year,Regional,E92000001,England,E12000001,North East,90-100%,Urban areas,Revised,103,1549,92282,59.6,1520,98.1,1082,69.9,1350,87.2,806,52,8275.67,5.34,544,35.1,695,44.9
201920,Academic year,Regional,E92000001,England,E12000002,North West,Total,Rural areas,Revised,382,7287,386301.13,53,7129,97.8,4076,55.9,5649,77.5,2721,37.3,33648.31,4.62,1585,21.8,2203,30.2
201920,Academic year,Regional,E92000001,England,E12000002,North West,Total,Urban areas,Revised,586,69749,3384252.14,48.5,67691,97,32439,46.5,47762,68.5,24692,35.4,291457.66,4.18,12794,18.3,18371,26.3
201920,Academic year,Regional,E92000001,England,E12000002,North West,0-10%,Rural areas,Revised,31,114,4606,40.4,110,96.5,31,27.2,56,49.1,20,17.5,372.69,3.27,10,8.8,16,14
201920,Academic year,Regional,E92000001,England,E12000002,North West,0-10%,Urban areas,Revised,506,15036,624396.51,41.5,14323,95.3,4808,32,8196,54.5,4299,28.6,52365.52,3.48,1623,10.8,2710,18
201920,Academic year,Regional,E92000001,England,E12000002,North West,10-20%,Rural areas,Revised,30,136,6285.5,46.2,134,98.5,55,40.4,86,63.2,48,35.3,528.7,3.89,11,8.1,25,18.4
201920,Academic year,Regional,E92000001,England,E12000002,North West,10-20%,Urban areas,Revised,524,10465,464949.89,44.4,10113,96.6,3974,38,6366,60.8,3211,30.7,39467.17,3.77,1364,13,2147,20.5
201920,Academic year,Regional,E92000001,England,E12000002,North West,20-30%,Rural areas,Revised,48,252,11134.75,44.2,241,95.6,90,35.7,155,61.5,63,25,936.74,3.72,25,9.9,41,16.3
201920,Academic year,Regional,E92000001,England,E12000002,North West,20-30%,Urban areas,Revised,506,7228,332637.88,46,6988,96.7,2969,41.1,4657,64.4,2295,31.8,28302.6,3.92,1074,14.9,1584,21.9
201920,Academic year,Regional,E92000001,England,E12000002,North West,30-40%,Rural areas,Revised,88,456,22140,48.6,444,97.4,213,46.7,321,70.4,124,27.2,1864.58,4.09,60,13.2,90,19.7
201920,Academic year,Regional,E92000001,England,E12000002,North West,30-40%,Urban areas,Revised,515,6680,319405.39,47.8,6493,97.2,2939,44,4513,67.6,2278,34.1,27379.07,4.1,1123,16.8,1664,24.9
201920,Academic year,Regional,E92000001,England,E12000002,North West,40-50%,Rural areas,Revised,68,258,12308.25,47.7,252,97.7,126,48.8,178,69,77,29.8,1050.26,4.07,38,14.7,53,20.5
201920,Academic year,Regional,E92000001,England,E12000002,North West,40-50%,Urban areas,Revised,477,5134,253851.14,49.4,5007,97.5,2472,48.1,3663,71.3,1879,36.6,21924.77,4.27,974,19,1400,27.3
201920,Academic year,Regional,E92000001,England,E12000002,North West,50-60%,Rural areas,Revised,160,734,37274.5,50.8,717,97.7,349,47.5,548,74.7,223,30.4,3211.92,4.38,115,15.7,174,23.7
201920,Academic year,Regional,E92000001,England,E12000002,North West,50-60%,Urban areas,Revised,466,4466,227692.01,51,4356,97.5,2298,51.5,3323,74.4,1667,37.3,19715.45,4.41,909,20.4,1304,29.2
201920,Academic year,Regional,E92000001,England,E12000002,North West,60-70%,Rural areas,Revised,151,1111,57446.75,51.7,1082,97.4,597,53.7,842,75.8,396,35.6,5004.28,4.5,222,20,315,28.4
201920,Academic year,Regional,E92000001,England,E12000002,North West,60-70%,Urban areas,Revised,451,4916,260170.77,52.9,4824,98.1,2757,56.1,3802,77.3,1900,38.6,22585.19,4.59,1062,21.6,1494,30.4
201920,Academic year,Regional,E92000001,England,E12000002,North West,70-80%,Rural areas,Revised,183,1332,73388.5,55.1,1311,98.4,811,60.9,1070,80.3,528,39.6,6414.37,4.82,321,24.1,441,33.1
201920,Academic year,Regional,E92000001,England,E12000002,North West,70-80%,Urban areas,Revised,439,4693,259801.02,55.4,4614,98.3,2882,61.4,3822,81.4,2079,44.3,22892.13,4.88,1296,27.6,1747,37.2
201920,Academic year,Regional,E92000001,England,E12000002,North West,80-90%,Rural areas,Revised,190,1510,83173.5,55.1,1488,98.5,914,60.5,1225,81.1,620,41.1,7296.77,4.83,366,24.2,506,33.5
201920,Academic year,Regional,E92000001,England,E12000002,North West,80-90%,Urban areas,Revised,402,5118,289351.38,56.5,5039,98.5,3296,64.4,4275,83.5,2315,45.2,25562.4,4.99,1484,29,1932,37.7
201920,Academic year,Regional,E92000001,England,E12000002,North West,90-100%,Rural areas,Revised,176,1384,78543.38,56.8,1350,97.5,890,64.3,1168,84.4,622,44.9,6968,5.03,417,30.1,542,39.2
201920,Academic year,Regional,E92000001,England,E12000002,North West,90-100%,Urban areas,Revised,374,6013,351996.15,58.5,5934,98.7,4044,67.3,5145,85.6,2769,46.1,31263.36,5.2,1885,31.3,2389,39.7
201920,Academic year,Regional,E92000001,England,E12000007,Outer London,Total,Rural areas,Revised,56,150,7489.5,49.9,146,97.3,83,55.3,111,74,56,37.3,649.43,4.33,31,20.7,43,28.7
201920,Academic year,Regional,E92000001,England,E12000007,Outer London,Total,Urban areas,Revised,743,56262,3025843.82,53.8,54733,97.3,31992,56.9,42728,75.9,30608,54.4,273597.4,4.86,17152,30.5,23209,41.3
201920,Academic year,Regional,E92000001,England,E12000007,Outer London,0-10%,Rural areas,Revised,4,4,154,38.5,3,75,1,25,2,50,1,25,13.83,3.46,1,25,1,25
201920,Academic year,Regional,E92000001,England,E12000007,Outer London,0-10%,Urban areas,Revised,394,2763,131531.63,47.6,2646,95.8,1216,44,1855,67.1,1296,46.9,11636.97,4.21,566,20.5,860,31.1
201920,Academic year,Regional,E92000001,England,E12000007,Outer London,10-20%,Rural areas,Revised,3,3,113,37.7,2,66.7,1,33.3,1,33.3,1,33.3,9.5,3.17,1,33.3,1,33.3
201920,Academic year,Regional,E92000001,England,E12000007,Outer London,10-20%,Urban areas,Revised,550,7890,385396.64,48.8,7637,96.8,3707,47,5390,68.3,4010,50.8,34470.84,4.37,1770,22.4,2653,33.6
201920,Academic year,Regional,E92000001,England,E12000007,Outer London,20-30%,Rural areas,Revised,12,38,1749.75,46,36,94.7,18,47.4,25,65.8,9,23.7,145,3.82,6,15.8,8,21.1
201920,Academic year,Regional,E92000001,England,E12000007,Outer London,20-30%,Urban areas,Revised,574,8590,432212.64,50.3,8292,96.5,4298,50,6053,70.5,4390,51.1,38689.5,4.5,2144,25,3085,35.9
201920,Academic year,Regional,E92000001,England,E12000007,Outer London,30-40%,Rural areas,Revised,16,35,1661.5,47.5,35,100,15,42.9,26,74.3,12,34.3,143.3,4.09,4,11.4,8,22.9
201920,Academic year,Regional,E92000001,England,E12000007,Outer London,30-40%,Urban areas,Revised,578,8530,444029.78,52.1,8257,96.8,4548,53.3,6248,73.2,4500,52.8,39972.27,4.69,2322,27.2,3260,38.2
201920,Academic year,Regional,E92000001,England,E12000007,Outer London,40-50%,Rural areas,Revised,8,13,655.75,50.4,13,100,8,61.5,9,69.2,4,30.8,57.33,4.41,3,23.1,3,23.1
201920,Academic year,Regional,E92000001,England,E12000007,Outer London,40-50%,Urban areas,Revised,558,7647,416974.52,54.5,7472,97.7,4496,58.8,5903,77.2,4225,55.3,37774.84,4.94,2398,31.4,3235,42.3
201920,Academic year,Regional,E92000001,England,E12000007,Outer London,50-60%,Rural areas,Revised,2,5,255.75,51.1,5,100,3,60,3,60,2,40,22.17,4.43,1,20,2,40
201920,Academic year,Regional,E92000001,England,E12000007,Outer London,50-60%,Urban areas,Revised,495,5842,326131.89,55.8,5712,97.8,3551,60.8,4594,78.6,3265,55.9,29677.59,5.08,1971,33.7,2599,44.5
201920,Academic year,Regional,E92000001,England,E12000007,Outer London,60-70%,Rural areas,Revised,12,21,1222.5,58.2,21,100,16,76.2,19,90.5,13,61.9,110.16,5.25,7,33.3,8,38.1
201920,Academic year,Regional,E92000001,England,E12000007,Outer London,60-70%,Urban areas,Revised,466,4906,280778.53,57.2,4795,97.7,3129,63.8,4027,82.1,2846,58,25615.57,5.22,1771,36.1,2287,46.6
201920,Academic year,Regional,E92000001,England,E12000007,Outer London,70-80%,Rural areas,Revised,6,10,412.25,41.2,10,100,6,60,7,70,2,20,32.98,3.3,0,0,1,10
201920,Academic year,Regional,E92000001,England,E12000007,Outer London,70-80%,Urban areas,Revised,404,4199,246098.03,58.6,4128,98.3,2796,66.6,3503,83.4,2366,56.3,22377.24,5.33,1548,36.9,1990,47.4
201920,Academic year,Regional,E92000001,England,E12000007,Outer London,80-90%,Rural areas,Revised,11,20,1207,60.4,20,100,14,70,18,90,11,55,109.66,5.48,8,40,10,50
201920,Academic year,Regional,E92000001,England,E12000007,Outer London,80-90%,Urban areas,Revised,361,2998,180830.26,60.3,2939,98,2090,69.7,2555,85.2,1830,61,16599.4,5.54,1312,43.8,1586,52.9
201920,Academic year,Regional,E92000001,England,E12000007,Outer London,90-100%,Rural areas,Revised,1,1,c,c,c,c,c,c,c,c,c,c,c,c,c,c,c,c
201920,Academic year,Regional,E92000001,England,E12000007,Outer London,90-100%,Urban areas,Revised,290,2897,181859.9,62.8,2855,98.6,2161,74.6,2600,89.7,1880,64.9,16783.18,5.79,1350,46.6,1654,57.1
201920,Academic year,Regional,E92000001,England,E12000008,South East,Total,Rural areas,Revised,672,16994,903110.78,53.1,16592,97.6,9589,56.4,12992,76.5,7407,43.6,79945.31,4.7,4442,26.1,5948,35
201920,Academic year,Regional,E92000001,England,E12000008,South East,Total,Urban areas,Revised,846,71377,3626327.67,50.8,69412,97.2,36502,51.1,51713,72.5,28583,40,318138.4,4.46,15906,22.3,21835,30.6
201920,Academic year,Regional,E92000001,England,E12000008,South East,0-10%,Rural areas,Revised,30,106,4211,39.7,101,95.3,31,29.2,58,54.7,34,32.1,365.32,3.45,12,11.3,18,17
201920,Academic year,Regional,E92000001,England,E12000008,South East,0-10%,Urban areas,Revised,319,3611,141628.14,39.2,3403,94.2,1011,28,1802,49.9,867,24,11759.69,3.26,324,9,543,15
201920,Academic year,Regional,E92000001,England,E12000008,South East,10-20%,Rural areas,Revised,84,302,13949.51,46.2,295,97.7,132,43.7,193,63.9,101,33.4,1192.98,3.95,46,15.2,74,24.5
201920,Academic year,Regional,E92000001,England,E12000008,South East,10-20%,Urban areas,Revised,476,5214,221961.51,42.6,4990,95.7,1838,35.3,3003,57.6,1476,28.3,18806.73,3.61,595,11.4,936,18
201920,Academic year,Regional,E92000001,England,E12000008,South East,20-30%,Rural areas,Revised,138,488,23071.75,47.3,472,96.7,225,46.1,328,67.2,169,34.6,1985.14,4.07,76,15.6,111,22.7
201920,Academic year,Regional,E92000001,England,E12000008,South East,20-30%,Urban areas,Revised,541,5992,268539.64,44.8,5787,96.6,2322,38.8,3725,62.2,1893,31.6,22959.1,3.83,818,13.7,1249,20.8
201920,Academic year,Regional,E92000001,England,E12000008,South East,30-40%,Rural areas,Revised,236,1042,49377.5,47.4,1004,96.4,450,43.2,694,66.6,376,36.1,4264.44,4.09,185,17.8,290,27.8
201920,Academic year,Regional,E92000001,England,E12000008,South East,30-40%,Urban areas,Revised,614,8223,385613.39,46.9,7957,96.8,3527,42.9,5430,66,2781,33.8,33216.66,4.04,1327,16.1,1938,23.6
201920,Academic year,Regional,E92000001,England,E12000008,South East,40-50%,Rural areas,Revised,282,1376,67802.88,49.3,1329,96.6,690,50.1,940,68.3,568,41.3,5982.11,4.35,300,21.8,430,31.3
201920,Academic year,Regional,E92000001,England,E12000008,South East,40-50%,Urban areas,Revised,622,7856,383323.77,48.8,7623,97,3699,47.1,5445,69.3,2887,36.7,33342.84,4.24,1435,18.3,2090,26.6
201920,Academic year,Regional,E92000001,England,E12000008,South East,50-60%,Rural areas,Revised,305,1903,98367.5,51.7,1865,98,1000,52.5,1407,73.9,833,43.8,8684.01,4.56,461,24.2,642,33.7
201920,Academic year,Regional,E92000001,England,E12000008,South East,50-60%,Urban areas,Revised,630,7869,396545.38,50.4,7656,97.3,3956,50.3,5693,72.3,3177,40.4,34696.62,4.41,1648,20.9,2370,30.1
201920,Academic year,Regional,E92000001,England,E12000008,South East,60-70%,Rural areas,Revised,383,2642,138074.75,52.3,2574,97.4,1416,53.6,1983,75.1,1055,39.9,12135.66,4.59,650,24.6,853,32.3
201920,Academic year,Regional,E92000001,England,E12000008,South East,60-70%,Urban areas,Revised,596,7172,377911.64,52.7,7033,98.1,3905,54.4,5477,76.4,3051,42.5,33264.09,4.64,1697,23.7,2336,32.6
201920,Academic year,Regional,E92000001,England,E12000008,South East,70-80%,Rural areas,Revised,366,2456,132095.88,53.8,2402,97.8,1418,57.7,1917,78.1,1112,45.3,11751.12,4.78,685,27.9,908,37
201920,Academic year,Regional,E92000001,England,E12000008,South East,70-80%,Urban areas,Revised,577,7680,416591.76,54.2,7515,97.9,4461,58.1,6068,79,3373,43.9,36915.24,4.81,2031,26.4,2692,35.1
201920,Academic year,Regional,E92000001,England,E12000008,South East,80-90%,Rural areas,Revised,420,3543,195998.51,55.3,3471,98,2177,61.4,2840,80.2,1662,46.9,17453.49,4.93,1034,29.2,1381,39
201920,Academic year,Regional,E92000001,England,E12000008,South East,80-90%,Urban areas,Revised,590,7972,448028.91,56.2,7823,98.1,4964,62.3,6549,82.2,3777,47.4,40023.9,5.02,2398,30.1,3118,39.1
201920,Academic year,Regional,E92000001,England,E12000008,South East,90-100%,Rural areas,Revised,336,3136,180161.5,57.4,3079,98.2,2050,65.4,2632,83.9,1497,47.7,16131.04,5.14,993,31.7,1241,39.6
201920,Academic year,Regional,E92000001,England,E12000008,South East,90-100%,Urban areas,Revised,522,9788,586183.53,59.9,9625,98.3,6819,69.7,8521,87.1,5301,54.2,53153.53,5.43,3633,37.1,4563,46.6
201920,Academic year,Regional,E92000001,England,E12000009,South West,Total,Rural areas,Revised,389,16212,834566.66,51.5,15819,97.6,8360,51.6,12048,74.3,6022,37.1,72802.16,4.49,3307,20.4,4628,28.5
201920,Academic year,Regional,E92000001,England,E12000009,South West,Total,Urban areas,Revised,408,35940,1791623.54,49.9,34938,97.2,17593,49,25606,71.2,11335,31.5,154008.43,4.29,6262,17.4,8677,24.1
201920,Academic year,Regional,E92000001,England,E12000009,South West,0-10%,Rural areas,Revised,18,85,3413.75,40.2,83,97.6,21,24.7,37,43.5,17,20,288.88,3.4,6,7.1,10,11.8
201920,Academic year,Regional,E92000001,England,E12000009,South West,0-10%,Urban areas,Revised,257,3067,126167,41.1,2938,95.8,957,31.2,1664,54.3,651,21.2,10475.75,3.42,217,7.1,366,11.9
201920,Academic year,Regional,E92000001,England,E12000009,South West,10-20%,Rural areas,Revised,67,484,21023.75,43.4,465,96.1,160,33.1,288,59.5,128,26.4,1804.46,3.73,57,11.8,92,19
201920,Academic year,Regional,E92000001,England,E12000009,South West,10-20%,Urban areas,Revised,300,2994,128924.25,43.1,2861,95.6,1064,35.5,1814,60.6,666,22.2,10796.55,3.61,263,8.8,434,14.5
201920,Academic year,Regional,E92000001,England,E12000009,South West,20-30%,Rural areas,Revised,90,567,26048,45.9,550,97,227,40,369,65.1,151,26.6,2190.11,3.86,69,12.2,100,17.6
201920,Academic year,Regional,E92000001,England,E12000009,South West,20-30%,Urban areas,Revised,317,3693,169596.75,45.9,3559,96.4,1530,41.4,2366,64.1,898,24.3,14288.97,3.87,449,12.2,643,17.4
201920,Academic year,Regional,E92000001,England,E12000009,South West,30-40%,Rural areas,Revised,161,1366,64625.25,47.3,1310,95.9,605,44.3,908,66.5,473,34.6,5609,4.11,238,17.4,334,24.5
201920,Academic year,Regional,E92000001,England,E12000009,South West,30-40%,Urban areas,Revised,323,3979,190893.75,48,3850,96.8,1803,45.3,2683,67.4,1099,27.6,16235.19,4.08,552,13.9,790,19.9
201920,Academic year,Regional,E92000001,England,E12000009,South West,40-50%,Rural areas,Revised,232,2213,108138.26,48.9,2144,96.9,1029,46.5,1575,71.2,772,34.9,9374.12,4.24,381,17.2,544,24.6
201920,Academic year,Regional,E92000001,England,E12000009,South West,40-50%,Urban areas,Revised,341,4378,217253.75,49.6,4260,97.3,2091,47.8,3075,70.2,1348,30.8,18611.67,4.25,723,16.5,1009,23
201920,Academic year,Regional,E92000001,England,E12000009,South West,50-60%,Rural areas,Revised,271,3213,164331,51.1,3145,97.9,1632,50.8,2353,73.2,1126,35,14257.88,4.44,604,18.8,856,26.6
201920,Academic year,Regional,E92000001,England,E12000009,South West,50-60%,Urban areas,Revised,320,3961,200735.63,50.7,3865,97.6,1997,50.4,2909,73.4,1210,30.5,17193.43,4.34,668,16.9,919,23.2
201920,Academic year,Regional,E92000001,England,E12000009,South West,60-70%,Rural areas,Revised,253,2726,143496.51,52.6,2657,97.5,1464,53.7,2085,76.5,1031,37.8,12514.12,4.59,562,20.6,798,29.3
201920,Academic year,Regional,E92000001,England,E12000009,South West,60-70%,Urban areas,Revised,323,3919,204242.26,52.1,3833,97.8,2082,53.1,2984,76.1,1405,35.9,17712.43,4.52,807,20.6,1102,28.1
201920,Academic year,Regional,E92000001,England,E12000009,South West,70-80%,Rural areas,Revised,237,2559,138326.5,54.1,2510,98.1,1483,58,2028,79.2,1037,40.5,12134.88,4.74,610,23.8,838,32.7
201920,Academic year,Regional,E92000001,England,E12000009,South West,70-80%,Urban areas,Revised,285,3781,201739.63,53.4,3689,97.6,2154,57,2979,78.8,1398,37,17521.04,4.63,815,21.6,1135,30
201920,Academic year,Regional,E92000001,England,E12000009,South West,80-90%,Rural areas,Revised,204,1868,103249.64,55.3,1841,98.6,1089,58.3,1507,80.7,802,42.9,9140.91,4.89,497,26.6,659,35.3
201920,Academic year,Regional,E92000001,England,E12000009,South West,80-90%,Urban areas,Revised,258,3118,173248.52,55.6,3072,98.5,1867,59.9,2511,80.5,1248,40,15233.53,4.89,822,26.4,1065,34.2
201920,Academic year,Regional,E92000001,England,E12000009,South West,90-100%,Rural areas,Revised,147,1131,61914,54.7,1114,98.5,650,57.5,898,79.4,485,42.9,5487.8,4.85,283,25,397,35.1
201920,Academic year,Regional,E92000001,England,E12000009,South West,90-100%,Urban areas,Revised,219,3050,178822,58.6,3011,98.7,2048,67.1,2621,85.9,1412,46.3,15939.87,5.23,946,31,1214,39.8
201920,Academic year,Regional,E92000001,England,E12000005,West Midlands,Total,Rural areas,Revised,349,7920,415213.88,52.4,7750,97.9,4350,54.9,6087,76.9,3296,41.6,36559.32,4.62,1892,23.9,2641,33.3
201920,Academic year,Regional,E92000001,England,E12000005,West Midlands,Total,Urban areas,Revised,506,55742,2702340.65,48.5,54117,97.1,25381,45.5,37598,67.5,20648,37,232796.62,4.18,9870,17.7,14563,26.1
201920,Academic year,Regional,E92000001,England,E12000005,West Midlands,0-10%,Rural areas,Revised,6,22,866.75,39.4,22,100,9,40.9,14,63.6,1,4.5,69.51,3.16,0,0,1,4.5
201920,Academic year,Regional,E92000001,England,E12000005,West Midlands,0-10%,Urban areas,Revised,397,12283,534693.28,43.5,11734,95.5,4310,35.1,7036,57.3,3666,29.8,44973.57,3.66,1419,11.6,2252,18.3
201920,Academic year,Regional,E92000001,England,E12000005,West Midlands,10-20%,Rural areas,Revised,15,48,1980,41.3,47,97.9,14,29.2,25,52.1,17,35.4,169.37,3.53,5,10.4,9,18.8
201920,Academic year,Regional,E92000001,England,E12000005,West Midlands,10-20%,Urban areas,Revised,426,10023,453878.41,45.3,9707,96.8,3870,38.6,6116,61,3484,34.8,38641.43,3.86,1333,13.3,2153,21.5
201920,Academic year,Regional,E92000001,England,E12000005,West Midlands,20-30%,Rural areas,Revised,81,346,15963.25,46.1,336,97.1,134,38.7,223,64.5,100,28.9,1363.64,3.94,48,13.9,69,19.9
201920,Academic year,Regional,E92000001,England,E12000005,West Midlands,20-30%,Urban areas,Revised,420,6454,298629.02,46.3,6269,97.1,2605,40.4,4052,62.8,2038,31.6,25326.61,3.92,902,14,1384,21.4
201920,Academic year,Regional,E92000001,England,E12000005,West Midlands,30-40%,Rural areas,Revised,100,617,29571,47.9,599,97.1,269,43.6,434,70.3,214,34.7,2577.23,4.18,99,16,158,25.6
201920,Academic year,Regional,E92000001,England,E12000005,West Midlands,30-40%,Urban areas,Revised,425,4854,231985.13,47.8,4715,97.1,2159,44.5,3268,67.3,1692,34.9,19914.73,4.1,774,15.9,1187,24.5
201920,Academic year,Regional,E92000001,England,E12000005,West Midlands,40-50%,Rural areas,Revised,121,566,28539,50.4,554,97.9,287,50.7,408,72.1,227,40.1,2510.74,4.44,135,23.9,181,32
201920,Academic year,Regional,E92000001,England,E12000005,West Midlands,40-50%,Urban areas,Revised,401,4540,226344.52,49.9,4437,97.7,2186,48.1,3183,70.1,1709,37.6,19547.56,4.31,876,19.3,1257,27.7
201920,Academic year,Regional,E92000001,England,E12000005,West Midlands,50-60%,Rural areas,Revised,162,1159,58619.5,50.6,1135,97.9,594,51.3,866,74.7,480,41.4,5144.73,4.44,245,21.1,365,31.5
201920,Academic year,Regional,E92000001,England,E12000005,West Midlands,50-60%,Urban areas,Revised,391,3630,187504.76,51.7,3536,97.4,1891,52.1,2707,74.6,1478,40.7,16320.23,4.5,770,21.2,1100,30.3
201920,Academic year,Regional,E92000001,England,E12000005,West Midlands,60-70%,Rural areas,Revised,191,1440,75066.5,52.1,1409,97.8,790,54.9,1109,77,563,39.1,6575.06,4.57,318,22.1,447,31
201920,Academic year,Regional,E92000001,England,E12000005,West Midlands,60-70%,Urban areas,Revised,378,3575,188864.76,52.8,3514,98.3,1957,54.7,2749,76.9,1487,41.6,16499.69,4.62,825,23.1,1143,32
201920,Academic year,Regional,E92000001,England,E12000005,West Midlands,70-80%,Rural areas,Revised,181,1340,73233.63,54.7,1317,98.3,790,59,1075,80.2,624,46.6,6510.14,4.86,372,27.8,520,38.8
201920,Academic year,Regional,E92000001,England,E12000005,West Midlands,70-80%,Urban areas,Revised,337,3435,185074.01,53.9,3369,98.1,1958,57,2714,79,1532,44.6,16256.8,4.73,856,24.9,1212,35.3
201920,Academic year,Regional,E92000001,England,E12000005,West Midlands,80-90%,Rural areas,Revised,187,1262,68098,54,1226,97.1,751,59.5,1005,79.6,545,43.2,6016.93,4.77,333,26.4,451,35.7
201920,Academic year,Regional,E92000001,England,E12000005,West Midlands,80-90%,Urban areas,Revised,314,3490,194661.76,55.8,3431,98.3,2167,62.1,2852,81.7,1701,48.7,17300.07,4.96,979,28.1,1358,38.9
201920,Academic year,Regional,E92000001,England,E12000005,West Midlands,90-100%,Rural areas,Revised,141,1120,63276.25,56.5,1105,98.7,712,63.6,928,82.9,525,46.9,5621.97,5.02,337,30.1,440,39.3
201920,Academic year,Regional,E92000001,England,E12000005,West Midlands,90-100%,Urban areas,Revised,253,3458,200705,58,3405,98.5,2278,65.9,2921,84.5,1861,53.8,18015.93,5.21,1136,32.9,1517,43.9
201920,Academic year,Regional,E92000001,England,E12000003,Yorkshire and The Humber,Total,Rural areas,Revised,343,9199,479958.75,52.2,8991,97.7,5065,55.1,7034,76.5,3562,38.7,41983.15,4.56,2109,22.9,2875,31.3
201920,Academic year,Regional,E92000001,England,E12000003,Yorkshire and The Humber,Total,Urban areas,Revised,409,48263,2300003.64,47.7,46877,97.1,22306,46.2,32587,67.5,17368,36,198332.04,4.11,8594,17.8,12433,25.8
201920,Academic year,Regional,E92000001,England,E12000003,Yorkshire and The Humber,0-10%,Rural areas,Revised,46,202,8585.5,42.5,193,95.5,69,34.2,113,55.9,40,19.8,717.67,3.55,18,8.9,33,16.3
201920,Academic year,Regional,E92000001,England,E12000003,Yorkshire and The Humber,0-10%,Urban areas,Revised,336,10158,418390.63,41.2,9772,96.2,3336,32.8,5557,54.7,2737,26.9,34906.48,3.44,989,9.7,1622,16
201920,Academic year,Regional,E92000001,England,E12000003,Yorkshire and The Humber,10-20%,Rural areas,Revised,70,430,18714,43.5,411,95.6,172,40,262,60.9,82,19.1,1554.43,3.61,29,6.7,53,12.3
201920,Academic year,Regional,E92000001,England,E12000003,Yorkshire and The Humber,10-20%,Urban areas,Revised,342,7045,303165.25,43,6773,96.1,2596,36.8,4134,58.7,2141,30.4,25632.99,3.64,843,12,1310,18.6
201920,Academic year,Regional,E92000001,England,E12000003,Yorkshire and The Humber,20-30%,Rural areas,Revised,82,434,20005.75,46.1,421,97,178,41,277,63.8,133,30.6,1714.78,3.95,72,16.6,95,21.9
201920,Academic year,Regional,E92000001,England,E12000003,Yorkshire and The Humber,20-30%,Urban areas,Revised,338,6263,282434.63,45.1,6077,97,2547,40.7,3961,63.2,2104,33.6,24146.04,3.86,902,14.4,1380,22
201920,Academic year,Regional,E92000001,England,E12000003,Yorkshire and The Humber,30-40%,Rural areas,Revised,103,596,29269.5,49.1,582,97.7,297,49.8,420,70.5,179,30,2499.6,4.19,99,16.6,134,22.5
201920,Academic year,Regional,E92000001,England,E12000003,Yorkshire and The Humber,30-40%,Urban areas,Revised,326,4529,213893.25,47.2,4392,97,2059,45.5,3051,67.4,1658,36.6,18407.47,4.06,749,16.5,1108,24.5
201920,Academic year,Regional,E92000001,England,E12000003,Yorkshire and The Humber,40-50%,Rural areas,Revised,127,735,36067.5,49.1,720,98,349,47.5,530,72.1,245,33.3,3100.29,4.22,129,17.6,189,25.7
201920,Academic year,Regional,E92000001,England,E12000003,Yorkshire and The Humber,40-50%,Urban areas,Revised,325,3622,177975.13,49.1,3517,97.1,1813,50.1,2603,71.9,1323,36.5,15392.69,4.25,673,18.6,978,27
201920,Academic year,Regional,E92000001,England,E12000003,Yorkshire and The Humber,50-60%,Rural areas,Revised,157,1020,51977,51,998,97.8,542,53.1,770,75.5,359,35.2,4488.75,4.4,202,19.8,288,28.2
201920,Academic year,Regional,E92000001,England,E12000003,Yorkshire and The Humber,50-60%,Urban areas,Revised,328,3499,178583,51,3425,97.9,1852,52.9,2581,73.8,1390,39.7,15531.86,4.44,740,21.1,1045,29.9
201920,Academic year,Regional,E92000001,England,E12000003,Yorkshire and The Humber,60-70%,Rural areas,Revised,162,1108,57923,52.3,1083,97.7,608,54.9,852,76.9,422,38.1,5052.11,4.56,253,22.8,337,30.4
201920,Academic year,Regional,E92000001,England,E12000003,Yorkshire and The Humber,60-70%,Urban areas,Revised,280,3036,158020.25,52,2975,98,1683,55.4,2322,76.5,1198,39.5,13834.05,4.56,689,22.7,976,32.1
201920,Academic year,Regional,E92000001,England,E12000003,Yorkshire and The Humber,70-80%,Rural areas,Revised,168,1374,73950.5,53.8,1340,97.5,793,57.7,1085,79,575,41.8,6518.77,4.74,353,25.7,468,34.1
201920,Academic year,Regional,E92000001,England,E12000003,Yorkshire and The Humber,70-80%,Urban areas,Revised,286,3407,185902.5,54.6,3358,98.6,2050,60.2,2749,80.7,1474,43.3,16342.5,4.8,887,26,1197,35.1
201920,Academic year,Regional,E92000001,England,E12000003,Yorkshire and The Humber,80-90%,Rural areas,Revised,158,1783,99289.75,55.7,1753,98.3,1136,63.7,1469,82.4,800,44.9,8812.59,4.94,513,28.8,680,38.1
201920,Academic year,Regional,E92000001,England,E12000003,Yorkshire and The Humber,80-90%,Urban areas,Revised,271,3255,179822,55.2,3200,98.3,2010,61.8,2640,81.1,1532,47.1,16004.37,4.92,955,29.3,1274,39.1
201920,Academic year,Regional,E92000001,England,E12000003,Yorkshire and The Humber,90-100%,Rural areas,Revised,131,1517,84176.25,55.5,1490,98.2,921,60.7,1256,82.8,727,47.9,7524.16,4.96,441,29.1,598,39.4
201920,Academic year,Regional,E92000001,England,E12000003,Yorkshire and The Humber,90-100%,Urban areas,Revised,233,3449,201817,58.5,3388,98.2,2360,68.4,2989,86.7,1811,52.5,18133.59,5.26,1167,33.8,1543,44.7
