time_period,time_identifier,geographic_level,country_code,country_name,version,breakdown,EAL,SEN,Disadvantage,Gender,KS2_Prior,Entered_for_EBacc,Not_Entered,%_Entered,%_Not_Entered,Achieved_Ebacc_9-4,Ebacc_9-4_Not_Achieved,%_Achieved_Ebacc_9-4,%_Ebacc_9-4_Not_Achieved,Achieved_Ebacc_9-5,Ebacc_9-5_Not_Achieved,%_Achieved_Ebacc_9-5,%_Ebacc_9-5_Not_Achieved,Achieved_Basics_9-4,Basics_9-4_Not_Achieved,%_Achieved_Basics_9-4,%_Basics_9-4_Not_Achieved,Achieved_Basics_9-5,Basics_9-5_Not_Achieved,%_Achieved_Basics_9-5,%_Basics_9-5_Not_Achieved
201920,Academic year,National,E92000001,England,Provisional,Gender,Total,Total,Total,Female Pupils,0.5 - W,5,923,0.5,99.5,2,926,0.2,99.8,1,927,0.1,99.9,2,926,0.2,99.8,1,927,0.1,99.9
201920,Academic year,National,E92000001,England,Provisional,Gender,Total,Total,Total,Female Pupils,1,18,714,2.5,97.5,2,730,0.3,99.7,1,731,0.1,99.9,10,722,1.4,98.6,2,730,0.3,99.7
201920,Academic year,National,E92000001,England,Provisional,Gender,Total,Total,Total,Female Pupils,2,562,5531,9.2,90.8,128,5965,2.1,97.9,60,6033,1,99,367,5726,6,94,148,5945,2.4,97.6
201920,Academic year,National,E92000001,England,Provisional,Gender,Total,Total,Total,Female Pupils,3.3 - 3C,410,2979,12.1,87.9,53,3336,1.6,98.4,23,3366,0.7,99.3,355,3034,10.5,89.5,79,3310,2.3,97.7
201920,Academic year,National,E92000001,England,Provisional,Gender,Total,Total,Total,Female Pupils,3.6 - 3B,788,4642,14.5,85.5,144,5286,2.7,97.3,43,5387,0.8,99.2,816,4614,15,85,187,5243,3.4,96.6
201920,Academic year,National,E92000001,England,Provisional,Gender,Total,Total,Total,Female Pupils,3.9 - 3A,1829,8228,18.2,81.8,355,9702,3.5,96.5,84,9973,0.8,99.2,2367,7690,23.5,76.5,489,9568,4.9,95.1
201920,Academic year,National,E92000001,England,Provisional,Gender,Total,Total,Total,Female Pupils,4.3 - 4C,5310,17047,23.8,76.2,1762,20595,7.9,92.1,451,21906,2,98,9339,13018,41.8,58.2,2447,19910,10.9,89.1
201920,Academic year,National,E92000001,England,Provisional,Gender,Total,Total,Total,Female Pupils,4.6 - 4B,14181,28668,33.1,66.9,7385,35464,17.2,82.8,2627,40222,6.1,93.9,27680,15169,64.6,35.4,11366,31483,26.5,73.5
201920,Academic year,National,E92000001,England,Provisional,Gender,Total,Total,Total,Female Pupils,4.9 - 4A,26187,32073,44.9,55.1,19278,38982,33.1,66.9,10488,47772,18,82,49186,9074,84.4,15.6,30989,27271,53.2,46.8
201920,Academic year,National,E92000001,England,Provisional,Gender,Total,Total,Total,Female Pupils,5.3 - 5C,33658,24541,57.8,42.2,29755,28444,51.1,48.9,22306,35893,38.3,61.7,55504,2695,95.4,4.6,46836,11363,80.5,19.5
201920,Academic year,National,E92000001,England,Provisional,Gender,Total,Total,Total,Female Pupils,5.6 - 5B,29918,13657,68.7,31.3,28794,14781,66.1,33.9,26182,17393,60.1,39.9,43063,512,98.8,1.2,41380,2195,95,5
201920,Academic year,National,E92000001,England,Provisional,Gender,Total,Total,Total,Female Pupils,5.9 - 5A,6546,1867,77.8,22.2,6499,1914,77.2,22.8,6371,2042,75.7,24.3,8384,29,99.7,0.3,8333,80,99,1
201920,Academic year,National,E92000001,England,Provisional,Gender,Total,Total,Total,Male Pupils,0.5 - W,4,1812,0.2,99.8,2,1814,0.1,99.9,1,1815,0.1,99.9,3,1813,0.2,99.8,2,1814,0.1,99.9
201920,Academic year,National,E92000001,England,Provisional,Gender,Total,Total,Total,Male Pupils,1,14,1356,1,99,2,1368,0.1,99.9,1,1369,0.1,99.9,11,1359,0.8,99.2,3,1367,0.2,99.8
201920,Academic year,National,E92000001,England,Provisional,Gender,Total,Total,Total,Male Pupils,2,436,8335,5,95,88,8683,1,99,41,8730,0.5,99.5,415,8356,4.7,95.3,119,8652,1.4,98.6
201920,Academic year,National,E92000001,England,Provisional,Gender,Total,Total,Total,Male Pupils,3.3 - 3C,308,4230,6.8,93.2,35,4503,0.8,99.2,5,4533,0.1,99.9,360,4178,7.9,92.1,51,4487,1.1,98.9
201920,Academic year,National,E92000001,England,Provisional,Gender,Total,Total,Total,Male Pupils,3.6 - 3B,540,5952,8.3,91.7,82,6410,1.3,98.7,27,6465,0.4,99.6,865,5627,13.3,86.7,172,6320,2.6,97.4
201920,Academic year,National,E92000001,England,Provisional,Gender,Total,Total,Total,Male Pupils,3.9 - 3A,1144,9946,10.3,89.7,186,10904,1.7,98.3,47,11043,0.4,99.6,2254,8836,20.3,79.7,413,10677,3.7,96.3
201920,Academic year,National,E92000001,England,Provisional,Gender,Total,Total,Total,Male Pupils,4.3 - 4C,3287,18891,14.8,85.2,754,21424,3.4,96.6,203,21975,0.9,99.1,7383,14795,33.3,66.7,1615,20563,7.3,92.7
201920,Academic year,National,E92000001,England,Provisional,Gender,Total,Total,Total,Male Pupils,4.6 - 4B,8750,32804,21.1,78.9,3316,38238,8,92,1022,40532,2.5,97.5,22610,18944,54.4,45.6,7827,33727,18.8,81.2
201920,Academic year,National,E92000001,England,Provisional,Gender,Total,Total,Total,Male Pupils,4.9 - 4A,16756,38249,30.5,69.5,9506,45499,17.3,82.7,4287,50718,7.8,92.2,41226,13779,74.9,25.1,21923,33082,39.9,60.1
201920,Academic year,National,E92000001,England,Provisional,Gender,Total,Total,Total,Male Pupils,5.3 - 5C,25213,32115,44,56,18861,38467,32.9,67.1,11755,45573,20.5,79.5,51598,5730,90,10,39186,18142,68.4,31.6
201920,Academic year,National,E92000001,England,Provisional,Gender,Total,Total,Total,Male Pupils,5.6 - 5B,28853,21461,57.3,42.7,25959,24355,51.6,48.4,21263,29051,42.3,57.7,48822,1492,97,3,44998,5316,89.4,10.6
201920,Academic year,National,E92000001,England,Provisional,Gender,Total,Total,Total,Male Pupils,5.9 - 5A,6772,2797,70.8,29.2,6607,2962,69,31,6246,3323,65.3,34.7,9498,71,99.3,0.7,9347,222,97.7,2.3
201920,Academic year,National,E92000001,England,Provisional,Gender,Total,Total,Total,All Pupils,0.5 - W,9,2735,0.3,99.7,4,2740,0.1,99.9,2,2742,0.1,99.9,5,2739,0.2,99.8,3,2741,0.1,99.9
201920,Academic year,National,E92000001,England,Provisional,Gender,Total,Total,Total,All Pupils,1,32,2070,1.5,98.5,4,2098,0.2,99.8,2,2100,0.1,99.9,21,2081,1,99,5,2097,0.2,99.8
201920,Academic year,National,E92000001,England,Provisional,Gender,Total,Total,Total,All Pupils,2,998,13866,6.7,93.3,216,14648,1.5,98.5,101,14763,0.7,99.3,782,14082,5.3,94.7,267,14597,1.8,98.2
201920,Academic year,National,E92000001,England,Provisional,Gender,Total,Total,Total,All Pupils,3.3 - 3C,718,7209,9.1,90.9,88,7839,1.1,98.9,28,7899,0.4,99.6,715,7212,9,91,130,7797,1.6,98.4
201920,Academic year,National,E92000001,England,Provisional,Gender,Total,Total,Total,All Pupils,3.6 - 3B,1328,10594,11.1,88.9,226,11696,1.9,98.1,70,11852,0.6,99.4,1681,10241,14.1,85.9,359,11563,3,97
201920,Academic year,National,E92000001,England,Provisional,Gender,Total,Total,Total,All Pupils,3.9 - 3A,2973,18174,14.1,85.9,541,20606,2.6,97.4,131,21016,0.6,99.4,4621,16526,21.9,78.1,902,20245,4.3,95.7
201920,Academic year,National,E92000001,England,Provisional,Gender,Total,Total,Total,All Pupils,4.3 - 4C,8597,35938,19.3,80.7,2516,42019,5.6,94.4,654,43881,1.5,98.5,16722,27813,37.5,62.5,4062,40473,9.1,90.9
201920,Academic year,National,E92000001,England,Provisional,Gender,Total,Total,Total,All Pupils,4.6 - 4B,22931,61472,27.2,72.8,10701,73702,12.7,87.3,3649,80754,4.3,95.7,50290,34113,59.6,40.4,19193,65210,22.7,77.3
201920,Academic year,National,E92000001,England,Provisional,Gender,Total,Total,Total,All Pupils,4.9 - 4A,42943,70322,37.9,62.1,28784,84481,25.4,74.6,14775,98490,13,87,90412,22853,79.8,20.2,52912,60353,46.7,53.3
201920,Academic year,National,E92000001,England,Provisional,Gender,Total,Total,Total,All Pupils,5.3 - 5C,58871,56656,51,49,48616,66911,42.1,57.9,34061,81466,29.5,70.5,107102,8425,92.7,7.3,86022,29505,74.5,25.5
201920,Academic year,National,E92000001,England,Provisional,Gender,Total,Total,Total,All Pupils,5.6 - 5B,58771,35118,62.6,37.4,54753,39136,58.3,41.7,47445,46444,50.5,49.5,91885,2004,97.9,2.1,86378,7511,92,8
201920,Academic year,National,E92000001,England,Provisional,Gender,Total,Total,Total,All Pupils,5.9 - 5A,13318,4664,74.1,25.9,13106,4876,72.9,27.1,12617,5365,70.2,29.8,17882,100,99.4,0.6,17680,302,98.3,1.7
201920,Academic year,National,E92000001,England,Provisional,Disadvantage,Total,Total,Disadvantaged Pupils,Total,0.5 - W,2,1383,0.1,99.9,0,1385,0,100,0,1385,0,100,1,1384,0.1,99.9,1,1384,0.1,99.9
201920,Academic year,National,E92000001,England,Provisional,Disadvantage,Total,Total,Disadvantaged Pupils,Total,1,11,1139,1,99,0,1150,0,100,0,1150,0,100,8,1142,0.7,99.3,0,1150,0,100
201920,Academic year,National,E92000001,England,Provisional,Disadvantage,Total,Total,Disadvantaged Pupils,Total,2,355,7291,4.6,95.4,54,7592,0.7,99.3,25,7621,0.3,99.7,220,7426,2.9,97.1,75,7571,1,99
201920,Academic year,National,E92000001,England,Provisional,Disadvantage,Total,Total,Disadvantaged Pupils,Total,3.3 - 3C,283,3481,7.5,92.5,23,3741,0.6,99.4,4,3760,0.1,99.9,224,3540,6,94,41,3723,1.1,98.9
201920,Academic year,National,E92000001,England,Provisional,Disadvantage,Total,Total,Disadvantaged Pupils,Total,3.6 - 3B,464,4793,8.8,91.2,59,5198,1.1,98.9,20,5237,0.4,99.6,527,4730,10,90,101,5156,1.9,98.1
201920,Academic year,National,E92000001,England,Provisional,Disadvantage,Total,Total,Disadvantaged Pupils,Total,3.9 - 3A,1012,7609,11.7,88.3,124,8497,1.4,98.6,36,8585,0.4,99.6,1308,7313,15.2,84.8,264,8357,3.1,96.9
201920,Academic year,National,E92000001,England,Provisional,Disadvantage,Total,Total,Disadvantaged Pupils,Total,4.3 - 4C,2756,13763,16.7,83.3,597,15922,3.6,96.4,143,16376,0.9,99.1,4688,11831,28.4,71.6,1038,15481,6.3,93.7
201920,Academic year,National,E92000001,England,Provisional,Disadvantage,Total,Total,Disadvantaged Pupils,Total,4.6 - 4B,6348,21207,23,77,2446,25109,8.9,91.1,776,26779,2.8,97.2,12964,14591,47,53,4458,23097,16.2,83.8
201920,Academic year,National,E92000001,England,Provisional,Disadvantage,Total,Total,Disadvantaged Pupils,Total,4.9 - 4A,9662,20656,31.9,68.1,5543,24775,18.3,81.7,2648,27670,8.7,91.3,20543,9775,67.8,32.2,10477,19841,34.6,65.4
201920,Academic year,National,E92000001,England,Provisional,Disadvantage,Total,Total,Disadvantaged Pupils,Total,5.3 - 5C,10151,13539,42.8,57.2,7459,16231,31.5,68.5,4763,18927,20.1,79.9,20014,3676,84.5,15.5,14369,9321,60.7,39.3
201920,Academic year,National,E92000001,England,Provisional,Disadvantage,Total,Total,Disadvantaged Pupils,Total,5.6 - 5B,6960,6130,53.2,46.8,6027,7063,46,54,4866,8224,37.2,62.8,12302,788,94,6,10812,2278,82.6,17.4
201920,Academic year,National,E92000001,England,Provisional,Disadvantage,Total,Total,Disadvantaged Pupils,Total,5.9 - 5A,944,564,62.6,37.4,903,605,59.9,40.1,843,665,55.9,44.1,1473,35,97.7,2.3,1419,89,94.1,5.9
201920,Academic year,National,E92000001,England,Provisional,Disadvantage,Total,Total,Non Disadvantaged Pupils,Total,0.5 - W,7,1352,0.5,99.5,4,1355,0.3,99.7,2,1357,0.1,99.9,4,1355,0.3,99.7,2,1357,0.1,99.9
201920,Academic year,National,E92000001,England,Provisional,Disadvantage,Total,Total,Non Disadvantaged Pupils,Total,1,21,931,2.2,97.8,4,948,0.4,99.6,2,950,0.2,99.8,13,939,1.4,98.6,5,947,0.5,99.5
201920,Academic year,National,E92000001,England,Provisional,Disadvantage,Total,Total,Non Disadvantaged Pupils,Total,2,643,6575,8.9,91.1,162,7056,2.2,97.8,76,7142,1.1,98.9,562,6656,7.8,92.2,192,7026,2.7,97.3
201920,Academic year,National,E92000001,England,Provisional,Disadvantage,Total,Total,Non Disadvantaged Pupils,Total,3.3 - 3C,435,3728,10.4,89.6,65,4098,1.6,98.4,24,4139,0.6,99.4,491,3672,11.8,88.2,89,4074,2.1,97.9
201920,Academic year,National,E92000001,England,Provisional,Disadvantage,Total,Total,Non Disadvantaged Pupils,Total,3.6 - 3B,864,5801,13,87,167,6498,2.5,97.5,50,6615,0.8,99.2,1154,5511,17.3,82.7,258,6407,3.9,96.1
201920,Academic year,National,E92000001,England,Provisional,Disadvantage,Total,Total,Non Disadvantaged Pupils,Total,3.9 - 3A,1961,10565,15.7,84.3,417,12109,3.3,96.7,95,12431,0.8,99.2,3313,9213,26.4,73.6,638,11888,5.1,94.9
201920,Academic year,National,E92000001,England,Provisional,Disadvantage,Total,Total,Non Disadvantaged Pupils,Total,4.3 - 4C,5841,22175,20.8,79.2,1919,26097,6.8,93.2,511,27505,1.8,98.2,12034,15982,43,57,3024,24992,10.8,89.2
201920,Academic year,National,E92000001,England,Provisional,Disadvantage,Total,Total,Non Disadvantaged Pupils,Total,4.6 - 4B,16583,40265,29.2,70.8,8255,48593,14.5,85.5,2873,53975,5.1,94.9,37326,19522,65.7,34.3,14735,42113,25.9,74.1
201920,Academic year,National,E92000001,England,Provisional,Disadvantage,Total,Total,Non Disadvantaged Pupils,Total,4.9 - 4A,33281,49666,40.1,59.9,23241,59706,28,72,12127,70820,14.6,85.4,69869,13078,84.2,15.8,42435,40512,51.2,48.8
201920,Academic year,National,E92000001,England,Provisional,Disadvantage,Total,Total,Non Disadvantaged Pupils,Total,5.3 - 5C,48720,43117,53.1,46.9,41157,50680,44.8,55.2,29298,62539,31.9,68.1,87088,4749,94.8,5.2,71653,20184,78,22
201920,Academic year,National,E92000001,England,Provisional,Disadvantage,Total,Total,Non Disadvantaged Pupils,Total,5.6 - 5B,51811,28988,64.1,35.9,48726,32073,60.3,39.7,42579,38220,52.7,47.3,79583,1216,98.5,1.5,75566,5233,93.5,6.5
201920,Academic year,National,E92000001,England,Provisional,Disadvantage,Total,Total,Non Disadvantaged Pupils,Total,5.9 - 5A,12374,4100,75.1,24.9,12203,4271,74.1,25.9,11774,4700,71.5,28.5,16409,65,99.6,0.4,16261,213,98.7,1.3
201920,Academic year,National,E92000001,England,Provisional,Disadvantage,Total,Total,All Pupils,Total,0.5 - W,9,2735,0.3,99.7,4,2740,0.1,99.9,2,2742,0.1,99.9,5,2739,0.2,99.8,3,2741,0.1,99.9
201920,Academic year,National,E92000001,England,Provisional,Disadvantage,Total,Total,All Pupils,Total,1,32,2070,1.5,98.5,4,2098,0.2,99.8,2,2100,0.1,99.9,21,2081,1,99,5,2097,0.2,99.8
201920,Academic year,National,E92000001,England,Provisional,Disadvantage,Total,Total,All Pupils,Total,2,998,13866,6.7,93.3,216,14648,1.5,98.5,101,14763,0.7,99.3,782,14082,5.3,94.7,267,14597,1.8,98.2
201920,Academic year,National,E92000001,England,Provisional,Disadvantage,Total,Total,All Pupils,Total,3.3 - 3C,718,7209,9.1,90.9,88,7839,1.1,98.9,28,7899,0.4,99.6,715,7212,9,91,130,7797,1.6,98.4
201920,Academic year,National,E92000001,England,Provisional,Disadvantage,Total,Total,All Pupils,Total,3.6 - 3B,1328,10594,11.1,88.9,226,11696,1.9,98.1,70,11852,0.6,99.4,1681,10241,14.1,85.9,359,11563,3,97
201920,Academic year,National,E92000001,England,Provisional,Disadvantage,Total,Total,All Pupils,Total,3.9 - 3A,2973,18174,14.1,85.9,541,20606,2.6,97.4,131,21016,0.6,99.4,4621,16526,21.9,78.1,902,20245,4.3,95.7
201920,Academic year,National,E92000001,England,Provisional,Disadvantage,Total,Total,All Pupils,Total,4.3 - 4C,8597,35938,19.3,80.7,2516,42019,5.6,94.4,654,43881,1.5,98.5,16722,27813,37.5,62.5,4062,40473,9.1,90.9
201920,Academic year,National,E92000001,England,Provisional,Disadvantage,Total,Total,All Pupils,Total,4.6 - 4B,22931,61472,27.2,72.8,10701,73702,12.7,87.3,3649,80754,4.3,95.7,50290,34113,59.6,40.4,19193,65210,22.7,77.3
201920,Academic year,National,E92000001,England,Provisional,Disadvantage,Total,Total,All Pupils,Total,4.9 - 4A,42943,70322,37.9,62.1,28784,84481,25.4,74.6,14775,98490,13,87,90412,22853,79.8,20.2,52912,60353,46.7,53.3
201920,Academic year,National,E92000001,England,Provisional,Disadvantage,Total,Total,All Pupils,Total,5.3 - 5C,58871,56656,51,49,48616,66911,42.1,57.9,34061,81466,29.5,70.5,107102,8425,92.7,7.3,86022,29505,74.5,25.5
201920,Academic year,National,E92000001,England,Provisional,Disadvantage,Total,Total,All Pupils,Total,5.6 - 5B,58771,35118,62.6,37.4,54753,39136,58.3,41.7,47445,46444,50.5,49.5,91885,2004,97.9,2.1,86378,7511,92,8
201920,Academic year,National,E92000001,England,Provisional,Disadvantage,Total,Total,All Pupils,Total,5.9 - 5A,13318,4664,74.1,25.9,13106,4876,72.9,27.1,12617,5365,70.2,29.8,17882,100,99.4,0.6,17680,302,98.3,1.7
201920,Academic year,National,E92000001,England,Provisional,SEN,Total,SEN Pupils,Total,Total,0.5 - W,1,2701,0,100,0,2702,0,100,0,2702,0,100,0,2702,0,100,0,2702,0,100
201920,Academic year,National,E92000001,England,Provisional,SEN,Total,SEN Pupils,Total,Total,1,5,1964,0.3,99.7,2,1967,0.1,99.9,1,1968,0.1,99.9,4,1965,0.2,99.8,1,1968,0.1,99.9
201920,Academic year,National,E92000001,England,Provisional,SEN,Total,SEN Pupils,Total,Total,2,284,10960,2.5,97.5,12,11232,0.1,99.9,3,11241,0,100,202,11042,1.8,98.2,27,11217,0.2,99.8
201920,Academic year,National,E92000001,England,Provisional,SEN,Total,SEN Pupils,Total,Total,3.3 - 3C,213,4315,4.7,95.3,8,4520,0.2,99.8,4,4524,0.1,99.9,261,4267,5.8,94.2,23,4505,0.5,99.5
201920,Academic year,National,E92000001,England,Provisional,SEN,Total,SEN Pupils,Total,Total,3.6 - 3B,329,5297,5.8,94.2,26,5600,0.5,99.5,5,5621,0.1,99.9,527,5099,9.4,90.6,82,5544,1.5,98.5
201920,Academic year,National,E92000001,England,Provisional,SEN,Total,SEN Pupils,Total,Total,3.9 - 3A,534,6862,7.2,92.8,65,7331,0.9,99.1,16,7380,0.2,99.8,1141,6255,15.4,84.6,176,7220,2.4,97.6
201920,Academic year,National,E92000001,England,Provisional,SEN,Total,SEN Pupils,Total,Total,4.3 - 4C,1047,9134,10.3,89.7,220,9961,2.2,97.8,56,10125,0.6,99.4,2628,7553,25.8,74.2,535,9646,5.3,94.7
201920,Academic year,National,E92000001,England,Provisional,SEN,Total,SEN Pupils,Total,Total,4.6 - 4B,1802,10448,14.7,85.3,647,11603,5.3,94.7,189,12061,1.5,98.5,4896,7354,40,60,1596,10654,13,87
201920,Academic year,National,E92000001,England,Provisional,SEN,Total,SEN Pupils,Total,Total,4.9 - 4A,2254,8682,20.6,79.4,1188,9748,10.9,89.1,511,10425,4.7,95.3,6422,4514,58.7,41.3,3023,7913,27.6,72.4
201920,Academic year,National,E92000001,England,Provisional,SEN,Total,SEN Pupils,Total,Total,5.3 - 5C,2221,5081,30.4,69.6,1596,5706,21.9,78.1,1023,6279,14,86,5630,1672,77.1,22.9,3839,3463,52.6,47.4
201920,Academic year,National,E92000001,England,Provisional,SEN,Total,SEN Pupils,Total,Total,5.6 - 5B,1805,2576,41.2,58.8,1599,2782,36.5,63.5,1292,3089,29.5,70.5,3935,446,89.8,10.2,3370,1011,76.9,23.1
201920,Academic year,National,E92000001,England,Provisional,SEN,Total,SEN Pupils,Total,Total,5.9 - 5A,334,280,54.4,45.6,313,301,51,49,291,323,47.4,52.6,587,27,95.6,4.4,562,52,91.5,8.5
201920,Academic year,National,E92000001,England,Provisional,SEN,Total,Non SEN Pupils,Total,Total,0.5 - W,8,34,19,81,4,38,9.5,90.5,2,40,4.8,95.2,5,37,11.9,88.1,3,39,7.1,92.9
201920,Academic year,National,E92000001,England,Provisional,SEN,Total,Non SEN Pupils,Total,Total,1,27,106,20.3,79.7,2,131,1.5,98.5,1,132,0.8,99.2,17,116,12.8,87.2,4,129,3,97
201920,Academic year,National,E92000001,England,Provisional,SEN,Total,Non SEN Pupils,Total,Total,2,714,2906,19.7,80.3,204,3416,5.6,94.4,98,3522,2.7,97.3,580,3040,16,84,240,3380,6.6,93.4
201920,Academic year,National,E92000001,England,Provisional,SEN,Total,Non SEN Pupils,Total,Total,3.3 - 3C,505,2894,14.9,85.1,80,3319,2.4,97.6,24,3375,0.7,99.3,454,2945,13.4,86.6,107,3292,3.1,96.9
201920,Academic year,National,E92000001,England,Provisional,SEN,Total,Non SEN Pupils,Total,Total,3.6 - 3B,999,5297,15.9,84.1,200,6096,3.2,96.8,65,6231,1,99,1154,5142,18.3,81.7,277,6019,4.4,95.6
201920,Academic year,National,E92000001,England,Provisional,SEN,Total,Non SEN Pupils,Total,Total,3.9 - 3A,2439,11312,17.7,82.3,476,13275,3.5,96.5,115,13636,0.8,99.2,3480,10271,25.3,74.7,726,13025,5.3,94.7
201920,Academic year,National,E92000001,England,Provisional,SEN,Total,Non SEN Pupils,Total,Total,4.3 - 4C,7550,26804,22,78,2296,32058,6.7,93.3,598,33756,1.7,98.3,14094,20260,41,59,3527,30827,10.3,89.7
201920,Academic year,National,E92000001,England,Provisional,SEN,Total,Non SEN Pupils,Total,Total,4.6 - 4B,21129,51024,29.3,70.7,10054,62099,13.9,86.1,3460,68693,4.8,95.2,45394,26759,62.9,37.1,17597,54556,24.4,75.6
201920,Academic year,National,E92000001,England,Provisional,SEN,Total,Non SEN Pupils,Total,Total,4.9 - 4A,40689,61640,39.8,60.2,27596,74733,27,73,14264,88065,13.9,86.1,83990,18339,82.1,17.9,49889,52440,48.8,51.2
201920,Academic year,National,E92000001,England,Provisional,SEN,Total,Non SEN Pupils,Total,Total,5.3 - 5C,56650,51575,52.3,47.7,47020,61205,43.4,56.6,33038,75187,30.5,69.5,101472,6753,93.8,6.2,82183,26042,75.9,24.1
201920,Academic year,National,E92000001,England,Provisional,SEN,Total,Non SEN Pupils,Total,Total,5.6 - 5B,56966,32542,63.6,36.4,53154,36354,59.4,40.6,46153,43355,51.6,48.4,87950,1558,98.3,1.7,83008,6500,92.7,7.3
201920,Academic year,National,E92000001,England,Provisional,SEN,Total,Non SEN Pupils,Total,Total,5.9 - 5A,12984,4384,74.8,25.2,12793,4575,73.7,26.3,12326,5042,71,29,17295,73,99.6,0.4,17118,250,98.6,1.4
201920,Academic year,National,E92000001,England,Provisional,SEN,Total,All Pupils,Total,Total,0.5 - W,9,2735,0.3,99.7,4,2740,0.1,99.9,2,2742,0.1,99.9,5,2739,0.2,99.8,3,2741,0.1,99.9
201920,Academic year,National,E92000001,England,Provisional,SEN,Total,All Pupils,Total,Total,1,32,2070,1.5,98.5,4,2098,0.2,99.8,2,2100,0.1,99.9,21,2081,1,99,5,2097,0.2,99.8
201920,Academic year,National,E92000001,England,Provisional,SEN,Total,All Pupils,Total,Total,2,998,13866,6.7,93.3,216,14648,1.5,98.5,101,14763,0.7,99.3,782,14082,5.3,94.7,267,14597,1.8,98.2
201920,Academic year,National,E92000001,England,Provisional,SEN,Total,All Pupils,Total,Total,3.3 - 3C,718,7209,9.1,90.9,88,7839,1.1,98.9,28,7899,0.4,99.6,715,7212,9,91,130,7797,1.6,98.4
201920,Academic year,National,E92000001,England,Provisional,SEN,Total,All Pupils,Total,Total,3.6 - 3B,1328,10594,11.1,88.9,226,11696,1.9,98.1,70,11852,0.6,99.4,1681,10241,14.1,85.9,359,11563,3,97
201920,Academic year,National,E92000001,England,Provisional,SEN,Total,All Pupils,Total,Total,3.9 - 3A,2973,18174,14.1,85.9,541,20606,2.6,97.4,131,21016,0.6,99.4,4621,16526,21.9,78.1,902,20245,4.3,95.7
201920,Academic year,National,E92000001,England,Provisional,SEN,Total,All Pupils,Total,Total,4.3 - 4C,8597,35938,19.3,80.7,2516,42019,5.6,94.4,654,43881,1.5,98.5,16722,27813,37.5,62.5,4062,40473,9.1,90.9
201920,Academic year,National,E92000001,England,Provisional,SEN,Total,All Pupils,Total,Total,4.6 - 4B,22931,61472,27.2,72.8,10701,73702,12.7,87.3,3649,80754,4.3,95.7,50290,34113,59.6,40.4,19193,65210,22.7,77.3
201920,Academic year,National,E92000001,England,Provisional,SEN,Total,All Pupils,Total,Total,4.9 - 4A,42943,70322,37.9,62.1,28784,84481,25.4,74.6,14775,98490,13,87,90412,22853,79.8,20.2,52912,60353,46.7,53.3
201920,Academic year,National,E92000001,England,Provisional,SEN,Total,All Pupils,Total,Total,5.3 - 5C,58871,56656,51,49,48616,66911,42.1,57.9,34061,81466,29.5,70.5,107102,8425,92.7,7.3,86022,29505,74.5,25.5
201920,Academic year,National,E92000001,England,Provisional,SEN,Total,All Pupils,Total,Total,5.6 - 5B,58771,35118,62.6,37.4,54753,39136,58.3,41.7,47445,46444,50.5,49.5,91885,2004,97.9,2.1,86378,7511,92,8
201920,Academic year,National,E92000001,England,Provisional,SEN,Total,All Pupils,Total,Total,5.9 - 5A,13318,4664,74.1,25.9,13106,4876,72.9,27.1,12617,5365,70.2,29.8,17882,100,99.4,0.6,17680,302,98.3,1.7
201920,Academic year,National,E92000001,England,Provisional,EAL,EAL Pupils,Total,Total,Total,0.5 - W,9,683,1.3,98.7,4,688,0.6,99.4,2,690,0.3,99.7,4,688,0.6,99.4,2,690,0.3,99.7
201920,Academic year,National,E92000001,England,Provisional,EAL,EAL Pupils,Total,Total,Total,1,31,432,6.7,93.3,3,460,0.6,99.4,1,462,0.2,99.8,19,444,4.1,95.9,4,459,0.9,99.1
201920,Academic year,National,E92000001,England,Provisional,EAL,EAL Pupils,Total,Total,Total,2,766,3077,19.9,80.1,204,3639,5.3,94.7,97,3746,2.5,97.5,607,3236,15.8,84.2,237,3606,6.2,93.8
201920,Academic year,National,E92000001,England,Provisional,EAL,EAL Pupils,Total,Total,Total,3.3 - 3C,400,1261,24.1,75.9,80,1581,4.8,95.2,28,1633,1.7,98.3,344,1317,20.7,79.3,106,1555,6.4,93.6
201920,Academic year,National,E92000001,England,Provisional,EAL,EAL Pupils,Total,Total,Total,3.6 - 3B,666,1693,28.2,71.8,163,2196,6.9,93.1,65,2294,2.8,97.2,691,1668,29.3,70.7,232,2127,9.8,90.2
201920,Academic year,National,E92000001,England,Provisional,EAL,EAL Pupils,Total,Total,Total,3.9 - 3A,1110,2496,30.8,69.2,315,3291,8.7,91.3,93,3513,2.6,97.4,1333,2273,37,63,424,3182,11.8,88.2
201920,Academic year,National,E92000001,England,Provisional,EAL,EAL Pupils,Total,Total,Total,4.3 - 4C,2691,4392,38,62,1007,6076,14.2,85.8,353,6730,5,95,3763,3320,53.1,46.9,1361,5722,19.2,80.8
201920,Academic year,National,E92000001,England,Provisional,EAL,EAL Pupils,Total,Total,Total,4.6 - 4B,6139,6909,47,53,3321,9727,25.5,74.5,1475,11573,11.3,88.7,9408,3640,72.1,27.9,4836,8212,37.1,62.9
201920,Academic year,National,E92000001,England,Provisional,EAL,EAL Pupils,Total,Total,Total,4.9 - 4A,9037,6787,57.1,42.9,6512,9312,41.2,58.8,3899,11925,24.6,75.4,13788,2036,87.1,12.9,9590,6234,60.6,39.4
201920,Academic year,National,E92000001,England,Provisional,EAL,EAL Pupils,Total,Total,Total,5.3 - 5C,9827,4970,66.4,33.6,8349,6448,56.4,43.6,6311,8486,42.7,57.3,14133,664,95.5,4.5,12218,2579,82.6,17.4
201920,Academic year,National,E92000001,England,Provisional,EAL,EAL Pupils,Total,Total,Total,5.6 - 5B,8343,2916,74.1,25.9,7878,3381,70,30,7133,4126,63.4,36.6,11136,123,98.9,1.1,10720,539,95.2,4.8
201920,Academic year,National,E92000001,England,Provisional,EAL,EAL Pupils,Total,Total,Total,5.9 - 5A,1600,400,80,20,1574,426,78.7,21.3,1527,473,76.3,23.6,1993,7,99.7,0.4,1978,22,98.9,1.1
201920,Academic year,National,E92000001,England,Provisional,EAL,Non EAL Pupils,Total,Total,Total,0.5 - W,0,2052,0,100,0,2052,0,100,0,2052,0,100,1,2051,0,100,1,2051,0,100
201920,Academic year,National,E92000001,England,Provisional,EAL,Non EAL Pupils,Total,Total,Total,1,1,1638,0.1,99.9,1,1638,0.1,99.9,1,1638,0.1,99.9,2,1637,0.1,99.9,1,1638,0.1,99.9
201920,Academic year,National,E92000001,England,Provisional,EAL,Non EAL Pupils,Total,Total,Total,2,232,10789,2.1,97.9,12,11009,0.1,99.9,4,11017,0,100,175,10846,1.6,98.4,30,10991,0.3,99.7
201920,Academic year,National,E92000001,England,Provisional,EAL,Non EAL Pupils,Total,Total,Total,3.3 - 3C,318,5948,5.1,94.9,8,6258,0.1,99.9,0,6266,0,100,371,5895,5.9,94.1,24,6242,0.4,99.6
201920,Academic year,National,E92000001,England,Provisional,EAL,Non EAL Pupils,Total,Total,Total,3.6 - 3B,662,8901,6.9,93.1,63,9500,0.7,99.3,5,9558,0.1,99.9,990,8573,10.4,89.6,127,9436,1.3,98.7
201920,Academic year,National,E92000001,England,Provisional,EAL,Non EAL Pupils,Total,Total,Total,3.9 - 3A,1863,15678,10.6,89.4,226,17315,1.3,98.7,38,17503,0.2,99.8,3288,14253,18.7,81.3,478,17063,2.7,97.3
201920,Academic year,National,E92000001,England,Provisional,EAL,Non EAL Pupils,Total,Total,Total,4.3 - 4C,5906,31546,15.8,84.2,1509,35943,4,96,301,37151,0.8,99.2,12959,24493,34.6,65.4,2701,34751,7.2,92.8
201920,Academic year,National,E92000001,England,Provisional,EAL,Non EAL Pupils,Total,Total,Total,4.6 - 4B,16792,54563,23.5,76.5,7380,63975,10.3,89.7,2174,69181,3,97,40882,30473,57.3,42.7,14357,56998,20.1,79.9
201920,Academic year,National,E92000001,England,Provisional,EAL,Non EAL Pupils,Total,Total,Total,4.9 - 4A,33906,63535,34.8,65.2,22272,75169,22.9,77.1,10876,86565,11.2,88.8,76624,20817,78.6,21.4,43322,54119,44.5,55.5
201920,Academic year,National,E92000001,England,Provisional,EAL,Non EAL Pupils,Total,Total,Total,5.3 - 5C,49044,51686,48.7,51.3,40267,60463,40,60,27750,72980,27.5,72.5,92969,7761,92.3,7.7,73804,26926,73.3,26.7
201920,Academic year,National,E92000001,England,Provisional,EAL,Non EAL Pupils,Total,Total,Total,5.6 - 5B,50428,32202,61,39,46875,35755,56.7,43.3,40312,42318,48.8,51.2,80749,1881,97.7,2.3,75658,6972,91.6,8.4
201920,Academic year,National,E92000001,England,Provisional,EAL,Non EAL Pupils,Total,Total,Total,5.9 - 5A,11718,4264,73.3,26.7,11532,4450,72.2,27.8,11090,4892,69.4,30.6,15889,93,99.4,0.6,15702,280,98.2,1.8
201920,Academic year,National,E92000001,England,Provisional,EAL,All Pupils,Total,Total,Total,0.5 - W,9,2735,0.3,99.7,4,2740,0.1,99.9,2,2742,0.1,99.9,5,2739,0.2,99.8,3,2741,0.1,99.9
201920,Academic year,National,E92000001,England,Provisional,EAL,All Pupils,Total,Total,Total,1,32,2070,1.5,98.5,4,2098,0.2,99.8,2,2100,0.1,99.9,21,2081,1,99,5,2097,0.2,99.8
201920,Academic year,National,E92000001,England,Provisional,EAL,All Pupils,Total,Total,Total,2,998,13866,6.7,93.3,216,14648,1.5,98.5,101,14763,0.7,99.3,782,14082,5.3,94.7,267,14597,1.8,98.2
201920,Academic year,National,E92000001,England,Provisional,EAL,All Pupils,Total,Total,Total,3.3 - 3C,718,7209,9.1,90.9,88,7839,1.1,98.9,28,7899,0.4,99.6,715,7212,9,91,130,7797,1.6,98.4
201920,Academic year,National,E92000001,England,Provisional,EAL,All Pupils,Total,Total,Total,3.6 - 3B,1328,10594,11.1,88.9,226,11696,1.9,98.1,70,11852,0.6,99.4,1681,10241,14.1,85.9,359,11563,3,97
201920,Academic year,National,E92000001,England,Provisional,EAL,All Pupils,Total,Total,Total,3.9 - 3A,2973,18174,14.1,85.9,541,20606,2.6,97.4,131,21016,0.6,99.4,4621,16526,21.9,78.1,902,20245,4.3,95.7
201920,Academic year,National,E92000001,England,Provisional,EAL,All Pupils,Total,Total,Total,4.3 - 4C,8597,35938,19.3,80.7,2516,42019,5.6,94.4,654,43881,1.5,98.5,16722,27813,37.5,62.5,4062,40473,9.1,90.9
201920,Academic year,National,E92000001,England,Provisional,EAL,All Pupils,Total,Total,Total,4.6 - 4B,22931,61472,27.2,72.8,10701,73702,12.7,87.3,3649,80754,4.3,95.7,50290,34113,59.6,40.4,19193,65210,22.7,77.3
201920,Academic year,National,E92000001,England,Provisional,EAL,All Pupils,Total,Total,Total,4.9 - 4A,42943,70322,37.9,62.1,28784,84481,25.4,74.6,14775,98490,13,87,90412,22853,79.8,20.2,52912,60353,46.7,53.3
201920,Academic year,National,E92000001,England,Provisional,EAL,All Pupils,Total,Total,Total,5.3 - 5C,58871,56656,51,49,48616,66911,42.1,57.9,34061,81466,29.5,70.5,107102,8425,92.7,7.3,86022,29505,74.5,25.5
201920,Academic year,National,E92000001,England,Provisional,EAL,All Pupils,Total,Total,Total,5.6 - 5B,58771,35118,62.6,37.4,54753,39136,58.3,41.7,47445,46444,50.5,49.5,91885,2004,97.9,2.1,86378,7511,92,8
201920,Academic year,National,E92000001,England,Provisional,EAL,All Pupils,Total,Total,Total,5.9 - 5A,13318,4664,74.1,25.9,13106,4876,72.9,27.1,12617,5365,70.2,29.8,17882,100,99.4,0.6,17680,302,98.3,1.7
